2026.06.04 15:00:34 WARN  Using H2 2.4.240 which is newer than the version Flyway has been verified with. The latest verified version of H2 is 2.3.232.
2026.06.04 15:00:35 INFO  no build target found for C:\Users\USER\Desktop\TIENDAS SALES\motor_scala\Estadisticas.scala. Using presentation compiler with project's scala-library version: 3.3.7
2026.06.04 15:00:35 WARN  scala-cli >= 0.1.3 not found in PATH, fetching and starting a JVM-based Scala CLI
2026.06.04 15:00:36 WARN  Could not find semantic tokens for: file:///C:/Users/USER/Desktop/TIENDAS%20SALES/motor_scala/Estadisticas.scala
2026.06.04 15:00:47 INFO  no build target found for C:\Users\USER\Desktop\TIENDAS SALES\motor_scala\Ranking.scala. Using presentation compiler with project's scala-library version: 3.3.7
2026.06.04 15:01:05 WARN  Could not find semantic tokens for: file:///C:/Users/USER/Desktop/TIENDAS%20SALES/motor_scala/Ranking.scala
2026.06.04 15:01:21 ERROR Error downloading Dependency(org.virtuslab.scala-cli:cli_3, 1.12.4, Configuration(), Set(), Publication(, Type(), Extension(), Classifier()), false, true)
coursier.error.FetchError$DownloadingArtifacts: Error fetching artifacts:
file:/C:/Users/USER/.m2/repository/com/github/luben/zstd-jni/1.5.7-4/zstd-jni-1.5.7-4.jar: not found: C:\Users\USER\.m2\repository\com\github\luben\zstd-jni\1.5.7-4\zstd-jni-1.5.7-4.jar
file:/C:/Users/USER/.m2/repository/org/codehaus/plexus/plexus-classworlds/2.6.0/plexus-classworlds-2.6.0.jar: not found: C:\Users\USER\.m2\repository\org\codehaus\plexus\plexus-classworlds\2.6.0\plexus-classworlds-2.6.0.jar

	at coursier.Artifacts$.$anonfun$fetchArtifacts$9(Artifacts.scala:505)
	at coursier.util.Task$.$anonfun$flatMap$extension$1(Task.scala:14)
	at coursier.util.Task$.$anonfun$flatMap$extension$1$adapted(Task.scala:14)
	at coursier.util.Task$.wrap(Task.scala:82)
	at coursier.util.Task$.$anonfun$flatMap$2(Task.scala:14)
	at scala.concurrent.impl.Promise$Transformation.run(Promise.scala:503)
	at java.util.concurrent.ThreadPoolExecutor.runWorker(ThreadPoolExecutor.java:1136)
	at java.util.concurrent.ThreadPoolExecutor$Worker.run(ThreadPoolExecutor.java:635)
	at java.lang.Thread.run(Thread.java:840)
Caused by: coursier.cache.ArtifactError$NotFound: not found: C:\Users\USER\.m2\repository\com\github\luben\zstd-jni\1.5.7-4\zstd-jni-1.5.7-4.jar
	at coursier.cache.internal.Downloader.$anonfun$checkFileExists$1(Downloader.scala:638)
	at scala.concurrent.Future$.$anonfun$apply$1(Future.scala:691)
	at scala.concurrent.impl.Promise$Transformation.run(Promise.scala:500)
	at java.util.concurrent.ThreadPoolExecutor.runWorker(ThreadPoolExecutor.java:1136)
	at java.util.concurrent.ThreadPoolExecutor$Worker.run(ThreadPoolExecutor.java:635)
	at java.lang.Thread.run(Thread.java:840)

2026.06.04 15:01:21 INFO  Using coursier binary at C:\Users\USER\.metals\cs.exe
2026.06.04 15:01:21 INFO  Running coursier with command C:\Users\USER\.metals\cs.exe, using it to fetch dependency
2026.06.04 15:01:21 ERROR Downloading https://repo1.maven.org/maven2/com/google/guava/guava/33.4.8-jre/guava-33.4.8-jre.pom
2026.06.04 15:01:21 ERROR Downloading https://repo1.maven.org/maven2/org/ow2/asm/asm/9.9.1/asm-9.9.1.pom
2026.06.04 15:01:21 ERROR Downloading https://repo1.maven.org/maven2/commons-io/commons-io/2.20.0/commons-io-2.20.0.pom
2026.06.04 15:01:21 ERROR Downloaded https://repo1.maven.org/maven2/com/google/guava/guava/33.4.8-jre/guava-33.4.8-jre.pom
2026.06.04 15:01:21 ERROR Downloaded https://repo1.maven.org/maven2/commons-io/commons-io/2.20.0/commons-io-2.20.0.pom
2026.06.04 15:01:21 ERROR Downloaded https://repo1.maven.org/maven2/org/ow2/asm/asm/9.9.1/asm-9.9.1.pom
2026.06.04 15:01:21 ERROR Downloading https://repo1.maven.org/maven2/org/apache/commons/commons-parent/85/commons-parent-85.pom
2026.06.04 15:01:21 ERROR Downloading https://repo1.maven.org/maven2/com/google/guava/guava-parent/33.4.8-jre/guava-parent-33.4.8-jre.pom
2026.06.04 15:01:21 ERROR Downloaded https://repo1.maven.org/maven2/org/apache/commons/commons-parent/85/commons-parent-85.pom
2026.06.04 15:01:21 ERROR Downloaded https://repo1.maven.org/maven2/com/google/guava/guava-parent/33.4.8-jre/guava-parent-33.4.8-jre.pom
2026.06.04 15:01:21 ERROR Downloading https://repo1.maven.org/maven2/org/apache/apache/35/apache-35.pom
2026.06.04 15:01:21 ERROR Downloaded https://repo1.maven.org/maven2/org/apache/apache/35/apache-35.pom
2026.06.04 15:01:21 ERROR Downloading https://repo1.maven.org/maven2/org/junit/junit-bom/5.13.1/junit-bom-5.13.1.pom
2026.06.04 15:01:21 ERROR Downloaded https://repo1.maven.org/maven2/org/junit/junit-bom/5.13.1/junit-bom-5.13.1.pom
2026.06.04 15:01:21 ERROR Downloading https://repo1.maven.org/maven2/org/apache/commons/commons-parent/66/commons-parent-66.pom
2026.06.04 15:01:21 ERROR Downloaded https://repo1.maven.org/maven2/org/apache/commons/commons-parent/66/commons-parent-66.pom
2026.06.04 15:01:21 ERROR Downloading https://repo1.maven.org/maven2/org/apache/apache/31/apache-31.pom
2026.06.04 15:01:21 ERROR Downloaded https://repo1.maven.org/maven2/org/apache/apache/31/apache-31.pom
2026.06.04 15:01:21 ERROR Downloading https://repo1.maven.org/maven2/org/junit/junit-bom/5.10.1/junit-bom-5.10.1.pom
2026.06.04 15:01:21 ERROR Downloaded https://repo1.maven.org/maven2/org/junit/junit-bom/5.10.1/junit-bom-5.10.1.pom
2026.06.04 15:01:21 ERROR Downloading https://repo1.maven.org/maven2/org/apache/commons/commons-lang3/3.14.0/commons-lang3-3.14.0.pom
2026.06.04 15:01:21 ERROR Downloading https://repo1.maven.org/maven2/org/apache/httpcomponents/httpclient/4.5.13/httpclient-4.5.13.pom
2026.06.04 15:01:21 ERROR Downloaded https://repo1.maven.org/maven2/org/apache/httpcomponents/httpclient/4.5.13/httpclient-4.5.13.pom
2026.06.04 15:01:21 ERROR Downloaded https://repo1.maven.org/maven2/org/apache/commons/commons-lang3/3.14.0/commons-lang3-3.14.0.pom
2026.06.04 15:01:21 ERROR Downloading https://repo1.maven.org/maven2/org/apache/commons/commons-parent/64/commons-parent-64.pom
2026.06.04 15:01:21 ERROR Downloading https://repo1.maven.org/maven2/org/apache/httpcomponents/httpcomponents-client/4.5.13/httpcomponents-client-4.5.13.pom
2026.06.04 15:01:22 ERROR Downloaded https://repo1.maven.org/maven2/org/apache/httpcomponents/httpcomponents-client/4.5.13/httpcomponents-client-4.5.13.pom
2026.06.04 15:01:22 ERROR Downloaded https://repo1.maven.org/maven2/org/apache/commons/commons-parent/64/commons-parent-64.pom
2026.06.04 15:01:22 ERROR Downloading https://repo1.maven.org/maven2/org/apache/apache/30/apache-30.pom
2026.06.04 15:01:22 ERROR Downloading https://repo1.maven.org/maven2/org/apache/httpcomponents/httpcomponents-parent/11/httpcomponents-parent-11.pom
2026.06.04 15:01:22 ERROR Downloaded https://repo1.maven.org/maven2/org/apache/apache/30/apache-30.pom
2026.06.04 15:01:22 ERROR Downloaded https://repo1.maven.org/maven2/org/apache/httpcomponents/httpcomponents-parent/11/httpcomponents-parent-11.pom
2026.06.04 15:01:22 ERROR Downloading https://repo1.maven.org/maven2/org/apache/apache/21/apache-21.pom
2026.06.04 15:01:22 ERROR Downloaded https://repo1.maven.org/maven2/org/apache/apache/21/apache-21.pom
2026.06.04 15:01:22 ERROR Downloading https://repo1.maven.org/maven2/org/junit/junit-bom/5.10.0/junit-bom-5.10.0.pom
2026.06.04 15:01:22 ERROR Downloaded https://repo1.maven.org/maven2/org/junit/junit-bom/5.10.0/junit-bom-5.10.0.pom
2026.06.04 15:01:22 ERROR Downloading https://repo1.maven.org/maven2/com/google/code/gson/gson/maven-metadata.xml
2026.06.04 15:01:22 ERROR Downloading https://repo1.maven.org/maven2/commons-logging/commons-logging/1.2/commons-logging-1.2.pom
2026.06.04 15:01:22 ERROR Downloaded https://repo1.maven.org/maven2/com/google/code/gson/gson/maven-metadata.xml
2026.06.04 15:01:22 ERROR Downloaded https://repo1.maven.org/maven2/commons-logging/commons-logging/1.2/commons-logging-1.2.pom
2026.06.04 15:01:22 ERROR Downloading https://repo1.maven.org/maven2/com/google/code/gson/gson/2.10.1/gson-2.10.1.pom
2026.06.04 15:01:22 ERROR Downloaded https://repo1.maven.org/maven2/com/google/code/gson/gson/2.10.1/gson-2.10.1.pom
2026.06.04 15:01:22 ERROR Downloading https://repo1.maven.org/maven2/org/apache/commons/commons-parent/91/commons-parent-91.pom
2026.06.04 15:01:22 ERROR Downloading https://repo1.maven.org/maven2/com/google/code/gson/gson-parent/2.10.1/gson-parent-2.10.1.pom
2026.06.04 15:01:22 ERROR Downloaded https://repo1.maven.org/maven2/org/apache/commons/commons-parent/91/commons-parent-91.pom
2026.06.04 15:01:22 ERROR Downloaded https://repo1.maven.org/maven2/com/google/code/gson/gson-parent/2.10.1/gson-parent-2.10.1.pom
2026.06.04 15:01:22 ERROR Downloading https://repo1.maven.org/maven2/org/apache/commons/commons-parent/34/commons-parent-34.pom
2026.06.04 15:01:22 ERROR Downloaded https://repo1.maven.org/maven2/org/apache/commons/commons-parent/34/commons-parent-34.pom
2026.06.04 15:01:22 ERROR Downloading https://repo1.maven.org/maven2/org/apache/apache/13/apache-13.pom
2026.06.04 15:01:22 ERROR Downloaded https://repo1.maven.org/maven2/org/apache/apache/13/apache-13.pom
2026.06.04 15:01:22 ERROR Downloading https://repo1.maven.org/maven2/net/java/dev/jna/jna/5.17.0/jna-5.17.0.pom
2026.06.04 15:01:22 ERROR Downloading https://repo1.maven.org/maven2/com/github/luben/zstd-jni/1.5.7-4/zstd-jni-1.5.7-4.pom
2026.06.04 15:01:22 ERROR Downloaded https://repo1.maven.org/maven2/com/github/luben/zstd-jni/1.5.7-4/zstd-jni-1.5.7-4.pom
2026.06.04 15:01:22 ERROR Downloaded https://repo1.maven.org/maven2/net/java/dev/jna/jna/5.17.0/jna-5.17.0.pom
2026.06.04 15:01:22 ERROR Downloading https://repo1.maven.org/maven2/org/codehaus/plexus/plexus-containers/2.1.1/plexus-containers-2.1.1.pom
2026.06.04 15:01:22 ERROR Downloading https://repo1.maven.org/maven2/org/codehaus/plexus/plexus/23/plexus-23.pom
2026.06.04 15:01:22 ERROR Downloaded https://repo1.maven.org/maven2/org/codehaus/plexus/plexus/23/plexus-23.pom
2026.06.04 15:01:22 ERROR Downloaded https://repo1.maven.org/maven2/org/codehaus/plexus/plexus-containers/2.1.1/plexus-containers-2.1.1.pom
2026.06.04 15:01:22 ERROR Downloading https://repo1.maven.org/maven2/org/codehaus/plexus/plexus/6.5/plexus-6.5.pom
2026.06.04 15:01:22 ERROR Downloading https://repo1.maven.org/maven2/org/testcontainers/testcontainers-bom/1.21.3/testcontainers-bom-1.21.3.pom
2026.06.04 15:01:22 ERROR Downloaded https://repo1.maven.org/maven2/org/codehaus/plexus/plexus/6.5/plexus-6.5.pom
2026.06.04 15:01:22 ERROR Downloaded https://repo1.maven.org/maven2/org/testcontainers/testcontainers-bom/1.21.3/testcontainers-bom-1.21.3.pom
2026.06.04 15:01:23 ERROR Downloading https://repo1.maven.org/maven2/org/codehaus/plexus/plexus-utils/4.0.2/plexus-utils-4.0.2.pom
2026.06.04 15:01:23 ERROR Downloading https://repo1.maven.org/maven2/io/airlift/aircompressor/0.27/aircompressor-0.27.pom
2026.06.04 15:01:23 ERROR Downloading https://repo1.maven.org/maven2/org/codehaus/plexus/plexus-classworlds/2.6.0/plexus-classworlds-2.6.0.pom
2026.06.04 15:01:23 ERROR Downloading https://repo1.maven.org/maven2/org/tukaani/xz/1.10/xz-1.10.pom
2026.06.04 15:01:23 ERROR Downloading https://repo1.maven.org/maven2/org/apache/commons/commons-compress/1.28.0/commons-compress-1.28.0.pom
2026.06.04 15:01:23 ERROR Downloading https://repo1.maven.org/maven2/javax/inject/javax.inject/1/javax.inject-1.pom
2026.06.04 15:01:23 ERROR Downloaded https://repo1.maven.org/maven2/io/airlift/aircompressor/0.27/aircompressor-0.27.pom
2026.06.04 15:01:23 ERROR Downloading https://repo1.maven.org/maven2/org/codehaus/plexus/plexus-io/3.5.1/plexus-io-3.5.1.pom
2026.06.04 15:01:23 ERROR Downloaded https://repo1.maven.org/maven2/org/codehaus/plexus/plexus-utils/4.0.2/plexus-utils-4.0.2.pom
2026.06.04 15:01:23 ERROR Downloaded https://repo1.maven.org/maven2/org/codehaus/plexus/plexus-io/3.5.1/plexus-io-3.5.1.pom
2026.06.04 15:01:23 ERROR Downloaded https://repo1.maven.org/maven2/org/codehaus/plexus/plexus-classworlds/2.6.0/plexus-classworlds-2.6.0.pom
2026.06.04 15:01:23 ERROR Downloaded https://repo1.maven.org/maven2/org/tukaani/xz/1.10/xz-1.10.pom
2026.06.04 15:01:23 ERROR Downloaded https://repo1.maven.org/maven2/org/apache/commons/commons-compress/1.28.0/commons-compress-1.28.0.pom
2026.06.04 15:01:23 ERROR Downloaded https://repo1.maven.org/maven2/javax/inject/javax.inject/1/javax.inject-1.pom
2026.06.04 15:01:23 ERROR Downloading https://repo1.maven.org/maven2/org/codehaus/plexus/plexus/18/plexus-18.pom
2026.06.04 15:01:23 ERROR Downloading https://repo1.maven.org/maven2/io/airlift/airbase/112/airbase-112.pom
2026.06.04 15:01:23 ERROR Downloaded https://repo1.maven.org/maven2/org/codehaus/plexus/plexus/18/plexus-18.pom
2026.06.04 15:01:23 ERROR Downloaded https://repo1.maven.org/maven2/io/airlift/airbase/112/airbase-112.pom
2026.06.04 15:01:23 ERROR Downloading https://repo1.maven.org/maven2/org/codehaus/plexus/plexus/5.1/plexus-5.1.pom
2026.06.04 15:01:23 ERROR Downloaded https://repo1.maven.org/maven2/org/codehaus/plexus/plexus/5.1/plexus-5.1.pom
2026.06.04 15:01:23 ERROR Downloading https://repo1.maven.org/maven2/org/junit/junit-bom/5.8.0-M1/junit-bom-5.8.0-M1.pom
2026.06.04 15:01:23 ERROR Downloaded https://repo1.maven.org/maven2/org/junit/junit-bom/5.8.0-M1/junit-bom-5.8.0-M1.pom
2026.06.04 15:01:23 ERROR Downloading https://repo1.maven.org/maven2/org/apache/apache/6/apache-6.pom
2026.06.04 15:01:23 ERROR Downloaded https://repo1.maven.org/maven2/org/apache/apache/6/apache-6.pom
2026.06.04 15:01:23 ERROR Downloading https://repo1.maven.org/maven2/org/codehaus/plexus/plexus-io/3.5.1/plexus-io-3.5.1.jar
2026.06.04 15:01:23 ERROR Downloading https://repo1.maven.org/maven2/org/codehaus/plexus/plexus-classworlds/2.6.0/plexus-classworlds-2.6.0.jar
2026.06.04 15:01:23 ERROR Downloading https://repo1.maven.org/maven2/org/ow2/asm/asm/9.9.1/asm-9.9.1.jar
2026.06.04 15:01:23 ERROR Downloading https://repo1.maven.org/maven2/commons-io/commons-io/2.20.0/commons-io-2.20.0.jar
2026.06.04 15:01:23 ERROR Downloading https://repo1.maven.org/maven2/com/github/luben/zstd-jni/1.5.7-4/zstd-jni-1.5.7-4.jar
2026.06.04 15:01:23 ERROR Downloading https://repo1.maven.org/maven2/commons-logging/commons-logging/1.2/commons-logging-1.2.jar
2026.06.04 15:01:23 ERROR Downloaded https://repo1.maven.org/maven2/org/codehaus/plexus/plexus-classworlds/2.6.0/plexus-classworlds-2.6.0.jar
2026.06.04 15:01:23 ERROR Downloading https://repo1.maven.org/maven2/org/apache/httpcomponents/httpclient/4.5.13/httpclient-4.5.13.jar
2026.06.04 15:01:24 ERROR Downloaded https://repo1.maven.org/maven2/org/codehaus/plexus/plexus-io/3.5.1/plexus-io-3.5.1.jar
2026.06.04 15:01:24 ERROR Downloading https://repo1.maven.org/maven2/javax/inject/javax.inject/1/javax.inject-1.jar
2026.06.04 15:01:24 ERROR Downloaded https://repo1.maven.org/maven2/javax/inject/javax.inject/1/javax.inject-1.jar
2026.06.04 15:01:24 ERROR Downloading https://repo1.maven.org/maven2/io/airlift/aircompressor/0.27/aircompressor-0.27.jar
2026.06.04 15:01:24 ERROR Downloaded https://repo1.maven.org/maven2/commons-logging/commons-logging/1.2/commons-logging-1.2.jar
2026.06.04 15:01:24 ERROR Downloading https://repo1.maven.org/maven2/com/google/code/gson/gson/2.10.1/gson-2.10.1.jar
2026.06.04 15:01:24 ERROR Downloaded https://repo1.maven.org/maven2/org/ow2/asm/asm/9.9.1/asm-9.9.1.jar
2026.06.04 15:01:24 ERROR Downloading https://repo1.maven.org/maven2/org/apache/commons/commons-compress/1.28.0/commons-compress-1.28.0.jar
2026.06.04 15:01:24 ERROR Downloaded https://repo1.maven.org/maven2/io/airlift/aircompressor/0.27/aircompressor-0.27.jar
2026.06.04 15:01:24 ERROR Downloading https://repo1.maven.org/maven2/org/tukaani/xz/1.10/xz-1.10.jar
2026.06.04 15:01:25 ERROR Downloaded https://repo1.maven.org/maven2/org/tukaani/xz/1.10/xz-1.10.jar
2026.06.04 15:01:25 ERROR Downloading https://repo1.maven.org/maven2/net/java/dev/jna/jna/5.17.0/jna-5.17.0.jar
2026.06.04 15:01:25 ERROR Downloaded https://repo1.maven.org/maven2/org/apache/httpcomponents/httpclient/4.5.13/httpclient-4.5.13.jar
2026.06.04 15:01:25 ERROR Downloading https://repo1.maven.org/maven2/org/codehaus/plexus/plexus-utils/4.0.2/plexus-utils-4.0.2.jar
2026.06.04 15:01:25 ERROR Downloaded https://repo1.maven.org/maven2/commons-io/commons-io/2.20.0/commons-io-2.20.0.jar
2026.06.04 15:01:25 ERROR Downloaded https://repo1.maven.org/maven2/org/codehaus/plexus/plexus-utils/4.0.2/plexus-utils-4.0.2.jar
2026.06.04 15:01:27 ERROR Downloaded https://repo1.maven.org/maven2/com/google/code/gson/gson/2.10.1/gson-2.10.1.jar
2026.06.04 15:01:27 ERROR Downloaded https://repo1.maven.org/maven2/net/java/dev/jna/jna/5.17.0/jna-5.17.0.jar
2026.06.04 15:01:28 ERROR Downloaded https://repo1.maven.org/maven2/org/apache/commons/commons-compress/1.28.0/commons-compress-1.28.0.jar
2026.06.04 15:01:31 ERROR Unexpected error initializing server: 
java.util.concurrent.TimeoutException: Future timed out after [10 seconds]
	at scala.concurrent.Future$.timeoutError(Future.scala:581)
	at scala.concurrent.impl.Promise$DefaultPromise.tryAwait0(Promise.scala:258)
	at scala.concurrent.impl.Promise$DefaultPromise.result(Promise.scala:271)
	at scala.concurrent.Await$.$anonfun$result$1(package.scala:208)
	at scala.concurrent.BlockContext$DefaultBlockContext$.blockOn(BlockContext.scala:62)
	at scala.concurrent.Await$.result(package.scala:125)
	at scala.meta.internal.builds.ShellRunner$.runSync(ShellRunner.scala:166)
	at scala.meta.internal.metals.Embedded$.fallbackDownload(Embedded.scala:735)
	at scala.meta.internal.metals.Embedded$.downloadDependency(Embedded.scala:437)
	at scala.meta.internal.metals.scalacli.ScalaCli$.scalaCliClassPath(ScalaCli.scala:296)
	at scala.meta.internal.metals.scalacli.ScalaCli$.jvmBased(ScalaCli.scala:324)
	at scala.meta.internal.metals.scalacli.ScalaCliServers.$anonfun$cliCommand$1(ScalaCliServers.scala:93)
	at scala.Option.getOrElse(Option.scala:201)
	at scala.meta.internal.metals.scalacli.ScalaCliServers.cliCommand$lzycompute(ScalaCliServers.scala:89)
	at scala.meta.internal.metals.scalacli.ScalaCliServers.cliCommand(ScalaCliServers.scala:88)
	at scala.meta.internal.metals.scalacli.ScalaCliServers.start(ScalaCliServers.scala:167)
	at scala.meta.internal.metals.scalacli.ScalaCliServers.$anonfun$setupIDE$5(ScalaCliServers.scala:84)
	at scala.Option.getOrElse(Option.scala:201)
	at scala.meta.internal.metals.scalacli.ScalaCliServers.setupIDE(ScalaCliServers.scala:84)
	at scala.meta.internal.metals.ProjectMetalsLspService.maybeSetupScalaCli(ProjectMetalsLspService.scala:391)
	at scala.meta.internal.metals.ProjectMetalsLspService.$anonfun$onInitialized$1(ProjectMetalsLspService.scala:402)
	at scala.meta.internal.metals.ConnectionProvider.withWillGenerateBspConfig(ConnectionProvider.scala:78)
	at scala.meta.internal.metals.ProjectMetalsLspService.onInitialized(ProjectMetalsLspService.scala:402)
	at scala.meta.internal.metals.MetalsLspService.$anonfun$initialized$1(MetalsLspService.scala:690)
	at scala.concurrent.impl.Promise$Transformation.run(Promise.scala:503)
	at java.util.concurrent.ThreadPoolExecutor.runWorker(ThreadPoolExecutor.java:1136)
	at java.util.concurrent.ThreadPoolExecutor$Worker.run(ThreadPoolExecutor.java:635)
	at java.lang.Thread.run(Thread.java:840)

2026.06.04 15:01:33 ERROR Downloaded https://repo1.maven.org/maven2/com/github/luben/zstd-jni/1.5.7-4/zstd-jni-1.5.7-4.jar
2026.06.04 15:01:47 INFO  no build target found for C:\Users\USER\Desktop\TIENDAS SALES\motor_scala\Ranking.scala. Using presentation compiler with project's scala-library version: 3.3.7
jun. 04, 2026 3:06:31 P. M. org.eclipse.lsp4j.jsonrpc.services.GenericEndpoint notify
INFORMACIÓN: Unsupported notification method: $/setTrace
2026.06.04 15:07:24 WARN  no build target for: C:\Users\USER\Desktop\TIENDAS SALES\motor_scala\Estadisticas.scala
2026.06.04 15:07:24 INFO  no build target found for C:\Users\USER\Desktop\TIENDAS SALES\motor_scala\Estadisticas.scala. Using presentation compiler with project's scala-library version: 3.3.7
2026.06.04 15:07:24 WARN  Could not find semantic tokens for: file:///C:/Users/USER/Desktop/TIENDAS%20SALES/motor_scala/Estadisticas.scala
2026.06.04 15:07:24 INFO  no build target found for C:\Users\USER\Desktop\TIENDAS SALES\motor_scala\Estadisticas.scala. Using presentation compiler with project's scala-library version: 3.3.7
2026.06.04 15:07:24 INFO  no build target found for C:\Users\USER\Desktop\TIENDAS SALES\motor_scala\Estadisticas.scala. Using presentation compiler with project's scala-library version: 3.3.7
2026.06.04 15:07:26 INFO  no build target found for C:\Users\USER\Desktop\TIENDAS SALES\motor_scala\Estadisticas.scala. Using presentation compiler with project's scala-library version: 3.3.7
2026.06.04 15:07:31 INFO  no build target found for C:\Users\USER\Desktop\TIENDAS SALES\motor_scala\Ranking.scala. Using presentation compiler with project's scala-library version: 3.3.7
2026.06.04 15:07:31 WARN  Could not find semantic tokens for: file:///C:/Users/USER/Desktop/TIENDAS%20SALES/motor_scala/Ranking.scala
2026.06.04 15:07:32 INFO  no build target found for C:\Users\USER\Desktop\TIENDAS SALES\motor_scala\Ranking.scala. Using presentation compiler with project's scala-library version: 3.3.7
2026.06.04 15:07:32 INFO  no build target found for C:\Users\USER\Desktop\TIENDAS SALES\motor_scala\Ranking.scala. Using presentation compiler with project's scala-library version: 3.3.7
2026.06.04 15:07:31 INFO  no build target found for C:\Users\USER\Desktop\TIENDAS SALES\motor_scala\Ranking.scala. Using presentation compiler with project's scala-library version: 3.3.7
jun. 04, 2026 3:07:58 P. M. org.eclipse.lsp4j.jsonrpc.services.GenericEndpoint notify
INFORMACIÓN: Unsupported notification method: $/setTrace
jun. 04, 2026 3:08:48 P. M. org.eclipse.lsp4j.jsonrpc.services.GenericEndpoint notify
INFORMACIÓN: Unsupported notification method: $/setTrace
jun. 04, 2026 3:11:14 P. M. org.eclipse.lsp4j.jsonrpc.services.GenericEndpoint notify
INFORMACIÓN: Unsupported notification method: $/setTrace
2026.06.04 15:15:31 WARN  no build target for: C:\Users\USER\Desktop\TIENDAS SALES\motor_scala\Ranking.scala
2026.06.04 15:15:31 INFO  no build target found for C:\Users\USER\Desktop\TIENDAS SALES\motor_scala\Ranking.scala. Using presentation compiler with project's scala-library version: 3.3.7
2026.06.04 15:15:31 WARN  no build target for: C:\Users\USER\Desktop\TIENDAS SALES\motor_scala\Estadisticas.scala
2026.06.04 15:15:31 INFO  no build target found for C:\Users\USER\Desktop\TIENDAS SALES\motor_scala\Estadisticas.scala. Using presentation compiler with project's scala-library version: 3.3.7
jun. 04, 2026 3:15:42 P. M. org.eclipse.lsp4j.jsonrpc.services.GenericEndpoint notify
INFORMACIÓN: Unsupported notification method: $/setTrace
jun. 04, 2026 3:16:20 P. M. org.eclipse.lsp4j.jsonrpc.services.GenericEndpoint notify
INFORMACIÓN: Unsupported notification method: $/setTrace
2026.06.04 15:20:21 INFO  no build target found for C:\Users\USER\Desktop\TIENDAS SALES\motor_scala\Estadisticas.scala. Using presentation compiler with project's scala-library version: 3.3.7
2026.06.04 15:20:21 WARN  no build target for: C:\Users\USER\Desktop\TIENDAS SALES\motor_scala\Estadisticas.scala
2026.06.04 15:20:21 INFO  no build target found for C:\Users\USER\Desktop\TIENDAS SALES\motor_scala\Estadisticas.scala. Using presentation compiler with project's scala-library version: 3.3.7
2026.06.04 15:20:21 INFO  no build target found for C:\Users\USER\Desktop\TIENDAS SALES\motor_scala\Estadisticas.scala. Using presentation compiler with project's scala-library version: 3.3.7
2026.06.04 15:20:21 INFO  no build target found for C:\Users\USER\Desktop\TIENDAS SALES\motor_scala\Estadisticas.scala. Using presentation compiler with project's scala-library version: 3.3.7
2026.06.04 15:20:21 INFO  no build target found for C:\Users\USER\Desktop\TIENDAS SALES\motor_scala\Ranking.scala. Using presentation compiler with project's scala-library version: 3.3.7
2026.06.04 15:20:21 WARN  no build target for: C:\Users\USER\Desktop\TIENDAS SALES\motor_scala\Ranking.scala
2026.06.04 15:20:21 INFO  no build target found for C:\Users\USER\Desktop\TIENDAS SALES\motor_scala\Ranking.scala. Using presentation compiler with project's scala-library version: 3.3.7
2026.06.04 15:20:21 INFO  no build target found for C:\Users\USER\Desktop\TIENDAS SALES\motor_scala\Ranking.scala. Using presentation compiler with project's scala-library version: 3.3.7
2026.06.04 15:20:21 INFO  no build target found for C:\Users\USER\Desktop\TIENDAS SALES\motor_scala\Ranking.scala. Using presentation compiler with project's scala-library version: 3.3.7
2026.06.04 15:20:22 INFO  no build target found for C:\Users\USER\Desktop\TIENDAS SALES\motor_scala\Ranking.scala. Using presentation compiler with project's scala-library version: 3.3.7
2026.06.04 15:20:22 INFO  no build target found for C:\Users\USER\Desktop\TIENDAS SALES\motor_scala\Ranking.scala. Using presentation compiler with project's scala-library version: 3.3.7
2026.06.04 15:20:23 INFO  no build target found for C:\Users\USER\Desktop\TIENDAS SALES\motor_scala\Ranking.scala. Using presentation compiler with project's scala-library version: 3.3.7
2026.06.04 15:20:22 INFO  no build target found for C:\Users\USER\Desktop\TIENDAS SALES\motor_scala\Ranking.scala. Using presentation compiler with project's scala-library version: 3.3.7
2026.06.04 15:20:23 INFO  no build target found for C:\Users\USER\Desktop\TIENDAS SALES\motor_scala\Ranking.scala. Using presentation compiler with project's scala-library version: 3.3.7
2026.06.04 15:20:23 INFO  no build target found for C:\Users\USER\Desktop\TIENDAS SALES\motor_scala\Ranking.scala. Using presentation compiler with project's scala-library version: 3.3.7
2026.06.04 15:20:30 INFO  no build target found for C:\Users\USER\Desktop\TIENDAS SALES\motor_scala\Ranking.scala. Using presentation compiler with project's scala-library version: 3.3.7
2026.06.04 15:20:32 WARN  no build target for: C:\Users\USER\Desktop\TIENDAS SALES\motor_scala\Ranking.scala
2026.06.04 15:20:32 INFO  no build target found for C:\Users\USER\Desktop\TIENDAS SALES\motor_scala\Ranking.scala. Using presentation compiler with project's scala-library version: 3.3.7
2026.06.04 15:20:32 INFO  no build target found for C:\Users\USER\Desktop\TIENDAS SALES\motor_scala\Ranking.scala. Using presentation compiler with project's scala-library version: 3.3.7
2026.06.04 15:20:32 INFO  no build target found for C:\Users\USER\Desktop\TIENDAS SALES\motor_scala\Ranking.scala. Using presentation compiler with project's scala-library version: 3.3.7
2026.06.04 15:21:12 INFO  no build target found for C:\Users\USER\Desktop\TIENDAS SALES\motor_scala\Ranking.scala. Using presentation compiler with project's scala-library version: 3.3.7
2026.06.04 15:21:12 WARN  no build target for: C:\Users\USER\Desktop\TIENDAS SALES\motor_scala\Ranking.scala
2026.06.04 15:21:12 INFO  no build target found for C:\Users\USER\Desktop\TIENDAS SALES\motor_scala\Ranking.scala. Using presentation compiler with project's scala-library version: 3.3.7
2026.06.04 15:21:12 INFO  no build target found for C:\Users\USER\Desktop\TIENDAS SALES\motor_scala\Ranking.scala. Using presentation compiler with project's scala-library version: 3.3.7
2026.06.04 15:21:12 INFO  no build target found for C:\Users\USER\Desktop\TIENDAS SALES\motor_scala\Ranking.scala. Using presentation compiler with project's scala-library version: 3.3.7
2026.06.04 15:21:12 INFO  no build target found for C:\Users\USER\Desktop\TIENDAS SALES\motor_scala\Estadisticas.scala. Using presentation compiler with project's scala-library version: 3.3.7
2026.06.04 15:21:12 WARN  no build target for: C:\Users\USER\Desktop\TIENDAS SALES\motor_scala\Estadisticas.scala
2026.06.04 15:21:12 INFO  no build target found for C:\Users\USER\Desktop\TIENDAS SALES\motor_scala\Estadisticas.scala. Using presentation compiler with project's scala-library version: 3.3.7
2026.06.04 15:21:12 INFO  no build target found for C:\Users\USER\Desktop\TIENDAS SALES\motor_scala\Estadisticas.scala. Using presentation compiler with project's scala-library version: 3.3.7
2026.06.04 15:21:12 INFO  no build target found for C:\Users\USER\Desktop\TIENDAS SALES\motor_scala\Estadisticas.scala. Using presentation compiler with project's scala-library version: 3.3.7
2026.06.04 15:21:18 INFO  no build target found for C:\Users\USER\Desktop\TIENDAS SALES\motor_scala\Estadisticas.scala. Using presentation compiler with project's scala-library version: 3.3.7
2026.06.04 15:21:18 WARN  no build target for: C:\Users\USER\Desktop\TIENDAS SALES\motor_scala\Estadisticas.scala
2026.06.04 15:21:18 INFO  no build target found for C:\Users\USER\Desktop\TIENDAS SALES\motor_scala\Estadisticas.scala. Using presentation compiler with project's scala-library version: 3.3.7
2026.06.04 15:21:18 INFO  no build target found for C:\Users\USER\Desktop\TIENDAS SALES\motor_scala\Estadisticas.scala. Using presentation compiler with project's scala-library version: 3.3.7
2026.06.04 15:21:18 INFO  no build target found for C:\Users\USER\Desktop\TIENDAS SALES\motor_scala\Estadisticas.scala. Using presentation compiler with project's scala-library version: 3.3.7
2026.06.04 15:21:28 INFO  no build target found for C:\Users\USER\Desktop\TIENDAS SALES\motor_scala\Ranking.scala. Using presentation compiler with project's scala-library version: 3.3.7
2026.06.04 15:21:28 WARN  no build target for: C:\Users\USER\Desktop\TIENDAS SALES\motor_scala\Ranking.scala
2026.06.04 15:21:28 INFO  no build target found for C:\Users\USER\Desktop\TIENDAS SALES\motor_scala\Ranking.scala. Using presentation compiler with project's scala-library version: 3.3.7
2026.06.04 15:21:28 INFO  no build target found for C:\Users\USER\Desktop\TIENDAS SALES\motor_scala\Ranking.scala. Using presentation compiler with project's scala-library version: 3.3.7
2026.06.04 15:21:28 INFO  no build target found for C:\Users\USER\Desktop\TIENDAS SALES\motor_scala\Ranking.scala. Using presentation compiler with project's scala-library version: 3.3.7
2026.06.04 15:21:28 INFO  no build target found for C:\Users\USER\Desktop\TIENDAS SALES\motor_scala\Ranking.scala. Using presentation compiler with project's scala-library version: 3.3.7
2026.06.04 15:21:28 INFO  no build target found for C:\Users\USER\Desktop\TIENDAS SALES\motor_scala\Ranking.scala. Using presentation compiler with project's scala-library version: 3.3.7
2026.06.04 15:21:30 INFO  no build target found for C:\Users\USER\Desktop\TIENDAS SALES\motor_scala\Ranking.scala. Using presentation compiler with project's scala-library version: 3.3.7
2026.06.04 15:21:30 INFO  no build target found for C:\Users\USER\Desktop\TIENDAS SALES\motor_scala\Ranking.scala. Using presentation compiler with project's scala-library version: 3.3.7
2026.06.04 15:21:30 INFO  no build target found for C:\Users\USER\Desktop\TIENDAS SALES\motor_scala\Ranking.scala. Using presentation compiler with project's scala-library version: 3.3.7
2026.06.04 15:21:30 INFO  no build target found for C:\Users\USER\Desktop\TIENDAS SALES\motor_scala\Ranking.scala. Using presentation compiler with project's scala-library version: 3.3.7
2026.06.04 15:21:56 WARN  no build target for: C:\Users\USER\Desktop\TIENDAS SALES\motor_scala\Ranking.scala
2026.06.04 15:21:56 INFO  no build target found for C:\Users\USER\Desktop\TIENDAS SALES\motor_scala\Ranking.scala. Using presentation compiler with project's scala-library version: 3.3.7
2026.06.04 15:27:27 INFO  no build target found for C:\Users\USER\Desktop\TIENDAS SALES\motor_scala\Ranking.scala. Using presentation compiler with project's scala-library version: 3.3.7
2026.06.04 15:27:27 WARN  no build target for: C:\Users\USER\Desktop\TIENDAS SALES\motor_scala\Ranking.scala
2026.06.04 15:27:27 INFO  no build target found for C:\Users\USER\Desktop\TIENDAS SALES\motor_scala\Ranking.scala. Using presentation compiler with project's scala-library version: 3.3.7
2026.06.04 15:27:27 INFO  no build target found for C:\Users\USER\Desktop\TIENDAS SALES\motor_scala\Ranking.scala. Using presentation compiler with project's scala-library version: 3.3.7
2026.06.04 15:27:27 INFO  no build target found for C:\Users\USER\Desktop\TIENDAS SALES\motor_scala\Ranking.scala. Using presentation compiler with project's scala-library version: 3.3.7
2026.06.04 15:27:37 INFO  no build target found for C:\Users\USER\Desktop\TIENDAS SALES\motor_scala\Estadisticas.scala. Using presentation compiler with project's scala-library version: 3.3.7
2026.06.04 15:27:37 WARN  no build target for: C:\Users\USER\Desktop\TIENDAS SALES\motor_scala\Estadisticas.scala
2026.06.04 15:27:37 INFO  no build target found for C:\Users\USER\Desktop\TIENDAS SALES\motor_scala\Estadisticas.scala. Using presentation compiler with project's scala-library version: 3.3.7
2026.06.04 15:27:37 INFO  no build target found for C:\Users\USER\Desktop\TIENDAS SALES\motor_scala\Estadisticas.scala. Using presentation compiler with project's scala-library version: 3.3.7
2026.06.04 15:27:37 INFO  no build target found for C:\Users\USER\Desktop\TIENDAS SALES\motor_scala\Estadisticas.scala. Using presentation compiler with project's scala-library version: 3.3.7
2026.06.04 15:27:39 INFO  no build target found for C:\Users\USER\Desktop\TIENDAS SALES\motor_scala\Ranking.scala. Using presentation compiler with project's scala-library version: 3.3.7
2026.06.04 15:27:39 WARN  no build target for: C:\Users\USER\Desktop\TIENDAS SALES\motor_scala\Ranking.scala
2026.06.04 15:27:39 INFO  no build target found for C:\Users\USER\Desktop\TIENDAS SALES\motor_scala\Ranking.scala. Using presentation compiler with project's scala-library version: 3.3.7
2026.06.04 15:27:39 INFO  no build target found for C:\Users\USER\Desktop\TIENDAS SALES\motor_scala\Ranking.scala. Using presentation compiler with project's scala-library version: 3.3.7
2026.06.04 15:27:39 INFO  no build target found for C:\Users\USER\Desktop\TIENDAS SALES\motor_scala\Ranking.scala. Using presentation compiler with project's scala-library version: 3.3.7
jun. 04, 2026 3:29:21 P. M. org.eclipse.lsp4j.jsonrpc.services.GenericEndpoint notify
INFORMACIÓN: Unsupported notification method: $/setTrace
jun. 04, 2026 3:29:21 P. M. org.eclipse.lsp4j.jsonrpc.services.GenericEndpoint notify
INFORMACIÓN: Unsupported notification method: $/setTrace
jun. 04, 2026 3:29:21 P. M. org.eclipse.lsp4j.jsonrpc.services.GenericEndpoint notify
INFORMACIÓN: Unsupported notification method: $/setTrace
jun. 04, 2026 3:29:21 P. M. org.eclipse.lsp4j.jsonrpc.services.GenericEndpoint notify
INFORMACIÓN: Unsupported notification method: $/setTrace
2026.06.04 15:29:21 INFO  Shutting down server
2026.06.04 15:29:21 INFO  Memory monitor stopped
2026.06.04 15:29:21 INFO  shutting down Metals
2026.06.04 15:29:21 INFO  Exiting server
2026.06.04 15:30:05 INFO  Started: Metals version 1.6.7 in folders 'C:\Users\USER\Desktop\TIENDAS SALES' for client Visual Studio Code 1.123.0.
2026.06.04 15:30:05 INFO  Memory monitor started
2026.06.04 15:30:05 WARN  Using H2 2.4.240 which is newer than the version Flyway has been verified with. The latest verified version of H2 is 2.3.232.
2026.06.04 15:30:05 INFO  no build target found for C:\Users\USER\Desktop\TIENDAS SALES\motor_scala\Ranking.scala. Using presentation compiler with project's scala-library version: 3.3.7
2026.06.04 15:30:07 INFO  no build target found for C:\Users\USER\Desktop\TIENDAS SALES\motor_scala\Ranking.scala. Using presentation compiler with project's scala-library version: 3.3.7
2026.06.04 15:30:07 WARN  scala-cli >= 0.1.3 not found in PATH, fetching and starting a JVM-based Scala CLI
2026.06.04 15:30:07 INFO  Running List(C:\Users\USER\AppData\Local\Coursier\cache\arc\https\github.com\adoptium\temurin17-binaries\releases\download\jdk-17.0.19%252B10\OpenJDK17U-jdk_x64_windows_hotspot_17.0.19_10.zip\jdk-17.0.19+10\bin\java.exe, -cp, C:\Users\USER\AppData\Local\Coursier\cache\v1\https\repo1.maven.org\maven2\org\virtuslab\scala-cli\cli_3\1.12.4\cli_3-1.12.4.jar;C:\Users\USER\AppData\Local\Coursier\cache\v1\https\repo1.maven.org\maven2\com\github\alexarchambault\case-app_3\2.1.0\case-app_3-2.1.0.jar;C:\Users\USER\AppData\Local\Coursier\cache\v1\https\repo1.maven.org\maven2\io\get-coursier\coursier-launcher_2.13\2.1.25-M23\coursier-launcher_2.13-2.1.25-M23.jar;C:\Users\USER\AppData\Local\Coursier\cache\v1\https\repo1.maven.org\maven2\io\get-coursier\coursier-proxy-setup\2.1.25-M23\coursier-proxy-setup-2.1.25-M23.jar;C:\Users\USER\AppData\Local\Coursier\cache\v1\https\repo1.maven.org\maven2\io\get-coursier\publish\publish_3\0.4.4\publish_3-0.4.4.jar;C:\Users\USER\AppData\Local\Coursier\cache\v1\https\repo1.maven.org\maven2\com\google\jimfs\jimfs\1.3.1\jimfs-1.3.1.jar;C:\Users\USER\AppData\Local\Coursier\cache\v1\https\repo1.maven.org\maven2\io\get-coursier\jniutils\windows-jni-utils\0.3.3\windows-jni-utils-0.3.3.jar;C:\Users\USER\AppData\Local\Coursier\cache\v1\https\repo1.maven.org\maven2\com\github\plokhotnyuk\jsoniter-scala\jsoniter-scala-core_3\2.38.8\jsoniter-scala-core_3-2.38.8.jar;C:\Users\USER\AppData\Local\Coursier\cache\v1\https\repo1.maven.org\maven2\org\virtuslab\scala-cli\libsodiumjni\0.0.4\libsodiumjni-0.0.4.jar;C:\Users\USER\AppData\Local\Coursier\cache\v1\https\repo1.maven.org\maven2\org\scalameta\metaconfig-typesafe-config_3\0.18.2\metaconfig-typesafe-config_3-0.18.2.jar;C:\Users\USER\AppData\Local\Coursier\cache\v1\https\repo1.maven.org\maven2\ai\kien\python-native-libs_3\0.2.5\python-native-libs_3-0.2.5.jar;C:\Users\USER\AppData\Local\Coursier\cache\v1\https\repo1.maven.org\maven2\org\virtuslab\scala-packager_3\0.2.1\scala-packager_3-0.2.1.jar;C:\Users\USER\AppData\Local\Coursier\cache\v1\https\repo1.maven.org\maven2\org\virtuslab\scala-cli-signing\cli_3\0.2.13\cli_3-0.2.13.jar;C:\Users\USER\AppData\Local\Coursier\cache\v1\https\repo1.maven.org\maven2\org\slf4j\slf4j-nop\2.0.17\slf4j-nop-2.0.17.jar;C:\Users\USER\AppData\Local\Coursier\cache\v1\https\repo1.maven.org\maven2\com\softwaremill\sttp\client3\core_3\3.11.0\core_3-3.11.0.jar;C:\Users\USER\AppData\Local\Coursier\cache\v1\https\repo1.maven.org\maven2\ch\epfl\scala\scalafix-interfaces\0.14.5\scalafix-interfaces-0.14.5.jar;C:\Users\USER\AppData\Local\Coursier\cache\v1\https\repo1.maven.org\maven2\org\virtuslab\scala-cli\scala3-graal_3\1.9.1\scala3-graal_3-1.9.1.jar;C:\Users\USER\AppData\Local\Coursier\cache\v1\https\repo1.maven.org\maven2\org\virtuslab\scala-cli\scala3-graal-processor_3\1.9.1\scala3-graal-processor_3-1.9.1.jar;C:\Users\USER\AppData\Local\Coursier\cache\v1\https\repo1.maven.org\maven2\org\scala-lang\scala3-library_3\3.3.7\scala3-library_3-3.3.7.jar;C:\Users\USER\AppData\Local\Coursier\cache\v1\https\repo1.maven.org\maven2\org\virtuslab\scala-cli\build-module_3\1.12.4\build-module_3-1.12.4.jar;C:\Users\USER\AppData\Local\Coursier\cache\v1\https\repo1.maven.org\maven2\org\virtuslab\scala-cli\config_3\1.12.4\config_3-1.12.4.jar;C:\Users\USER\AppData\Local\Coursier\cache\v1\https\repo1.maven.org\maven2\org\virtuslab\scala-cli\specification-level_3\1.12.4\specification-level_3-1.12.4.jar;C:\Users\USER\AppData\Local\Coursier\cache\v1\https\repo1.maven.org\maven2\com\lihaoyi\sourcecode_3\0.4.3-M5\sourcecode_3-0.4.3-M5.jar;C:\Users\USER\AppData\Local\Coursier\cache\v1\https\repo1.maven.org\maven2\com\github\alexarchambault\case-app-annotations_3\2.1.0\case-app-annotations_3-2.1.0.jar;C:\Users\USER\AppData\Local\Coursier\cache\v1\https\repo1.maven.org\maven2\com\github\alexarchambault\case-app-util_3\2.1.0\case-app-util_3-2.1.0.jar;C:\Users\USER\AppData\Local\Coursier\cache\v1\https\repo1.maven.org\maven2\io\github\alexarchambault\scala-cli\tmp\zip-input-stream\0.1.1\zip-input-stream-0.1.1.jar;C:\Users\USER\AppData\Local\Coursier\cache\v1\https\repo1.maven.org\maven2\org\scala-lang\scala-library\2.13.18\scala-library-2.13.18.jar;C:\Users\USER\AppData\Local\Coursier\cache\v1\https\repo1.maven.org\maven2\io\get-coursier\coursier-cache_2.13\2.1.25-M23\coursier-cache_2.13-2.1.25-M23.jar;C:\Users\USER\AppData\Local\Coursier\cache\v1\https\repo1.maven.org\maven2\io\get-coursier\coursier-core_2.13\2.1.25-M23\coursier-core_2.13-2.1.25-M23.jar;C:\Users\USER\AppData\Local\Coursier\cache\v1\https\repo1.maven.org\maven2\com\google\guava\guava\33.5.0-jre\guava-33.5.0-jre.jar;C:\Users\USER\AppData\Local\Coursier\cache\v1\https\repo1.maven.org\maven2\net\java\dev\jna\jna\5.17.0\jna-5.17.0.jar;C:\Users\USER\AppData\Local\Coursier\cache\v1\https\repo1.maven.org\maven2\net\java\dev\jna\jna-platform\5.12.1\jna-platform-5.12.1.jar;C:\Users\USER\AppData\Local\Coursier\cache\v1\https\repo1.maven.org\maven2\org\scalameta\metaconfig-core_3\0.18.2\metaconfig-core_3-0.18.2.jar;C:\Users\USER\AppData\Local\Coursier\cache\v1\https\repo1.maven.org\maven2\com\typesafe\config\1.4.5\config-1.4.5.jar;C:\Users\USER\AppData\Local\Coursier\cache\v1\https\repo1.maven.org\maven2\org\scala-lang\modules\scala-collection-compat_3\2.14.0\scala-collection-compat_3-2.14.0.jar;C:\Users\USER\AppData\Local\Coursier\cache\v1\https\repo1.maven.org\maven2\commons-io\commons-io\2.20.0\commons-io-2.20.0.jar;C:\Users\USER\AppData\Local\Coursier\cache\v1\https\repo1.maven.org\maven2\com\google\cloud\tools\jib-core\0.27.3\jib-core-0.27.3.jar;C:\Users\USER\AppData\Local\Coursier\cache\v1\https\repo1.maven.org\maven2\com\lihaoyi\os-lib_3\0.11.8\os-lib_3-0.11.8.jar;C:\Users\USER\AppData\Local\Coursier\cache\v1\https\repo1.maven.org\maven2\org\bouncycastle\bcpg-jdk18on\1.83\bcpg-jdk18on-1.83.jar;C:\Users\USER\AppData\Local\Coursier\cache\v1\https\repo1.maven.org\maven2\org\bouncycastle\bcutil-jdk18on\1.83\bcutil-jdk18on-1.83.jar;C:\Users\USER\AppData\Local\Coursier\cache\v1\https\repo1.maven.org\maven2\org\virtuslab\scala-cli-signing\shared_3\0.2.13\shared_3-0.2.13.jar;C:\Users\USER\AppData\Local\Coursier\cache\v1\https\repo1.maven.org\maven2\org\slf4j\slf4j-api\2.0.17\slf4j-api-2.0.17.jar;C:\Users\USER\AppData\Local\Coursier\cache\v1\https\repo1.maven.org\maven2\com\softwaremill\sttp\model\core_3\1.7.11\core_3-1.7.11.jar;C:\Users\USER\AppData\Local\Coursier\cache\v1\https\repo1.maven.org\maven2\com\softwaremill\sttp\shared\core_3\1.3.22\core_3-1.3.22.jar;C:\Users\USER\AppData\Local\Coursier\cache\v1\https\repo1.maven.org\maven2\com\softwaremill\sttp\shared\ws_3\1.3.22\ws_3-1.3.22.jar;C:\Users\USER\AppData\Local\Coursier\cache\v1\https\repo1.maven.org\maven2\io\get-coursier\interface\1.0.28\interface-1.0.28.jar;C:\Users\USER\AppData\Local\Coursier\cache\v1\https\repo1.maven.org\maven2\org\ow2\asm\asm\9.9.1\asm-9.9.1.jar;C:\Users\USER\AppData\Local\Coursier\cache\v1\https\repo1.maven.org\maven2\org\virtuslab\scala-cli\java-class-name\java-class-name_3\0.1.9\java-class-name_3-0.1.9.jar;C:\Users\USER\AppData\Local\Coursier\cache\v1\https\repo1.maven.org\maven2\org\scalameta\semanticdb-shared_2.13\4.15.2\semanticdb-shared_2.13-4.15.2.jar;C:\Users\USER\AppData\Local\Coursier\cache\v1\https\repo1.maven.org\maven2\org\scala-native\test-runner_3\0.5.10\test-runner_3-0.5.10.jar;C:\Users\USER\AppData\Local\Coursier\cache\v1\https\repo1.maven.org\maven2\com\lihaoyi\pprint_3\0.9.5\pprint_3-0.9.5.jar;C:\Users\USER\AppData\Local\Coursier\cache\v1\https\repo1.maven.org\maven2\org\scala-js\scalajs-env-nodejs_3\1.5.0\scalajs-env-nodejs_3-1.5.0.jar;C:\Users\USER\AppData\Local\Coursier\cache\v1\https\repo1.maven.org\maven2\org\scala-js\scalajs-sbt-test-adapter_2.13\1.20.2\scalajs-sbt-test-adapter_2.13-1.20.2.jar;C:\Users\USER\AppData\Local\Coursier\cache\v1\https\repo1.maven.org\maven2\com\swoval\file-tree-views\2.1.12\file-tree-views-2.1.12.jar;C:\Users\USER\AppData\Local\Coursier\cache\v1\https\repo1.maven.org\maven2\org\virtuslab\scala-cli\zip-input-stream\zip-input-stream\0.1.3\zip-input-stream-0.1.3.jar;C:\Users\USER\AppData\Local\Coursier\cache\v1\https\repo1.maven.org\maven2\org\virtuslab\scala-cli\options_3\1.12.4\options_3-1.12.4.jar;C:\Users\USER\AppData\Local\Coursier\cache\v1\https\repo1.maven.org\maven2\org\virtuslab\scala-cli\directives_3\1.12.4\directives_3-1.12.4.jar;C:\Users\USER\AppData\Local\Coursier\cache\v1\https\repo1.maven.org\maven2\org\virtuslab\scala-cli\scala-cli-bsp\1.12.4\scala-cli-bsp-1.12.4.jar;C:\Users\USER\AppData\Local\Coursier\cache\v1\https\repo1.maven.org\maven2\org\virtuslab\scala-cli\test-runner_3\1.12.4\test-runner_3-1.12.4.jar;C:\Users\USER\AppData\Local\Coursier\cache\v1\https\repo1.maven.org\maven2\org\virtuslab\scala-cli\tasty-lib_3\1.12.4\tasty-lib_3-1.12.4.jar;C:\Users\USER\AppData\Local\Coursier\cache\v1\https\repo1.maven.org\maven2\io\github\alexarchambault\windows-ansi\windows-ansi\0.0.6\windows-ansi-0.0.6.jar;C:\Users\USER\AppData\Local\Coursier\cache\v1\https\repo1.maven.org\maven2\io\get-coursier\cache-util\2.1.25-M23\cache-util-2.1.25-M23.jar;C:\Users\USER\AppData\Local\Coursier\cache\v1\https\repo1.maven.org\maven2\io\get-coursier\coursier-paths\2.1.25-M23\coursier-paths-2.1.25-M23.jar;C:\Users\USER\AppData\Local\Coursier\cache\v1\https\repo1.maven.org\maven2\io\get-coursier\coursier-util_2.13\2.1.25-M23\coursier-util_2.13-2.1.25-M23.jar;C:\Users\USER\AppData\Local\Coursier\cache\v1\https\repo1.maven.org\maven2\io\get-coursier\versions_2.13\0.5.1\versions_2.13-0.5.1.jar;C:\Users\USER\AppData\Local\Coursier\cache\v1\https\repo1.maven.org\maven2\io\github\alexarchambault\concurrent-reference-hash-map\1.1.0\concurrent-reference-hash-map-1.1.0.jar;C:\Users\USER\AppData\Local\Coursier\cache\v1\https\repo1.maven.org\maven2\org\scala-lang\modules\scala-xml_2.13\2.4.0\scala-xml_2.13-2.4.0.jar;C:\Users\USER\AppData\Local\Coursier\cache\v1\https\repo1.maven.org\maven2\com\google\guava\failureaccess\1.0.3\failureaccess-1.0.3.jar;C:\Users\USER\AppData\Local\Coursier\cache\v1\https\repo1.maven.org\maven2\com\google\guava\listenablefuture\9999.0-empty-to-avoid-conflict-with-guava\listenablefuture-9999.0-empty-to-avoid-conflict-with-guava.jar;C:\Users\USER\AppData\Local\Coursier\cache\v1\https\repo1.maven.org\maven2\org\jspecify\jspecify\1.0.0\jspecify-1.0.0.jar;C:\Users\USER\AppData\Local\Coursier\cache\v1\https\repo1.maven.org\maven2\com\google\errorprone\error_prone_annotations\2.41.0\error_prone_annotations-2.41.0.jar;C:\Users\USER\AppData\Local\Coursier\cache\v1\https\repo1.maven.org\maven2\com\google\j2objc\j2objc-annotations\3.1\j2objc-annotations-3.1.jar;C:\Users\USER\AppData\Local\Coursier\cache\v1\https\repo1.maven.org\maven2\org\scalameta\metaconfig-pprint_3\0.18.2\metaconfig-pprint_3-0.18.2.jar;C:\Users\USER\AppData\Local\Coursier\cache\v1\https\repo1.maven.org\maven2\org\typelevel\paiges-core_3\0.4.4\paiges-core_3-0.4.4.jar;C:\Users\USER\AppData\Local\Coursier\cache\v1\https\repo1.maven.org\maven2\org\scala-lang\scala-reflect\2.13.18\scala-reflect-2.13.18.jar;C:\Users\USER\AppData\Local\Coursier\cache\v1\https\repo1.maven.org\maven2\com\google\cloud\tools\jib-build-plan\0.4.0\jib-build-plan-0.4.0.jar;C:\Users\USER\AppData\Local\Coursier\cache\v1\https\repo1.maven.org\maven2\com\google\http-client\google-http-client\1.42.2\google-http-client-1.42.2.jar;C:\Users\USER\AppData\Local\Coursier\cache\v1\https\repo1.maven.org\maven2\com\google\http-client\google-http-client-apache-v2\1.42.2\google-http-client-apache-v2-1.42.2.jar;C:\Users\USER\AppData\Local\Coursier\cache\v1\https\repo1.maven.org\maven2\com\google\auth\google-auth-library-oauth2-http\1.10.0\google-auth-library-oauth2-http-1.10.0.jar;C:\Users\USER\AppData\Local\Coursier\cache\v1\https\repo1.maven.org\maven2\org\apache\commons\commons-compress\1.28.0\commons-compress-1.28.0.jar;C:\Users\USER\AppData\Local\Coursier\cache\v1\https\repo1.maven.org\maven2\com\fasterxml\jackson\core\jackson-databind\2.15.2\jackson-databind-2.15.2.jar;C:\Users\USER\AppData\Local\Coursier\cache\v1\https\repo1.maven.org\maven2\com\fasterxml\jackson\datatype\jackson-datatype-jsr310\2.15.2\jackson-datatype-jsr310-2.15.2.jar;C:\Users\USER\AppData\Local\Coursier\cache\v1\https\repo1.maven.org\maven2\com\lihaoyi\geny_3\1.1.1\geny_3-1.1.1.jar;C:\Users\USER\AppData\Local\Coursier\cache\v1\https\repo1.maven.org\maven2\com\lihaoyi\os-zip\0.11.8\os-zip-0.11.8.jar;C:\Users\USER\AppData\Local\Coursier\cache\v1\https\repo1.maven.org\maven2\org\bouncycastle\bcprov-jdk18on\1.83\bcprov-jdk18on-1.83.jar;C:\Users\USER\AppData\Local\Coursier\cache\v1\https\repo1.maven.org\maven2\org\jline\jline-terminal-jni\3.25.0\jline-terminal-jni-3.25.0.jar;C:\Users\USER\AppData\Local\Coursier\cache\v1\https\repo1.maven.org\maven2\org\jline\jline-native\3.25.0\jline-native-3.25.0.jar;C:\Users\USER\AppData\Local\Coursier\cache\v1\https\repo1.maven.org\maven2\org\scala-lang\scala3-compiler_3\3.3.7\scala3-compiler_3-3.3.7.jar;C:\Users\USER\AppData\Local\Coursier\cache\v1\https\repo1.maven.org\maven2\org\scalameta\scalameta_2.13\4.15.2\scalameta_2.13-4.15.2.jar;C:\Users\USER\AppData\Local\Coursier\cache\v1\https\repo1.maven.org\maven2\org\scala-lang\scalap\2.13.15\scalap-2.13.15.jar;C:\Users\USER\AppData\Local\Coursier\cache\v1\https\repo1.maven.org\maven2\com\thesamet\scalapb\scalapb-runtime_2.13\0.11.17\scalapb-runtime_2.13-0.11.17.jar;C:\Users\USER\AppData\Local\Coursier\cache\v1\https\repo1.maven.org\maven2\org\scala-native\tools_3\0.5.10\tools_3-0.5.10.jar;C:\Users\USER\AppData\Local\Coursier\cache\v1\https\repo1.maven.org\maven2\org\scala-sbt\test-interface\1.0\test-interface-1.0.jar;C:\Users\USER\AppData\Local\Coursier\cache\v1\https\repo1.maven.org\maven2\com\lihaoyi\fansi_3\0.5.1\fansi_3-0.5.1.jar;C:\Users\USER\AppData\Local\Coursier\cache\v1\https\repo1.maven.org\maven2\org\scala-js\scalajs-js-envs_3\1.5.0\scalajs-js-envs_3-1.5.0.jar;C:\Users\USER\AppData\Local\Coursier\cache\v1\https\repo1.maven.org\maven2\ch\epfl\scala\bloop-config_2.13\2.3.3\bloop-config_2.13-2.3.3.jar;C:\Users\USER\AppData\Local\Coursier\cache\v1\https\repo1.maven.org\maven2\org\virtuslab\scala-cli\core_3\1.12.4\core_3-1.12.4.jar;C:\Users\USER\AppData\Local\Coursier\cache\v1\https\repo1.maven.org\maven2\org\virtuslab\using_directives\1.1.4\using_directives-1.1.4.jar;C:\Users\USER\AppData\Local\Coursier\cache\v1\https\repo1.maven.org\maven2\org\virtuslab\scala-cli\build-macros_3\1.12.4\build-macros_3-1.12.4.jar;C:\Users\USER\AppData\Local\Coursier\cache\v1\https\repo1.maven.org\maven2\ch\epfl\scala\bsp4j\2.1.1\bsp4j-2.1.1.jar;C:\Users\USER\AppData\Local\Coursier\cache\v1\https\repo1.maven.org\maven2\org\fusesource\jansi\jansi\2.4.1\jansi-2.4.1.jar;C:\Users\USER\AppData\Local\Coursier\cache\v1\https\repo1.maven.org\maven2\io\github\alexarchambault\is-terminal\0.1.2\is-terminal-0.1.2.jar;C:\Users\USER\AppData\Local\Coursier\cache\v1\https\repo1.maven.org\maven2\org\apache\httpcomponents\httpclient\4.5.13\httpclient-4.5.13.jar;C:\Users\USER\AppData\Local\Coursier\cache\v1\https\repo1.maven.org\maven2\org\apache\httpcomponents\httpcore\4.4.15\httpcore-4.4.15.jar;C:\Users\USER\AppData\Local\Coursier\cache\v1\https\repo1.maven.org\maven2\com\google\code\findbugs\jsr305\3.0.2\jsr305-3.0.2.jar;C:\Users\USER\AppData\Local\Coursier\cache\v1\https\repo1.maven.org\maven2\io\opencensus\opencensus-api\0.31.1\opencensus-api-0.31.1.jar;C:\Users\USER\AppData\Local\Coursier\cache\v1\https\repo1.maven.org\maven2\io\opencensus\opencensus-contrib-http-util\0.31.1\opencensus-contrib-http-util-0.31.1.jar;C:\Users\USER\AppData\Local\Coursier\cache\v1\https\repo1.maven.org\maven2\com\google\auto\value\auto-value-annotations\1.9\auto-value-annotations-1.9.jar;C:\Users\USER\AppData\Local\Coursier\cache\v1\https\repo1.maven.org\maven2\com\google\auth\google-auth-library-credentials\1.10.0\google-auth-library-credentials-1.10.0.jar;C:\Users\USER\AppData\Local\Coursier\cache\v1\https\repo1.maven.org\maven2\com\google\http-client\google-http-client-gson\1.42.2\google-http-client-gson-1.42.2.jar;C:\Users\USER\AppData\Local\Coursier\cache\v1\https\repo1.maven.org\maven2\commons-codec\commons-codec\1.20.0\commons-codec-1.20.0.jar;C:\Users\USER\AppData\Local\Coursier\cache\v1\https\repo1.maven.org\maven2\org\apache\commons\commons-lang3\3.18.0\commons-lang3-3.18.0.jar;C:\Users\USER\AppData\Local\Coursier\cache\v1\https\repo1.maven.org\maven2\com\fasterxml\jackson\core\jackson-annotations\2.15.2\jackson-annotations-2.15.2.jar;C:\Users\USER\AppData\Local\Coursier\cache\v1\https\repo1.maven.org\maven2\com\fasterxml\jackson\core\jackson-core\2.15.2\jackson-core-2.15.2.jar;C:\Users\USER\AppData\Local\Coursier\cache\v1\https\repo1.maven.org\maven2\org\scala-lang\scala3-interfaces\3.3.7\scala3-interfaces-3.3.7.jar;C:\Users\USER\AppData\Local\Coursier\cache\v1\https\repo1.maven.org\maven2\org\scala-lang\tasty-core_3\3.3.7\tasty-core_3-3.3.7.jar;C:\Users\USER\AppData\Local\Coursier\cache\v1\https\repo1.maven.org\maven2\org\scala-lang\modules\scala-asm\9.8.0-scala-1\scala-asm-9.8.0-scala-1.jar;C:\Users\USER\AppData\Local\Coursier\cache\v1\https\repo1.maven.org\maven2\org\scala-sbt\compiler-interface\1.10.7\compiler-interface-1.10.7.jar;C:\Users\USER\AppData\Local\Coursier\cache\v1\https\repo1.maven.org\maven2\org\scalameta\parsers_2.13\4.15.2\parsers_2.13-4.15.2.jar;C:\Users\USER\AppData\Local\Coursier\cache\v1\https\repo1.maven.org\maven2\org\scala-lang\scala-compiler\2.13.15\scala-compiler-2.13.15.jar;C:\Users\USER\AppData\Local\Coursier\cache\v1\https\repo1.maven.org\maven2\com\thesamet\scalapb\lenses_2.13\0.11.17\lenses_2.13-0.11.17.jar;C:\Users\USER\AppData\Local\Coursier\cache\v1\https\repo1.maven.org\maven2\com\google\protobuf\protobuf-java\3.19.6\protobuf-java-3.19.6.jar;C:\Users\USER\AppData\Local\Coursier\cache\v1\https\repo1.maven.org\maven2\org\scala-native\nir_3\0.5.10\nir_3-0.5.10.jar;C:\Users\USER\AppData\Local\Coursier\cache\v1\https\repo1.maven.org\maven2\org\scala-native\util_3\0.5.10\util_3-0.5.10.jar;C:\Users\USER\AppData\Local\Coursier\cache\v1\https\repo1.maven.org\maven2\org\scala-js\scalajs-logging_3\1.2.0\scalajs-logging_3-1.2.0.jar;C:\Users\USER\AppData\Local\Coursier\cache\v1\https\repo1.maven.org\maven2\com\lihaoyi\unroll-annotation_2.13\0.1.12\unroll-annotation_2.13-0.1.12.jar;C:\Users\USER\AppData\Local\Coursier\cache\v1\https\repo1.maven.org\maven2\ch\epfl\scala\bloop-rifle_2.13\2.0.19\bloop-rifle_2.13-2.0.19.jar;C:\Users\USER\AppData\Local\Coursier\cache\v1\https\repo1.maven.org\maven2\io\get-coursier\coursier-jvm_2.13\2.1.25-M23\coursier-jvm_2.13-2.1.25-M23.jar;C:\Users\USER\AppData\Local\Coursier\cache\v1\https\repo1.maven.org\maven2\io\get-coursier\dependency_3\0.3.2\dependency_3-0.3.2.jar;C:\Users\USER\AppData\Local\Coursier\cache\v1\https\repo1.maven.org\maven2\org\eclipse\jgit\org.eclipse.jgit\7.5.0.202512021534-r\org.eclipse.jgit-7.5.0.202512021534-r.jar;C:\Users\USER\AppData\Local\Coursier\cache\v1\https\repo1.maven.org\maven2\org\scala-js\scalajs-env-jsdom-nodejs_2.13\1.1.1\scalajs-env-jsdom-nodejs_2.13-1.1.1.jar;C:\Users\USER\AppData\Local\Coursier\cache\v1\https\repo1.maven.org\maven2\org\eclipse\lsp4j\org.eclipse.lsp4j.generator\0.20.1\org.eclipse.lsp4j.generator-0.20.1.jar;C:\Users\USER\AppData\Local\Coursier\cache\v1\https\repo1.maven.org\maven2\org\eclipse\lsp4j\org.eclipse.lsp4j.jsonrpc\0.20.1\org.eclipse.lsp4j.jsonrpc-0.20.1.jar;C:\Users\USER\AppData\Local\Coursier\cache\v1\https\repo1.maven.org\maven2\commons-logging\commons-logging\1.2\commons-logging-1.2.jar;C:\Users\USER\AppData\Local\Coursier\cache\v1\https\repo1.maven.org\maven2\io\grpc\grpc-context\1.27.2\grpc-context-1.27.2.jar;C:\Users\USER\AppData\Local\Coursier\cache\v1\https\repo1.maven.org\maven2\com\google\code\gson\gson\2.10.1\gson-2.10.1.jar;C:\Users\USER\AppData\Local\Coursier\cache\v1\https\repo1.maven.org\maven2\org\scala-sbt\util-interface\1.10.7\util-interface-1.10.7.jar;C:\Users\USER\AppData\Local\Coursier\cache\v1\https\repo1.maven.org\maven2\org\scalameta\trees_2.13\4.15.2\trees_2.13-4.15.2.jar;C:\Users\USER\AppData\Local\Coursier\cache\v1\https\repo1.maven.org\maven2\io\github\java-diff-utils\java-diff-utils\4.12\java-diff-utils-4.12.jar;C:\Users\USER\AppData\Local\Coursier\cache\v1\https\repo1.maven.org\maven2\ch\epfl\scala\libdaemon_2.13\0.0.12\libdaemon_2.13-0.0.12.jar;C:\Users\USER\AppData\Local\Coursier\cache\v1\https\repo1.maven.org\maven2\io\github\alexarchambault\scala-cli\snailgun\snailgun-core_2.13\0.4.1-sc2\snailgun-core_2.13-0.4.1-sc2.jar;C:\Users\USER\AppData\Local\Coursier\cache\v1\https\repo1.maven.org\maven2\io\get-coursier\coursier_2.13\2.1.25-M23\coursier_2.13-2.1.25-M23.jar;C:\Users\USER\AppData\Local\Coursier\cache\v1\https\repo1.maven.org\maven2\io\get-coursier\coursier-archive-cache_2.13\2.1.25-M23\coursier-archive-cache_2.13-2.1.25-M23.jar;C:\Users\USER\AppData\Local\Coursier\cache\v1\https\repo1.maven.org\maven2\io\get-coursier\coursier-env_2.13\2.1.25-M23\coursier-env_2.13-2.1.25-M23.jar;C:\Users\USER\AppData\Local\Coursier\cache\v1\https\repo1.maven.org\maven2\io\get-coursier\coursier-exec\2.1.25-M23\coursier-exec-2.1.25-M23.jar;C:\Users\USER\AppData\Local\Coursier\cache\v1\https\repo1.maven.org\maven2\com\googlecode\javaewah\JavaEWAH\1.2.3\JavaEWAH-1.2.3.jar;C:\Users\USER\AppData\Local\Coursier\cache\v1\https\repo1.maven.org\maven2\org\eclipse\xtend\org.eclipse.xtend.lib\2.28.0\org.eclipse.xtend.lib-2.28.0.jar;C:\Users\USER\AppData\Local\Coursier\cache\v1\https\repo1.maven.org\maven2\org\scalameta\common_2.13\4.15.2\common_2.13-4.15.2.jar;C:\Users\USER\AppData\Local\Coursier\cache\v1\https\repo1.maven.org\maven2\org\scalameta\io_2.13\4.15.2\io_2.13-4.15.2.jar;C:\Users\USER\AppData\Local\Coursier\cache\v1\https\repo1.maven.org\maven2\org\codehaus\plexus\plexus-archiver\4.10.1\plexus-archiver-4.10.1.jar;C:\Users\USER\AppData\Local\Coursier\cache\v1\https\repo1.maven.org\maven2\org\codehaus\plexus\plexus-container-default\2.1.1\plexus-container-default-2.1.1.jar;C:\Users\USER\AppData\Local\Coursier\cache\v1\https\repo1.maven.org\maven2\org\apache\tika\tika-core\3.2.3\tika-core-3.2.3.jar;C:\Users\USER\AppData\Local\Coursier\cache\v1\https\repo1.maven.org\maven2\com\github\luben\zstd-jni\1.5.7-4\zstd-jni-1.5.7-4.jar;C:\Users\USER\AppData\Local\Coursier\cache\v1\https\repo1.maven.org\maven2\org\eclipse\xtext\org.eclipse.xtext.xbase.lib\2.28.0\org.eclipse.xtext.xbase.lib-2.28.0.jar;C:\Users\USER\AppData\Local\Coursier\cache\v1\https\repo1.maven.org\maven2\org\eclipse\xtend\org.eclipse.xtend.lib.macro\2.28.0\org.eclipse.xtend.lib.macro-2.28.0.jar;C:\Users\USER\AppData\Local\Coursier\cache\v1\https\repo1.maven.org\maven2\javax\inject\javax.inject\1\javax.inject-1.jar;C:\Users\USER\AppData\Local\Coursier\cache\v1\https\repo1.maven.org\maven2\org\codehaus\plexus\plexus-utils\4.0.2\plexus-utils-4.0.2.jar;C:\Users\USER\AppData\Local\Coursier\cache\v1\https\repo1.maven.org\maven2\org\codehaus\plexus\plexus-io\3.5.1\plexus-io-3.5.1.jar;C:\Users\USER\AppData\Local\Coursier\cache\v1\https\repo1.maven.org\maven2\io\airlift\aircompressor\0.27\aircompressor-0.27.jar;C:\Users\USER\AppData\Local\Coursier\cache\v1\https\repo1.maven.org\maven2\org\tukaani\xz\1.10\xz-1.10.jar;C:\Users\USER\AppData\Local\Coursier\cache\v1\https\repo1.maven.org\maven2\org\codehaus\plexus\plexus-classworlds\2.6.0\plexus-classworlds-2.6.0.jar;C:\Users\USER\AppData\Local\Coursier\cache\v1\https\repo1.maven.org\maven2\org\apache\xbean\xbean-reflect\3.7\xbean-reflect-3.7.jar, scala.cli.ScalaCli, bsp, C:\Users\USER\Desktop\TIENDAS SALES)
2026.06.04 15:30:08 INFO  tracing is disabled for protocol BSP, to enable tracing of incoming and outgoing JSON messages create an empty file at C:\Users\USER\Desktop\TIENDAS SALES\.metals\bsp.trace.json or C:\Users\USER\AppData\Local\scalameta\metals\cache\bsp.trace.json
2026.06.04 15:30:11 INFO  Scala CLI: Checking https://github.com/coursier/jvm-index/raw/master/index.json
2026.06.04 15:30:11 INFO  Scala CLI: Checked https://github.com/coursier/jvm-index/raw/master/index.json
2026.06.04 15:30:11 INFO  Scala CLI: Downloading https://github.com/coursier/jvm-index/raw/master/index.json
2026.06.04 15:30:13 INFO  Scala CLI: Downloaded https://github.com/coursier/jvm-index/raw/master/index.json
2026.06.04 15:30:13 INFO  Scala CLI: Downloading https://central.sonatype.com/repository/maven-snapshots/ch/epfl/scala/bloop-frontend_2.12/2.0.19/bloop-frontend_2.12-2.0.19.pom
2026.06.04 15:30:14 INFO  Scala CLI: Failed to download https://central.sonatype.com/repository/maven-snapshots/ch/epfl/scala/bloop-frontend_2.12/2.0.19/bloop-frontend_2.12-2.0.19.pom
2026.06.04 15:30:14 INFO  Scala CLI: Downloading https://central.sonatype.com/repository/maven-snapshots/ch/epfl/scala/bloop-frontend_2.12/2.0.19/bloop-frontend_2.12-2.0.19.pom.sha1
2026.06.04 15:30:14 INFO  Scala CLI: Failed to download https://central.sonatype.com/repository/maven-snapshots/ch/epfl/scala/bloop-frontend_2.12/2.0.19/bloop-frontend_2.12-2.0.19.pom.sha1
2026.06.04 15:30:14 INFO  Scala CLI: Downloading https://repo.scala-lang.org/artifactory/maven-nightlies/ch/epfl/scala/bloop-frontend_2.12/2.0.19/bloop-frontend_2.12-2.0.19.pom
2026.06.04 15:30:15 INFO  Scala CLI: Failed to download https://repo.scala-lang.org/artifactory/maven-nightlies/ch/epfl/scala/bloop-frontend_2.12/2.0.19/bloop-frontend_2.12-2.0.19.pom
2026.06.04 15:30:15 INFO  Scala CLI: Downloading https://repo.scala-lang.org/artifactory/maven-nightlies/ch/epfl/scala/bloop-frontend_2.12/2.0.19/bloop-frontend_2.12-2.0.19.pom.sha1
2026.06.04 15:30:15 INFO  Scala CLI: Failed to download https://repo.scala-lang.org/artifactory/maven-nightlies/ch/epfl/scala/bloop-frontend_2.12/2.0.19/bloop-frontend_2.12-2.0.19.pom.sha1
2026.06.04 15:30:15 INFO  Scala CLI: Downloading https://repo1.maven.org/maven2/ch/epfl/scala/bloop-frontend_2.12/2.0.19/bloop-frontend_2.12-2.0.19.pom
2026.06.04 15:30:15 INFO  Scala CLI: Downloaded https://repo1.maven.org/maven2/ch/epfl/scala/bloop-frontend_2.12/2.0.19/bloop-frontend_2.12-2.0.19.pom
2026.06.04 15:30:15 INFO  Scala CLI: Downloading https://central.sonatype.com/repository/maven-snapshots/ch/epfl/scala/bloop-config_2.12/2.3.3/bloop-config_2.12-2.3.3.pom
2026.06.04 15:30:15 INFO  Scala CLI: Downloading https://central.sonatype.com/repository/maven-snapshots/com/github/alexarchambault/case-app_2.12/2.0.6/case-app_2.12-2.0.6.pom
2026.06.04 15:30:15 INFO  Scala CLI: Downloading https://central.sonatype.com/repository/maven-snapshots/ch/epfl/scala/scala-debug-adapter_2.12/4.2.8/scala-debug-adapter_2.12-4.2.8.pom
2026.06.04 15:30:15 INFO  Scala CLI: Downloading https://central.sonatype.com/repository/maven-snapshots/ch/epfl/scala/bloop-backend_2.12/2.0.19/bloop-backend_2.12-2.0.19.pom
2026.06.04 15:30:15 INFO  Scala CLI: Downloading https://central.sonatype.com/repository/maven-snapshots/ch/epfl/scala/libdaemon_2.12/0.0.12/libdaemon_2.12-0.0.12.pom
2026.06.04 15:30:15 INFO  Scala CLI: Downloading https://central.sonatype.com/repository/maven-snapshots/org/scalaz/scalaz-core_2.12/7.3.8/scalaz-core_2.12-7.3.8.pom
2026.06.04 15:30:15 INFO  Scala CLI: Failed to download https://central.sonatype.com/repository/maven-snapshots/ch/epfl/scala/bloop-config_2.12/2.3.3/bloop-config_2.12-2.3.3.pom
2026.06.04 15:30:15 INFO  Scala CLI: Downloading https://central.sonatype.com/repository/maven-snapshots/ch/epfl/scala/bloop-shared_2.12/2.0.19/bloop-shared_2.12-2.0.19.pom
2026.06.04 15:30:15 INFO  Scala CLI: Failed to download https://central.sonatype.com/repository/maven-snapshots/ch/epfl/scala/libdaemon_2.12/0.0.12/libdaemon_2.12-0.0.12.pom
2026.06.04 15:30:16 INFO  Scala CLI: Downloading https://central.sonatype.com/repository/maven-snapshots/io/monix/monix_2.12/3.2.0/monix_2.12-3.2.0.pom
2026.06.04 15:30:16 INFO  Scala CLI: Failed to download https://central.sonatype.com/repository/maven-snapshots/ch/epfl/scala/scala-debug-adapter_2.12/4.2.8/scala-debug-adapter_2.12-4.2.8.pom
2026.06.04 15:30:16 INFO  Scala CLI: Downloading https://central.sonatype.com/repository/maven-snapshots/ch/epfl/scala/bloop-config_2.12/2.3.3/bloop-config_2.12-2.3.3.pom.sha1
2026.06.04 15:30:16 INFO  Scala CLI: Failed to download https://central.sonatype.com/repository/maven-snapshots/com/github/alexarchambault/case-app_2.12/2.0.6/case-app_2.12-2.0.6.pom
2026.06.04 15:30:16 INFO  Scala CLI: Downloading https://central.sonatype.com/repository/maven-snapshots/ch/epfl/scala/libdaemon_2.12/0.0.12/libdaemon_2.12-0.0.12.pom.sha1
2026.06.04 15:30:16 INFO  Scala CLI: Failed to download https://central.sonatype.com/repository/maven-snapshots/ch/epfl/scala/bloop-backend_2.12/2.0.19/bloop-backend_2.12-2.0.19.pom
2026.06.04 15:30:16 INFO  Scala CLI: Downloading https://central.sonatype.com/repository/maven-snapshots/ch/qos/logback/logback-classic/1.5.27/logback-classic-1.5.27.pom
2026.06.04 15:30:16 INFO  Scala CLI: Failed to download https://central.sonatype.com/repository/maven-snapshots/org/scalaz/scalaz-core_2.12/7.3.8/scalaz-core_2.12-7.3.8.pom
2026.06.04 15:30:16 INFO  Scala CLI: Downloading https://central.sonatype.com/repository/maven-snapshots/ch/epfl/scala/scala-debug-adapter_2.12/4.2.8/scala-debug-adapter_2.12-4.2.8.pom.sha1
2026.06.04 15:30:16 INFO  Scala CLI: Failed to download https://central.sonatype.com/repository/maven-snapshots/ch/epfl/scala/bloop-shared_2.12/2.0.19/bloop-shared_2.12-2.0.19.pom
2026.06.04 15:30:16 INFO  Scala CLI: Downloading https://central.sonatype.com/repository/maven-snapshots/com/github/alexarchambault/case-app_2.12/2.0.6/case-app_2.12-2.0.6.pom.sha1
2026.06.04 15:30:16 INFO  Scala CLI: Failed to download https://central.sonatype.com/repository/maven-snapshots/io/monix/monix_2.12/3.2.0/monix_2.12-3.2.0.pom
2026.06.04 15:30:16 INFO  Scala CLI: Downloading https://central.sonatype.com/repository/maven-snapshots/ch/epfl/scala/bloop-backend_2.12/2.0.19/bloop-backend_2.12-2.0.19.pom.sha1
2026.06.04 15:30:16 INFO  Scala CLI: Failed to download https://central.sonatype.com/repository/maven-snapshots/ch/epfl/scala/bloop-config_2.12/2.3.3/bloop-config_2.12-2.3.3.pom.sha1
2026.06.04 15:30:16 INFO  Scala CLI: Downloading https://central.sonatype.com/repository/maven-snapshots/org/scalaz/scalaz-core_2.12/7.3.8/scalaz-core_2.12-7.3.8.pom.sha1
2026.06.04 15:30:16 INFO  Scala CLI: Failed to download https://central.sonatype.com/repository/maven-snapshots/ch/epfl/scala/libdaemon_2.12/0.0.12/libdaemon_2.12-0.0.12.pom.sha1
2026.06.04 15:30:16 INFO  Scala CLI: Downloading https://central.sonatype.com/repository/maven-snapshots/ch/epfl/scala/bloop-shared_2.12/2.0.19/bloop-shared_2.12-2.0.19.pom.sha1
2026.06.04 15:30:16 INFO  Scala CLI: Failed to download https://central.sonatype.com/repository/maven-snapshots/ch/qos/logback/logback-classic/1.5.27/logback-classic-1.5.27.pom
2026.06.04 15:30:16 INFO  Scala CLI: Failed to download https://central.sonatype.com/repository/maven-snapshots/ch/epfl/scala/scala-debug-adapter_2.12/4.2.8/scala-debug-adapter_2.12-4.2.8.pom.sha1
2026.06.04 15:30:16 INFO  Scala CLI: Downloading https://central.sonatype.com/repository/maven-snapshots/io/monix/monix_2.12/3.2.0/monix_2.12-3.2.0.pom.sha1
2026.06.04 15:30:16 INFO  Scala CLI: Downloading https://central.sonatype.com/repository/maven-snapshots/ch/qos/logback/logback-classic/1.5.27/logback-classic-1.5.27.pom.sha1
2026.06.04 15:30:16 INFO  Scala CLI: Failed to download https://central.sonatype.com/repository/maven-snapshots/com/github/alexarchambault/case-app_2.12/2.0.6/case-app_2.12-2.0.6.pom.sha1
2026.06.04 15:30:16 INFO  Scala CLI: Downloading https://repo.scala-lang.org/artifactory/maven-nightlies/ch/epfl/scala/bloop-config_2.12/2.3.3/bloop-config_2.12-2.3.3.pom
2026.06.04 15:30:16 INFO  Scala CLI: Failed to download https://central.sonatype.com/repository/maven-snapshots/ch/epfl/scala/bloop-backend_2.12/2.0.19/bloop-backend_2.12-2.0.19.pom.sha1
2026.06.04 15:30:16 INFO  Scala CLI: Downloading https://repo.scala-lang.org/artifactory/maven-nightlies/ch/epfl/scala/libdaemon_2.12/0.0.12/libdaemon_2.12-0.0.12.pom
2026.06.04 15:30:17 INFO  Scala CLI: Failed to download https://repo.scala-lang.org/artifactory/maven-nightlies/ch/epfl/scala/bloop-config_2.12/2.3.3/bloop-config_2.12-2.3.3.pom
2026.06.04 15:30:17 INFO  Scala CLI: Downloading https://repo.scala-lang.org/artifactory/maven-nightlies/ch/epfl/scala/scala-debug-adapter_2.12/4.2.8/scala-debug-adapter_2.12-4.2.8.pom
2026.06.04 15:30:17 INFO  Scala CLI: Failed to download https://central.sonatype.com/repository/maven-snapshots/ch/epfl/scala/bloop-shared_2.12/2.0.19/bloop-shared_2.12-2.0.19.pom.sha1
2026.06.04 15:30:17 INFO  Scala CLI: Failed to download https://central.sonatype.com/repository/maven-snapshots/org/scalaz/scalaz-core_2.12/7.3.8/scalaz-core_2.12-7.3.8.pom.sha1
2026.06.04 15:30:17 INFO  Scala CLI: Downloading https://repo.scala-lang.org/artifactory/maven-nightlies/ch/epfl/scala/bloop-config_2.12/2.3.3/bloop-config_2.12-2.3.3.pom.sha1
2026.06.04 15:30:17 INFO  Scala CLI: Downloading https://repo.scala-lang.org/artifactory/maven-nightlies/com/github/alexarchambault/case-app_2.12/2.0.6/case-app_2.12-2.0.6.pom
2026.06.04 15:30:17 INFO  Scala CLI: Failed to download https://central.sonatype.com/repository/maven-snapshots/ch/qos/logback/logback-classic/1.5.27/logback-classic-1.5.27.pom.sha1
2026.06.04 15:30:17 INFO  Scala CLI: Downloading https://repo.scala-lang.org/artifactory/maven-nightlies/ch/epfl/scala/bloop-backend_2.12/2.0.19/bloop-backend_2.12-2.0.19.pom
2026.06.04 15:30:17 INFO  Scala CLI: Failed to download https://central.sonatype.com/repository/maven-snapshots/io/monix/monix_2.12/3.2.0/monix_2.12-3.2.0.pom.sha1
2026.06.04 15:30:17 INFO  Scala CLI: Downloading https://repo.scala-lang.org/artifactory/maven-nightlies/ch/epfl/scala/bloop-shared_2.12/2.0.19/bloop-shared_2.12-2.0.19.pom
2026.06.04 15:30:17 INFO  Scala CLI: Failed to download https://repo.scala-lang.org/artifactory/maven-nightlies/ch/epfl/scala/scala-debug-adapter_2.12/4.2.8/scala-debug-adapter_2.12-4.2.8.pom
2026.06.04 15:30:17 INFO  Scala CLI: Downloading https://repo.scala-lang.org/artifactory/maven-nightlies/org/scalaz/scalaz-core_2.12/7.3.8/scalaz-core_2.12-7.3.8.pom
2026.06.04 15:30:17 INFO  Scala CLI: Failed to download https://repo.scala-lang.org/artifactory/maven-nightlies/ch/epfl/scala/libdaemon_2.12/0.0.12/libdaemon_2.12-0.0.12.pom
2026.06.04 15:30:17 INFO  Scala CLI: Failed to download https://repo.scala-lang.org/artifactory/maven-nightlies/org/scalaz/scalaz-core_2.12/7.3.8/scalaz-core_2.12-7.3.8.pom
2026.06.04 15:30:17 INFO  Scala CLI: Downloading https://repo.scala-lang.org/artifactory/maven-nightlies/ch/epfl/scala/scala-debug-adapter_2.12/4.2.8/scala-debug-adapter_2.12-4.2.8.pom.sha1
2026.06.04 15:30:17 INFO  Scala CLI: Downloading https://repo.scala-lang.org/artifactory/maven-nightlies/ch/epfl/scala/libdaemon_2.12/0.0.12/libdaemon_2.12-0.0.12.pom.sha1
2026.06.04 15:30:17 INFO  Scala CLI: Failed to download https://repo.scala-lang.org/artifactory/maven-nightlies/ch/epfl/scala/scala-debug-adapter_2.12/4.2.8/scala-debug-adapter_2.12-4.2.8.pom.sha1
2026.06.04 15:30:17 INFO  Scala CLI: Failed to download https://repo.scala-lang.org/artifactory/maven-nightlies/ch/epfl/scala/libdaemon_2.12/0.0.12/libdaemon_2.12-0.0.12.pom.sha1
2026.06.04 15:30:17 INFO  Scala CLI: Downloading https://repo.scala-lang.org/artifactory/maven-nightlies/ch/qos/logback/logback-classic/1.5.27/logback-classic-1.5.27.pom
2026.06.04 15:30:17 INFO  Scala CLI: Downloading https://repo.scala-lang.org/artifactory/maven-nightlies/org/scalaz/scalaz-core_2.12/7.3.8/scalaz-core_2.12-7.3.8.pom.sha1
2026.06.04 15:30:17 INFO  Scala CLI: Failed to download https://repo.scala-lang.org/artifactory/maven-nightlies/com/github/alexarchambault/case-app_2.12/2.0.6/case-app_2.12-2.0.6.pom
2026.06.04 15:30:17 INFO  Scala CLI: Downloading https://repo.scala-lang.org/artifactory/maven-nightlies/io/monix/monix_2.12/3.2.0/monix_2.12-3.2.0.pom
2026.06.04 15:30:17 INFO  Scala CLI: Failed to download https://repo.scala-lang.org/artifactory/maven-nightlies/ch/epfl/scala/bloop-backend_2.12/2.0.19/bloop-backend_2.12-2.0.19.pom
2026.06.04 15:30:17 INFO  Scala CLI: Downloading https://repo.scala-lang.org/artifactory/maven-nightlies/com/github/alexarchambault/case-app_2.12/2.0.6/case-app_2.12-2.0.6.pom.sha1
2026.06.04 15:30:17 INFO  Scala CLI: Failed to download https://repo.scala-lang.org/artifactory/maven-nightlies/ch/epfl/scala/bloop-shared_2.12/2.0.19/bloop-shared_2.12-2.0.19.pom
2026.06.04 15:30:17 INFO  Scala CLI: Downloading https://repo.scala-lang.org/artifactory/maven-nightlies/ch/epfl/scala/bloop-backend_2.12/2.0.19/bloop-backend_2.12-2.0.19.pom.sha1
2026.06.04 15:30:17 INFO  Scala CLI: Failed to download https://repo.scala-lang.org/artifactory/maven-nightlies/ch/epfl/scala/bloop-config_2.12/2.3.3/bloop-config_2.12-2.3.3.pom.sha1
2026.06.04 15:30:17 INFO  Scala CLI: Downloading https://repo.scala-lang.org/artifactory/maven-nightlies/ch/epfl/scala/bloop-shared_2.12/2.0.19/bloop-shared_2.12-2.0.19.pom.sha1
2026.06.04 15:30:17 INFO  Scala CLI: Failed to download https://repo.scala-lang.org/artifactory/maven-nightlies/ch/qos/logback/logback-classic/1.5.27/logback-classic-1.5.27.pom
2026.06.04 15:30:17 INFO  Scala CLI: Downloading https://repo.scala-lang.org/artifactory/maven-nightlies/ch/qos/logback/logback-classic/1.5.27/logback-classic-1.5.27.pom.sha1
2026.06.04 15:30:17 INFO  Scala CLI: Failed to download https://repo.scala-lang.org/artifactory/maven-nightlies/org/scalaz/scalaz-core_2.12/7.3.8/scalaz-core_2.12-7.3.8.pom.sha1
2026.06.04 15:30:17 INFO  Scala CLI: Downloading https://repo1.maven.org/maven2/ch/epfl/scala/scala-debug-adapter_2.12/4.2.8/scala-debug-adapter_2.12-4.2.8.pom
2026.06.04 15:30:17 INFO  Scala CLI: Failed to download https://repo.scala-lang.org/artifactory/maven-nightlies/com/github/alexarchambault/case-app_2.12/2.0.6/case-app_2.12-2.0.6.pom.sha1
2026.06.04 15:30:17 INFO  Scala CLI: Failed to download https://repo.scala-lang.org/artifactory/maven-nightlies/io/monix/monix_2.12/3.2.0/monix_2.12-3.2.0.pom
2026.06.04 15:30:17 INFO  Scala CLI: Downloading https://repo1.maven.org/maven2/ch/epfl/scala/libdaemon_2.12/0.0.12/libdaemon_2.12-0.0.12.pom
2026.06.04 15:30:17 INFO  Scala CLI: Downloading https://repo.scala-lang.org/artifactory/maven-nightlies/io/monix/monix_2.12/3.2.0/monix_2.12-3.2.0.pom.sha1
2026.06.04 15:30:17 INFO  Scala CLI: Failed to download https://repo.scala-lang.org/artifactory/maven-nightlies/ch/epfl/scala/bloop-backend_2.12/2.0.19/bloop-backend_2.12-2.0.19.pom.sha1
2026.06.04 15:30:17 INFO  Scala CLI: Downloading https://repo1.maven.org/maven2/ch/epfl/scala/bloop-config_2.12/2.3.3/bloop-config_2.12-2.3.3.pom
2026.06.04 15:30:17 INFO  Scala CLI: Downloaded https://repo1.maven.org/maven2/ch/epfl/scala/scala-debug-adapter_2.12/4.2.8/scala-debug-adapter_2.12-4.2.8.pom
2026.06.04 15:30:17 INFO  Scala CLI: Downloading https://repo1.maven.org/maven2/org/scalaz/scalaz-core_2.12/7.3.8/scalaz-core_2.12-7.3.8.pom
2026.06.04 15:30:17 INFO  Scala CLI: Failed to download https://repo.scala-lang.org/artifactory/maven-nightlies/ch/epfl/scala/bloop-shared_2.12/2.0.19/bloop-shared_2.12-2.0.19.pom.sha1
2026.06.04 15:30:17 INFO  Scala CLI: Downloaded https://repo1.maven.org/maven2/ch/epfl/scala/libdaemon_2.12/0.0.12/libdaemon_2.12-0.0.12.pom
2026.06.04 15:30:17 INFO  Scala CLI: Downloading https://repo1.maven.org/maven2/com/github/alexarchambault/case-app_2.12/2.0.6/case-app_2.12-2.0.6.pom
2026.06.04 15:30:17 INFO  Scala CLI: Downloading https://repo1.maven.org/maven2/ch/epfl/scala/bloop-backend_2.12/2.0.19/bloop-backend_2.12-2.0.19.pom
2026.06.04 15:30:18 INFO  Scala CLI: Failed to download https://repo.scala-lang.org/artifactory/maven-nightlies/ch/qos/logback/logback-classic/1.5.27/logback-classic-1.5.27.pom.sha1
2026.06.04 15:30:18 INFO  Scala CLI: Downloading https://repo1.maven.org/maven2/ch/epfl/scala/bloop-shared_2.12/2.0.19/bloop-shared_2.12-2.0.19.pom
2026.06.04 15:30:18 INFO  Scala CLI: Downloaded https://repo1.maven.org/maven2/ch/epfl/scala/bloop-config_2.12/2.3.3/bloop-config_2.12-2.3.3.pom
2026.06.04 15:30:18 INFO  Scala CLI: Downloaded https://repo1.maven.org/maven2/com/github/alexarchambault/case-app_2.12/2.0.6/case-app_2.12-2.0.6.pom
2026.06.04 15:30:18 INFO  Scala CLI: Downloaded https://repo1.maven.org/maven2/org/scalaz/scalaz-core_2.12/7.3.8/scalaz-core_2.12-7.3.8.pom
2026.06.04 15:30:18 INFO  Scala CLI: Downloading https://repo1.maven.org/maven2/ch/qos/logback/logback-classic/1.5.27/logback-classic-1.5.27.pom
2026.06.04 15:30:18 INFO  Scala CLI: Failed to download https://repo.scala-lang.org/artifactory/maven-nightlies/io/monix/monix_2.12/3.2.0/monix_2.12-3.2.0.pom.sha1
2026.06.04 15:30:18 INFO  Scala CLI: Downloading https://repo1.maven.org/maven2/io/monix/monix_2.12/3.2.0/monix_2.12-3.2.0.pom
2026.06.04 15:30:18 INFO  Scala CLI: Downloaded https://repo1.maven.org/maven2/ch/epfl/scala/bloop-shared_2.12/2.0.19/bloop-shared_2.12-2.0.19.pom
2026.06.04 15:30:18 INFO  Scala CLI: Downloaded https://repo1.maven.org/maven2/ch/qos/logback/logback-classic/1.5.27/logback-classic-1.5.27.pom
2026.06.04 15:30:18 INFO  Scala CLI: Downloaded https://repo1.maven.org/maven2/ch/epfl/scala/bloop-backend_2.12/2.0.19/bloop-backend_2.12-2.0.19.pom
2026.06.04 15:30:18 INFO  Scala CLI: Downloaded https://repo1.maven.org/maven2/io/monix/monix_2.12/3.2.0/monix_2.12-3.2.0.pom
2026.06.04 15:30:18 INFO  Scala CLI: Downloading https://central.sonatype.com/repository/maven-snapshots/ch/qos/logback/logback-parent/1.5.27/logback-parent-1.5.27.pom
2026.06.04 15:30:18 INFO  Scala CLI: Failed to download https://central.sonatype.com/repository/maven-snapshots/ch/qos/logback/logback-parent/1.5.27/logback-parent-1.5.27.pom
2026.06.04 15:30:18 INFO  Scala CLI: Downloading https://central.sonatype.com/repository/maven-snapshots/ch/qos/logback/logback-parent/1.5.27/logback-parent-1.5.27.pom.sha1
2026.06.04 15:30:20 INFO  Scala CLI: Failed to download https://central.sonatype.com/repository/maven-snapshots/ch/qos/logback/logback-parent/1.5.27/logback-parent-1.5.27.pom.sha1
2026.06.04 15:30:20 INFO  Scala CLI: Downloading https://repo.scala-lang.org/artifactory/maven-nightlies/ch/qos/logback/logback-parent/1.5.27/logback-parent-1.5.27.pom
2026.06.04 15:30:20 INFO  Scala CLI: Failed to download https://repo.scala-lang.org/artifactory/maven-nightlies/ch/qos/logback/logback-parent/1.5.27/logback-parent-1.5.27.pom
2026.06.04 15:30:20 INFO  Scala CLI: Downloading https://repo.scala-lang.org/artifactory/maven-nightlies/ch/qos/logback/logback-parent/1.5.27/logback-parent-1.5.27.pom.sha1
2026.06.04 15:30:20 INFO  Scala CLI: Failed to download https://repo.scala-lang.org/artifactory/maven-nightlies/ch/qos/logback/logback-parent/1.5.27/logback-parent-1.5.27.pom.sha1
2026.06.04 15:30:20 INFO  Scala CLI: Downloading https://repo1.maven.org/maven2/ch/qos/logback/logback-parent/1.5.27/logback-parent-1.5.27.pom
2026.06.04 15:30:20 INFO  Scala CLI: Downloaded https://repo1.maven.org/maven2/ch/qos/logback/logback-parent/1.5.27/logback-parent-1.5.27.pom
2026.06.04 15:30:20 INFO  Scala CLI: Downloading https://central.sonatype.com/repository/maven-snapshots/io/zipkin/brave/brave/5.18.1/brave-5.18.1.pom
2026.06.04 15:30:20 INFO  Scala CLI: Downloading https://central.sonatype.com/repository/maven-snapshots/io/monix/monix-java_2.12/3.2.0/monix-java_2.12-3.2.0.pom
2026.06.04 15:30:20 INFO  Scala CLI: Downloading https://central.sonatype.com/repository/maven-snapshots/org/apache/logging/log4j/log4j-core/2.23.0/log4j-core-2.23.0.pom
2026.06.04 15:30:20 INFO  Scala CLI: Downloading https://central.sonatype.com/repository/maven-snapshots/org/zeroturnaround/zt-zip/1.17/zt-zip-1.17.pom
2026.06.04 15:30:20 INFO  Scala CLI: Downloading https://central.sonatype.com/repository/maven-snapshots/io/monix/monix-reactive_2.12/3.2.0/monix-reactive_2.12-3.2.0.pom
2026.06.04 15:30:20 INFO  Scala CLI: Downloading https://central.sonatype.com/repository/maven-snapshots/com/github/alexarchambault/case-app-util_2.12/2.0.6/case-app-util_2.12-2.0.6.pom
2026.06.04 15:30:20 INFO  Scala CLI: Failed to download https://central.sonatype.com/repository/maven-snapshots/org/zeroturnaround/zt-zip/1.17/zt-zip-1.17.pom
2026.06.04 15:30:20 INFO  Scala CLI: Downloading https://central.sonatype.com/repository/maven-snapshots/io/monix/monix-tail_2.12/3.2.0/monix-tail_2.12-3.2.0.pom
2026.06.04 15:30:20 INFO  Scala CLI: Failed to download https://central.sonatype.com/repository/maven-snapshots/org/apache/logging/log4j/log4j-core/2.23.0/log4j-core-2.23.0.pom
2026.06.04 15:30:20 INFO  Scala CLI: Downloading https://central.sonatype.com/repository/maven-snapshots/com/github/plokhotnyuk/jsoniter-scala/jsoniter-scala-macros_2.12/2.13.3.2/jsoniter-scala-macros_2.12-2.13.3.2.pom
2026.06.04 15:30:20 INFO  Scala CLI: Failed to download https://central.sonatype.com/repository/maven-snapshots/io/monix/monix-reactive_2.12/3.2.0/monix-reactive_2.12-3.2.0.pom
2026.06.04 15:30:20 INFO  Scala CLI: Failed to download https://central.sonatype.com/repository/maven-snapshots/io/monix/monix-java_2.12/3.2.0/monix-java_2.12-3.2.0.pom
2026.06.04 15:30:20 INFO  Scala CLI: Downloading https://central.sonatype.com/repository/maven-snapshots/io/get-coursier/util/directories-jni/0.1.2/directories-jni-0.1.2.pom
2026.06.04 15:30:20 INFO  Scala CLI: Downloading https://central.sonatype.com/repository/maven-snapshots/com/github/alexarchambault/case-app-annotations_2.12/2.0.6/case-app-annotations_2.12-2.0.6.pom
2026.06.04 15:30:20 INFO  Scala CLI: Failed to download https://central.sonatype.com/repository/maven-snapshots/com/github/alexarchambault/case-app-util_2.12/2.0.6/case-app-util_2.12-2.0.6.pom
2026.06.04 15:30:20 INFO  Scala CLI: Downloading https://central.sonatype.com/repository/maven-snapshots/com/lihaoyi/pprint_2.12/0.9.6/pprint_2.12-0.9.6.pom
2026.06.04 15:30:20 INFO  Scala CLI: Failed to download https://central.sonatype.com/repository/maven-snapshots/io/zipkin/brave/brave/5.18.1/brave-5.18.1.pom
2026.06.04 15:30:20 INFO  Scala CLI: Downloading https://central.sonatype.com/repository/maven-snapshots/io/zipkin/reporter2/zipkin-sender-urlconnection/2.17.2/zipkin-sender-urlconnection-2.17.2.pom
2026.06.04 15:30:21 INFO  Scala CLI: Failed to download https://central.sonatype.com/repository/maven-snapshots/io/monix/monix-tail_2.12/3.2.0/monix-tail_2.12-3.2.0.pom
2026.06.04 15:30:21 INFO  Scala CLI: Downloading https://central.sonatype.com/repository/maven-snapshots/io/monix/monix-catnap_2.12/3.2.0/monix-catnap_2.12-3.2.0.pom
2026.06.04 15:30:21 INFO  Scala CLI: Failed to download https://central.sonatype.com/repository/maven-snapshots/com/github/alexarchambault/case-app-annotations_2.12/2.0.6/case-app-annotations_2.12-2.0.6.pom
2026.06.04 15:30:21 INFO  Scala CLI: Downloading https://central.sonatype.com/repository/maven-snapshots/org/scalameta/parsers_2.12/4.13.8/parsers_2.12-4.13.8.pom
2026.06.04 15:30:21 INFO  Scala CLI: Failed to download https://central.sonatype.com/repository/maven-snapshots/io/get-coursier/util/directories-jni/0.1.2/directories-jni-0.1.2.pom
2026.06.04 15:30:21 INFO  Scala CLI: Downloading https://central.sonatype.com/repository/maven-snapshots/io/github/alexarchambault/bleep/nailgun-server/1.0.7/nailgun-server-1.0.7.pom
2026.06.04 15:30:21 INFO  Scala CLI: Failed to download https://central.sonatype.com/repository/maven-snapshots/com/github/plokhotnyuk/jsoniter-scala/jsoniter-scala-macros_2.12/2.13.3.2/jsoniter-scala-macros_2.12-2.13.3.2.pom
2026.06.04 15:30:21 INFO  Scala CLI: Downloading https://central.sonatype.com/repository/maven-snapshots/ch/qos/logback/logback-core/1.5.27/logback-core-1.5.27.pom
2026.06.04 15:30:21 INFO  Scala CLI: Failed to download https://central.sonatype.com/repository/maven-snapshots/io/zipkin/reporter2/zipkin-sender-urlconnection/2.17.2/zipkin-sender-urlconnection-2.17.2.pom
2026.06.04 15:30:21 INFO  Scala CLI: Downloading https://central.sonatype.com/repository/maven-snapshots/com/lihaoyi/sourcecode_2.12/0.4.4/sourcecode_2.12-0.4.4.pom
2026.06.04 15:30:21 INFO  Scala CLI: Failed to download https://central.sonatype.com/repository/maven-snapshots/com/lihaoyi/pprint_2.12/0.9.6/pprint_2.12-0.9.6.pom
2026.06.04 15:30:21 INFO  Scala CLI: Downloading https://central.sonatype.com/repository/maven-snapshots/com/github/plokhotnyuk/jsoniter-scala/jsoniter-scala-core_2.12/2.13.5.2/jsoniter-scala-core_2.12-2.13.5.2.pom
2026.06.04 15:30:21 INFO  Scala CLI: Failed to download https://central.sonatype.com/repository/maven-snapshots/io/monix/monix-catnap_2.12/3.2.0/monix-catnap_2.12-3.2.0.pom
2026.06.04 15:30:21 INFO  Scala CLI: Downloading https://central.sonatype.com/repository/maven-snapshots/com/lihaoyi/unroll-annotation_2.12/0.1.12/unroll-annotation_2.12-0.1.12.pom
2026.06.04 15:30:21 INFO  Scala CLI: Failed to download https://central.sonatype.com/repository/maven-snapshots/io/github/alexarchambault/bleep/nailgun-server/1.0.7/nailgun-server-1.0.7.pom
2026.06.04 15:30:21 INFO  Scala CLI: Failed to download https://central.sonatype.com/repository/maven-snapshots/com/lihaoyi/sourcecode_2.12/0.4.4/sourcecode_2.12-0.4.4.pom
2026.06.04 15:30:21 INFO  Scala CLI: Downloading https://central.sonatype.com/repository/maven-snapshots/org/scala-sbt/test-agent/1.12.1/test-agent-1.12.1.pom
2026.06.04 15:30:21 INFO  Scala CLI: Downloading https://central.sonatype.com/repository/maven-snapshots/org/scala-sbt/librarymanagement-ivy_2.12/1.12.0/librarymanagement-ivy_2.12-1.12.0.pom
2026.06.04 15:30:21 INFO  Scala CLI: Failed to download https://central.sonatype.com/repository/maven-snapshots/org/scalameta/parsers_2.12/4.13.8/parsers_2.12-4.13.8.pom
2026.06.04 15:30:21 INFO  Scala CLI: Downloading https://central.sonatype.com/repository/maven-snapshots/org/ow2/asm/asm-util/9.9.1/asm-util-9.9.1.pom
2026.06.04 15:30:21 INFO  Scala CLI: Failed to download https://central.sonatype.com/repository/maven-snapshots/ch/qos/logback/logback-core/1.5.27/logback-core-1.5.27.pom
2026.06.04 15:30:21 INFO  Scala CLI: Downloading https://central.sonatype.com/repository/maven-snapshots/io/monix/monix-eval_2.12/3.2.0/monix-eval_2.12-3.2.0.pom
2026.06.04 15:30:21 INFO  Scala CLI: Failed to download https://central.sonatype.com/repository/maven-snapshots/com/github/plokhotnyuk/jsoniter-scala/jsoniter-scala-core_2.12/2.13.5.2/jsoniter-scala-core_2.12-2.13.5.2.pom
2026.06.04 15:30:21 INFO  Scala CLI: Downloading https://central.sonatype.com/repository/maven-snapshots/ch/epfl/scala/bsp4s_2.12/2.1.1/bsp4s_2.12-2.1.1.pom
2026.06.04 15:30:21 INFO  Scala CLI: Failed to download https://central.sonatype.com/repository/maven-snapshots/com/lihaoyi/unroll-annotation_2.12/0.1.12/unroll-annotation_2.12-0.1.12.pom
2026.06.04 15:30:21 INFO  Scala CLI: Downloading https://central.sonatype.com/repository/maven-snapshots/io/monix/monix-execution_2.12/3.2.0/monix-execution_2.12-3.2.0.pom
2026.06.04 15:30:21 INFO  Scala CLI: Failed to download https://central.sonatype.com/repository/maven-snapshots/org/scala-sbt/test-agent/1.12.1/test-agent-1.12.1.pom
2026.06.04 15:30:21 INFO  Scala CLI: Failed to download https://central.sonatype.com/repository/maven-snapshots/org/scala-sbt/librarymanagement-ivy_2.12/1.12.0/librarymanagement-ivy_2.12-1.12.0.pom
2026.06.04 15:30:21 INFO  Scala CLI: Downloading https://central.sonatype.com/repository/maven-snapshots/net/jpountz/lz4/lz4/1.3.0/lz4-1.3.0.pom
2026.06.04 15:30:21 INFO  Scala CLI: Downloading https://central.sonatype.com/repository/maven-snapshots/net/java/dev/jna/jna/5.18.1/jna-5.18.1.pom
2026.06.04 15:30:21 INFO  Scala CLI: Failed to download https://central.sonatype.com/repository/maven-snapshots/org/ow2/asm/asm-util/9.9.1/asm-util-9.9.1.pom
2026.06.04 15:30:21 INFO  Scala CLI: Failed to download https://central.sonatype.com/repository/maven-snapshots/io/monix/monix-eval_2.12/3.2.0/monix-eval_2.12-3.2.0.pom
2026.06.04 15:30:21 INFO  Scala CLI: Downloading https://central.sonatype.com/repository/maven-snapshots/org/scala-lang/modules/scala-collection-compat_2.12/2.13.0/scala-collection-compat_2.12-2.13.0.pom
2026.06.04 15:30:21 INFO  Scala CLI: Downloading https://central.sonatype.com/repository/maven-snapshots/io/github/alexarchambault/bleep/jsonrpc4s_2.12/0.1.1/jsonrpc4s_2.12-0.1.1.pom
2026.06.04 15:30:21 INFO  Scala CLI: Failed to download https://central.sonatype.com/repository/maven-snapshots/ch/epfl/scala/bsp4s_2.12/2.1.1/bsp4s_2.12-2.1.1.pom
2026.06.04 15:30:21 INFO  Scala CLI: Downloading https://central.sonatype.com/repository/maven-snapshots/org/zeroturnaround/zt-zip/1.17/zt-zip-1.17.pom.sha1
2026.06.04 15:30:22 INFO  Scala CLI: Failed to download https://central.sonatype.com/repository/maven-snapshots/net/jpountz/lz4/lz4/1.3.0/lz4-1.3.0.pom
2026.06.04 15:30:22 INFO  Scala CLI: Downloading https://central.sonatype.com/repository/maven-snapshots/ch/epfl/scala/directory-watcher/0.8.0+6-f651bd93/directory-watcher-0.8.0+6-f651bd93.pom
2026.06.04 15:30:22 INFO  Scala CLI: Failed to download https://central.sonatype.com/repository/maven-snapshots/io/monix/monix-execution_2.12/3.2.0/monix-execution_2.12-3.2.0.pom
2026.06.04 15:30:22 INFO  Scala CLI: Downloading https://central.sonatype.com/repository/maven-snapshots/org/apache/logging/log4j/log4j-core/2.23.0/log4j-core-2.23.0.pom.sha1
2026.06.04 15:30:22 INFO  Scala CLI: Failed to download https://central.sonatype.com/repository/maven-snapshots/net/java/dev/jna/jna/5.18.1/jna-5.18.1.pom
2026.06.04 15:30:22 INFO  Scala CLI: Downloading https://central.sonatype.com/repository/maven-snapshots/io/monix/monix-reactive_2.12/3.2.0/monix-reactive_2.12-3.2.0.pom.sha1
2026.06.04 15:30:22 INFO  Scala CLI: Failed to download https://central.sonatype.com/repository/maven-snapshots/org/scala-lang/modules/scala-collection-compat_2.12/2.13.0/scala-collection-compat_2.12-2.13.0.pom
2026.06.04 15:30:22 INFO  Scala CLI: Downloading https://central.sonatype.com/repository/maven-snapshots/io/monix/monix-java_2.12/3.2.0/monix-java_2.12-3.2.0.pom.sha1
2026.06.04 15:30:22 INFO  Scala CLI: Failed to download https://central.sonatype.com/repository/maven-snapshots/io/github/alexarchambault/bleep/jsonrpc4s_2.12/0.1.1/jsonrpc4s_2.12-0.1.1.pom
2026.06.04 15:30:22 INFO  Scala CLI: Downloading https://central.sonatype.com/repository/maven-snapshots/com/github/alexarchambault/case-app-util_2.12/2.0.6/case-app-util_2.12-2.0.6.pom.sha1
2026.06.04 15:30:22 INFO  Scala CLI: Failed to download https://central.sonatype.com/repository/maven-snapshots/org/zeroturnaround/zt-zip/1.17/zt-zip-1.17.pom.sha1
2026.06.04 15:30:22 INFO  Scala CLI: Downloading https://central.sonatype.com/repository/maven-snapshots/io/zipkin/brave/brave/5.18.1/brave-5.18.1.pom.sha1
2026.06.04 15:30:22 INFO  Scala CLI: Failed to download https://central.sonatype.com/repository/maven-snapshots/ch/epfl/scala/directory-watcher/0.8.0+6-f651bd93/directory-watcher-0.8.0+6-f651bd93.pom
2026.06.04 15:30:22 INFO  Scala CLI: Downloading https://central.sonatype.com/repository/maven-snapshots/io/monix/monix-tail_2.12/3.2.0/monix-tail_2.12-3.2.0.pom.sha1
2026.06.04 15:30:22 INFO  Scala CLI: Failed to download https://central.sonatype.com/repository/maven-snapshots/io/monix/monix-reactive_2.12/3.2.0/monix-reactive_2.12-3.2.0.pom.sha1
2026.06.04 15:30:22 INFO  Scala CLI: Downloading https://central.sonatype.com/repository/maven-snapshots/com/github/alexarchambault/case-app-annotations_2.12/2.0.6/case-app-annotations_2.12-2.0.6.pom.sha1
2026.06.04 15:30:22 INFO  Scala CLI: Failed to download https://central.sonatype.com/repository/maven-snapshots/org/apache/logging/log4j/log4j-core/2.23.0/log4j-core-2.23.0.pom.sha1
2026.06.04 15:30:22 INFO  Scala CLI: Downloading https://central.sonatype.com/repository/maven-snapshots/io/get-coursier/util/directories-jni/0.1.2/directories-jni-0.1.2.pom.sha1
2026.06.04 15:30:22 INFO  Scala CLI: Failed to download https://central.sonatype.com/repository/maven-snapshots/com/github/alexarchambault/case-app-util_2.12/2.0.6/case-app-util_2.12-2.0.6.pom.sha1
2026.06.04 15:30:22 INFO  Scala CLI: Downloading https://central.sonatype.com/repository/maven-snapshots/com/github/plokhotnyuk/jsoniter-scala/jsoniter-scala-macros_2.12/2.13.3.2/jsoniter-scala-macros_2.12-2.13.3.2.pom.sha1
2026.06.04 15:30:22 INFO  Scala CLI: Failed to download https://central.sonatype.com/repository/maven-snapshots/io/monix/monix-java_2.12/3.2.0/monix-java_2.12-3.2.0.pom.sha1
2026.06.04 15:30:22 INFO  Scala CLI: Downloading https://central.sonatype.com/repository/maven-snapshots/io/zipkin/reporter2/zipkin-sender-urlconnection/2.17.2/zipkin-sender-urlconnection-2.17.2.pom.sha1
2026.06.04 15:30:22 INFO  Scala CLI: Failed to download https://central.sonatype.com/repository/maven-snapshots/io/zipkin/brave/brave/5.18.1/brave-5.18.1.pom.sha1
2026.06.04 15:30:22 INFO  Scala CLI: Downloading https://central.sonatype.com/repository/maven-snapshots/com/lihaoyi/pprint_2.12/0.9.6/pprint_2.12-0.9.6.pom.sha1
2026.06.04 15:30:22 INFO  Scala CLI: Failed to download https://central.sonatype.com/repository/maven-snapshots/com/github/alexarchambault/case-app-annotations_2.12/2.0.6/case-app-annotations_2.12-2.0.6.pom.sha1
2026.06.04 15:30:22 INFO  Scala CLI: Downloading https://central.sonatype.com/repository/maven-snapshots/io/monix/monix-catnap_2.12/3.2.0/monix-catnap_2.12-3.2.0.pom.sha1
2026.06.04 15:30:22 INFO  Scala CLI: Failed to download https://central.sonatype.com/repository/maven-snapshots/io/get-coursier/util/directories-jni/0.1.2/directories-jni-0.1.2.pom.sha1
2026.06.04 15:30:22 INFO  Scala CLI: Downloading https://central.sonatype.com/repository/maven-snapshots/io/github/alexarchambault/bleep/nailgun-server/1.0.7/nailgun-server-1.0.7.pom.sha1
2026.06.04 15:30:22 INFO  Scala CLI: Failed to download https://central.sonatype.com/repository/maven-snapshots/io/monix/monix-tail_2.12/3.2.0/monix-tail_2.12-3.2.0.pom.sha1
2026.06.04 15:30:22 INFO  Scala CLI: Downloading https://central.sonatype.com/repository/maven-snapshots/com/lihaoyi/sourcecode_2.12/0.4.4/sourcecode_2.12-0.4.4.pom.sha1
2026.06.04 15:30:22 INFO  Scala CLI: Failed to download https://central.sonatype.com/repository/maven-snapshots/com/github/plokhotnyuk/jsoniter-scala/jsoniter-scala-macros_2.12/2.13.3.2/jsoniter-scala-macros_2.12-2.13.3.2.pom.sha1
2026.06.04 15:30:22 INFO  Scala CLI: Downloading https://central.sonatype.com/repository/maven-snapshots/org/scalameta/parsers_2.12/4.13.8/parsers_2.12-4.13.8.pom.sha1
2026.06.04 15:30:22 INFO  Scala CLI: Failed to download https://central.sonatype.com/repository/maven-snapshots/io/zipkin/reporter2/zipkin-sender-urlconnection/2.17.2/zipkin-sender-urlconnection-2.17.2.pom.sha1
2026.06.04 15:30:22 INFO  Scala CLI: Downloading https://central.sonatype.com/repository/maven-snapshots/ch/qos/logback/logback-core/1.5.27/logback-core-1.5.27.pom.sha1
2026.06.04 15:30:22 INFO  Scala CLI: Failed to download https://central.sonatype.com/repository/maven-snapshots/com/lihaoyi/pprint_2.12/0.9.6/pprint_2.12-0.9.6.pom.sha1
2026.06.04 15:30:22 INFO  Scala CLI: Downloading https://central.sonatype.com/repository/maven-snapshots/com/github/plokhotnyuk/jsoniter-scala/jsoniter-scala-core_2.12/2.13.5.2/jsoniter-scala-core_2.12-2.13.5.2.pom.sha1
2026.06.04 15:30:24 INFO  Scala CLI: Failed to download https://central.sonatype.com/repository/maven-snapshots/io/monix/monix-catnap_2.12/3.2.0/monix-catnap_2.12-3.2.0.pom.sha1
2026.06.04 15:30:24 INFO  Scala CLI: Downloading https://central.sonatype.com/repository/maven-snapshots/com/lihaoyi/unroll-annotation_2.12/0.1.12/unroll-annotation_2.12-0.1.12.pom.sha1
2026.06.04 15:30:24 INFO  Scala CLI: Failed to download https://central.sonatype.com/repository/maven-snapshots/io/github/alexarchambault/bleep/nailgun-server/1.0.7/nailgun-server-1.0.7.pom.sha1
2026.06.04 15:30:24 INFO  Scala CLI: Downloading https://central.sonatype.com/repository/maven-snapshots/org/scala-sbt/test-agent/1.12.1/test-agent-1.12.1.pom.sha1
2026.06.04 15:30:24 INFO  Scala CLI: Failed to download https://central.sonatype.com/repository/maven-snapshots/com/lihaoyi/sourcecode_2.12/0.4.4/sourcecode_2.12-0.4.4.pom.sha1
2026.06.04 15:30:24 INFO  Scala CLI: Downloading https://central.sonatype.com/repository/maven-snapshots/org/scala-sbt/librarymanagement-ivy_2.12/1.12.0/librarymanagement-ivy_2.12-1.12.0.pom.sha1
2026.06.04 15:30:24 INFO  Scala CLI: Failed to download https://central.sonatype.com/repository/maven-snapshots/org/scalameta/parsers_2.12/4.13.8/parsers_2.12-4.13.8.pom.sha1
2026.06.04 15:30:24 INFO  Scala CLI: Downloading https://central.sonatype.com/repository/maven-snapshots/org/ow2/asm/asm-util/9.9.1/asm-util-9.9.1.pom.sha1
2026.06.04 15:30:24 INFO  Scala CLI: Failed to download https://central.sonatype.com/repository/maven-snapshots/ch/qos/logback/logback-core/1.5.27/logback-core-1.5.27.pom.sha1
2026.06.04 15:30:24 INFO  Scala CLI: Downloading https://central.sonatype.com/repository/maven-snapshots/io/monix/monix-eval_2.12/3.2.0/monix-eval_2.12-3.2.0.pom.sha1
2026.06.04 15:30:24 INFO  Scala CLI: Failed to download https://central.sonatype.com/repository/maven-snapshots/com/github/plokhotnyuk/jsoniter-scala/jsoniter-scala-core_2.12/2.13.5.2/jsoniter-scala-core_2.12-2.13.5.2.pom.sha1
2026.06.04 15:30:24 INFO  Scala CLI: Downloading https://central.sonatype.com/repository/maven-snapshots/ch/epfl/scala/bsp4s_2.12/2.1.1/bsp4s_2.12-2.1.1.pom.sha1
2026.06.04 15:30:24 INFO  Scala CLI: Failed to download https://central.sonatype.com/repository/maven-snapshots/com/lihaoyi/unroll-annotation_2.12/0.1.12/unroll-annotation_2.12-0.1.12.pom.sha1
2026.06.04 15:30:24 INFO  Scala CLI: Downloading https://central.sonatype.com/repository/maven-snapshots/net/jpountz/lz4/lz4/1.3.0/lz4-1.3.0.pom.sha1
2026.06.04 15:30:24 INFO  Scala CLI: Failed to download https://central.sonatype.com/repository/maven-snapshots/org/scala-sbt/test-agent/1.12.1/test-agent-1.12.1.pom.sha1
2026.06.04 15:30:24 INFO  Scala CLI: Downloading https://central.sonatype.com/repository/maven-snapshots/io/monix/monix-execution_2.12/3.2.0/monix-execution_2.12-3.2.0.pom.sha1
2026.06.04 15:30:24 INFO  Scala CLI: Failed to download https://central.sonatype.com/repository/maven-snapshots/org/scala-sbt/librarymanagement-ivy_2.12/1.12.0/librarymanagement-ivy_2.12-1.12.0.pom.sha1
2026.06.04 15:30:24 INFO  Scala CLI: Downloading https://central.sonatype.com/repository/maven-snapshots/net/java/dev/jna/jna/5.18.1/jna-5.18.1.pom.sha1
2026.06.04 15:30:24 INFO  Scala CLI: Failed to download https://central.sonatype.com/repository/maven-snapshots/org/ow2/asm/asm-util/9.9.1/asm-util-9.9.1.pom.sha1
2026.06.04 15:30:24 INFO  Scala CLI: Downloading https://central.sonatype.com/repository/maven-snapshots/org/scala-lang/modules/scala-collection-compat_2.12/2.13.0/scala-collection-compat_2.12-2.13.0.pom.sha1
2026.06.04 15:30:24 INFO  Scala CLI: Failed to download https://central.sonatype.com/repository/maven-snapshots/io/monix/monix-eval_2.12/3.2.0/monix-eval_2.12-3.2.0.pom.sha1
2026.06.04 15:30:24 INFO  Scala CLI: Downloading https://central.sonatype.com/repository/maven-snapshots/io/github/alexarchambault/bleep/jsonrpc4s_2.12/0.1.1/jsonrpc4s_2.12-0.1.1.pom.sha1
2026.06.04 15:30:24 INFO  Scala CLI: Failed to download https://central.sonatype.com/repository/maven-snapshots/ch/epfl/scala/bsp4s_2.12/2.1.1/bsp4s_2.12-2.1.1.pom.sha1
2026.06.04 15:30:24 INFO  Scala CLI: Downloading https://central.sonatype.com/repository/maven-snapshots/ch/epfl/scala/directory-watcher/0.8.0+6-f651bd93/directory-watcher-0.8.0+6-f651bd93.pom.sha1
2026.06.04 15:30:24 INFO  Scala CLI: Failed to download https://central.sonatype.com/repository/maven-snapshots/io/monix/monix-execution_2.12/3.2.0/monix-execution_2.12-3.2.0.pom.sha1
2026.06.04 15:30:24 INFO  Scala CLI: Failed to download https://central.sonatype.com/repository/maven-snapshots/net/jpountz/lz4/lz4/1.3.0/lz4-1.3.0.pom.sha1
2026.06.04 15:30:24 INFO  Scala CLI: Failed to download https://central.sonatype.com/repository/maven-snapshots/net/java/dev/jna/jna/5.18.1/jna-5.18.1.pom.sha1
2026.06.04 15:30:24 INFO  Scala CLI: Downloading https://repo.scala-lang.org/artifactory/maven-nightlies/org/zeroturnaround/zt-zip/1.17/zt-zip-1.17.pom
2026.06.04 15:30:24 INFO  Scala CLI: Downloading https://repo.scala-lang.org/artifactory/maven-nightlies/org/apache/logging/log4j/log4j-core/2.23.0/log4j-core-2.23.0.pom
2026.06.04 15:30:24 INFO  Scala CLI: Downloading https://repo.scala-lang.org/artifactory/maven-nightlies/io/monix/monix-reactive_2.12/3.2.0/monix-reactive_2.12-3.2.0.pom
2026.06.04 15:30:24 INFO  Scala CLI: Failed to download https://central.sonatype.com/repository/maven-snapshots/org/scala-lang/modules/scala-collection-compat_2.12/2.13.0/scala-collection-compat_2.12-2.13.0.pom.sha1
2026.06.04 15:30:24 INFO  Scala CLI: Failed to download https://central.sonatype.com/repository/maven-snapshots/io/github/alexarchambault/bleep/jsonrpc4s_2.12/0.1.1/jsonrpc4s_2.12-0.1.1.pom.sha1
2026.06.04 15:30:24 INFO  Scala CLI: Downloading https://repo.scala-lang.org/artifactory/maven-nightlies/com/github/alexarchambault/case-app-util_2.12/2.0.6/case-app-util_2.12-2.0.6.pom
2026.06.04 15:30:24 INFO  Scala CLI: Downloading https://repo.scala-lang.org/artifactory/maven-nightlies/io/zipkin/brave/brave/5.18.1/brave-5.18.1.pom
2026.06.04 15:30:24 INFO  Scala CLI: Failed to download https://central.sonatype.com/repository/maven-snapshots/ch/epfl/scala/directory-watcher/0.8.0+6-f651bd93/directory-watcher-0.8.0+6-f651bd93.pom.sha1
2026.06.04 15:30:24 INFO  Scala CLI: Downloading https://repo.scala-lang.org/artifactory/maven-nightlies/io/monix/monix-java_2.12/3.2.0/monix-java_2.12-3.2.0.pom
2026.06.04 15:30:25 INFO  Scala CLI: Failed to download https://repo.scala-lang.org/artifactory/maven-nightlies/org/zeroturnaround/zt-zip/1.17/zt-zip-1.17.pom
2026.06.04 15:30:25 INFO  Scala CLI: Downloading https://repo.scala-lang.org/artifactory/maven-nightlies/com/github/alexarchambault/case-app-annotations_2.12/2.0.6/case-app-annotations_2.12-2.0.6.pom
2026.06.04 15:30:25 INFO  Scala CLI: Failed to download https://repo.scala-lang.org/artifactory/maven-nightlies/com/github/alexarchambault/case-app-annotations_2.12/2.0.6/case-app-annotations_2.12-2.0.6.pom
2026.06.04 15:30:25 INFO  Scala CLI: Downloading https://repo.scala-lang.org/artifactory/maven-nightlies/io/get-coursier/util/directories-jni/0.1.2/directories-jni-0.1.2.pom
2026.06.04 15:30:25 INFO  Scala CLI: Failed to download https://repo.scala-lang.org/artifactory/maven-nightlies/com/github/alexarchambault/case-app-util_2.12/2.0.6/case-app-util_2.12-2.0.6.pom
2026.06.04 15:30:25 INFO  Scala CLI: Downloading https://repo.scala-lang.org/artifactory/maven-nightlies/io/monix/monix-tail_2.12/3.2.0/monix-tail_2.12-3.2.0.pom
2026.06.04 15:30:25 INFO  Scala CLI: Failed to download https://repo.scala-lang.org/artifactory/maven-nightlies/io/get-coursier/util/directories-jni/0.1.2/directories-jni-0.1.2.pom
2026.06.04 15:30:25 INFO  Scala CLI: Downloading https://repo.scala-lang.org/artifactory/maven-nightlies/io/zipkin/reporter2/zipkin-sender-urlconnection/2.17.2/zipkin-sender-urlconnection-2.17.2.pom
2026.06.04 15:30:25 INFO  Scala CLI: Failed to download https://repo.scala-lang.org/artifactory/maven-nightlies/io/monix/monix-java_2.12/3.2.0/monix-java_2.12-3.2.0.pom
2026.06.04 15:30:25 INFO  Scala CLI: Downloading https://repo.scala-lang.org/artifactory/maven-nightlies/com/github/plokhotnyuk/jsoniter-scala/jsoniter-scala-macros_2.12/2.13.3.2/jsoniter-scala-macros_2.12-2.13.3.2.pom
2026.06.04 15:30:25 INFO  Scala CLI: Failed to download https://repo.scala-lang.org/artifactory/maven-nightlies/io/zipkin/brave/brave/5.18.1/brave-5.18.1.pom
2026.06.04 15:30:25 INFO  Scala CLI: Downloading https://repo.scala-lang.org/artifactory/maven-nightlies/com/lihaoyi/pprint_2.12/0.9.6/pprint_2.12-0.9.6.pom
2026.06.04 15:30:25 INFO  Scala CLI: Failed to download https://repo.scala-lang.org/artifactory/maven-nightlies/org/apache/logging/log4j/log4j-core/2.23.0/log4j-core-2.23.0.pom
2026.06.04 15:30:25 INFO  Scala CLI: Downloading https://repo.scala-lang.org/artifactory/maven-nightlies/io/monix/monix-catnap_2.12/3.2.0/monix-catnap_2.12-3.2.0.pom
2026.06.04 15:30:25 INFO  Scala CLI: Failed to download https://repo.scala-lang.org/artifactory/maven-nightlies/io/monix/monix-reactive_2.12/3.2.0/monix-reactive_2.12-3.2.0.pom
2026.06.04 15:30:25 INFO  Scala CLI: Downloading https://repo.scala-lang.org/artifactory/maven-nightlies/io/github/alexarchambault/bleep/nailgun-server/1.0.7/nailgun-server-1.0.7.pom
2026.06.04 15:30:25 INFO  Scala CLI: Failed to download https://repo.scala-lang.org/artifactory/maven-nightlies/io/monix/monix-tail_2.12/3.2.0/monix-tail_2.12-3.2.0.pom
2026.06.04 15:30:25 INFO  Scala CLI: Downloading https://repo.scala-lang.org/artifactory/maven-nightlies/com/lihaoyi/sourcecode_2.12/0.4.4/sourcecode_2.12-0.4.4.pom
2026.06.04 15:30:25 INFO  Scala CLI: Failed to download https://repo.scala-lang.org/artifactory/maven-nightlies/io/zipkin/reporter2/zipkin-sender-urlconnection/2.17.2/zipkin-sender-urlconnection-2.17.2.pom
2026.06.04 15:30:25 INFO  Scala CLI: Downloading https://repo.scala-lang.org/artifactory/maven-nightlies/org/scalameta/parsers_2.12/4.13.8/parsers_2.12-4.13.8.pom
2026.06.04 15:30:25 INFO  Scala CLI: Failed to download https://repo.scala-lang.org/artifactory/maven-nightlies/io/github/alexarchambault/bleep/nailgun-server/1.0.7/nailgun-server-1.0.7.pom
2026.06.04 15:30:25 INFO  Scala CLI: Downloading https://repo.scala-lang.org/artifactory/maven-nightlies/ch/qos/logback/logback-core/1.5.27/logback-core-1.5.27.pom
2026.06.04 15:30:25 INFO  Scala CLI: Failed to download https://repo.scala-lang.org/artifactory/maven-nightlies/com/github/plokhotnyuk/jsoniter-scala/jsoniter-scala-macros_2.12/2.13.3.2/jsoniter-scala-macros_2.12-2.13.3.2.pom
2026.06.04 15:30:25 INFO  Scala CLI: Downloading https://repo.scala-lang.org/artifactory/maven-nightlies/com/github/plokhotnyuk/jsoniter-scala/jsoniter-scala-core_2.12/2.13.5.2/jsoniter-scala-core_2.12-2.13.5.2.pom
2026.06.04 15:30:25 INFO  Scala CLI: Failed to download https://repo.scala-lang.org/artifactory/maven-nightlies/com/lihaoyi/pprint_2.12/0.9.6/pprint_2.12-0.9.6.pom
2026.06.04 15:30:25 INFO  Scala CLI: Downloading https://repo.scala-lang.org/artifactory/maven-nightlies/com/lihaoyi/unroll-annotation_2.12/0.1.12/unroll-annotation_2.12-0.1.12.pom
2026.06.04 15:30:25 INFO  Scala CLI: Failed to download https://repo.scala-lang.org/artifactory/maven-nightlies/io/monix/monix-catnap_2.12/3.2.0/monix-catnap_2.12-3.2.0.pom
2026.06.04 15:30:25 INFO  Scala CLI: Downloading https://repo.scala-lang.org/artifactory/maven-nightlies/org/scala-sbt/test-agent/1.12.1/test-agent-1.12.1.pom
2026.06.04 15:30:25 INFO  Scala CLI: Failed to download https://repo.scala-lang.org/artifactory/maven-nightlies/com/lihaoyi/sourcecode_2.12/0.4.4/sourcecode_2.12-0.4.4.pom
2026.06.04 15:30:25 INFO  Scala CLI: Downloading https://repo.scala-lang.org/artifactory/maven-nightlies/org/scala-sbt/librarymanagement-ivy_2.12/1.12.0/librarymanagement-ivy_2.12-1.12.0.pom
2026.06.04 15:30:25 INFO  Scala CLI: Failed to download https://repo.scala-lang.org/artifactory/maven-nightlies/org/scalameta/parsers_2.12/4.13.8/parsers_2.12-4.13.8.pom
2026.06.04 15:30:25 INFO  Scala CLI: Downloading https://repo.scala-lang.org/artifactory/maven-nightlies/org/ow2/asm/asm-util/9.9.1/asm-util-9.9.1.pom
2026.06.04 15:30:25 INFO  Scala CLI: Failed to download https://repo.scala-lang.org/artifactory/maven-nightlies/com/github/plokhotnyuk/jsoniter-scala/jsoniter-scala-core_2.12/2.13.5.2/jsoniter-scala-core_2.12-2.13.5.2.pom
2026.06.04 15:30:25 INFO  Scala CLI: Downloading https://repo.scala-lang.org/artifactory/maven-nightlies/io/monix/monix-eval_2.12/3.2.0/monix-eval_2.12-3.2.0.pom
2026.06.04 15:30:25 INFO  Scala CLI: Failed to download https://repo.scala-lang.org/artifactory/maven-nightlies/ch/qos/logback/logback-core/1.5.27/logback-core-1.5.27.pom
2026.06.04 15:30:25 INFO  Scala CLI: Downloading https://repo.scala-lang.org/artifactory/maven-nightlies/ch/epfl/scala/bsp4s_2.12/2.1.1/bsp4s_2.12-2.1.1.pom
2026.06.04 15:30:25 INFO  Scala CLI: Failed to download https://repo.scala-lang.org/artifactory/maven-nightlies/com/lihaoyi/unroll-annotation_2.12/0.1.12/unroll-annotation_2.12-0.1.12.pom
2026.06.04 15:30:25 INFO  Scala CLI: Downloading https://repo.scala-lang.org/artifactory/maven-nightlies/io/monix/monix-execution_2.12/3.2.0/monix-execution_2.12-3.2.0.pom
2026.06.04 15:30:25 INFO  Scala CLI: Failed to download https://repo.scala-lang.org/artifactory/maven-nightlies/org/scala-sbt/test-agent/1.12.1/test-agent-1.12.1.pom
2026.06.04 15:30:25 INFO  Scala CLI: Downloading https://repo.scala-lang.org/artifactory/maven-nightlies/org/zeroturnaround/zt-zip/1.17/zt-zip-1.17.pom.sha1
2026.06.04 15:30:25 INFO  Scala CLI: Failed to download https://repo.scala-lang.org/artifactory/maven-nightlies/org/scala-sbt/librarymanagement-ivy_2.12/1.12.0/librarymanagement-ivy_2.12-1.12.0.pom
2026.06.04 15:30:25 INFO  Scala CLI: Downloading https://repo.scala-lang.org/artifactory/maven-nightlies/com/github/alexarchambault/case-app-annotations_2.12/2.0.6/case-app-annotations_2.12-2.0.6.pom.sha1
2026.06.04 15:30:25 INFO  Scala CLI: Failed to download https://repo.scala-lang.org/artifactory/maven-nightlies/org/ow2/asm/asm-util/9.9.1/asm-util-9.9.1.pom
2026.06.04 15:30:25 INFO  Scala CLI: Downloading https://repo.scala-lang.org/artifactory/maven-nightlies/com/github/alexarchambault/case-app-util_2.12/2.0.6/case-app-util_2.12-2.0.6.pom.sha1
2026.06.04 15:30:25 INFO  Scala CLI: Failed to download https://repo.scala-lang.org/artifactory/maven-nightlies/io/monix/monix-eval_2.12/3.2.0/monix-eval_2.12-3.2.0.pom
2026.06.04 15:30:25 INFO  Scala CLI: Downloading https://repo.scala-lang.org/artifactory/maven-nightlies/io/get-coursier/util/directories-jni/0.1.2/directories-jni-0.1.2.pom.sha1
2026.06.04 15:30:26 INFO  Scala CLI: Failed to download https://repo.scala-lang.org/artifactory/maven-nightlies/ch/epfl/scala/bsp4s_2.12/2.1.1/bsp4s_2.12-2.1.1.pom
2026.06.04 15:30:26 INFO  Scala CLI: Downloading https://repo.scala-lang.org/artifactory/maven-nightlies/io/monix/monix-java_2.12/3.2.0/monix-java_2.12-3.2.0.pom.sha1
2026.06.04 15:30:26 INFO  Scala CLI: Failed to download https://repo.scala-lang.org/artifactory/maven-nightlies/io/monix/monix-execution_2.12/3.2.0/monix-execution_2.12-3.2.0.pom
2026.06.04 15:30:26 INFO  Scala CLI: Downloading https://repo.scala-lang.org/artifactory/maven-nightlies/io/zipkin/brave/brave/5.18.1/brave-5.18.1.pom.sha1
2026.06.04 15:30:26 INFO  Scala CLI: Failed to download https://repo.scala-lang.org/artifactory/maven-nightlies/org/zeroturnaround/zt-zip/1.17/zt-zip-1.17.pom.sha1
2026.06.04 15:30:26 INFO  Scala CLI: Downloading https://repo.scala-lang.org/artifactory/maven-nightlies/org/apache/logging/log4j/log4j-core/2.23.0/log4j-core-2.23.0.pom.sha1
2026.06.04 15:30:26 INFO  Scala CLI: Failed to download https://repo.scala-lang.org/artifactory/maven-nightlies/com/github/alexarchambault/case-app-util_2.12/2.0.6/case-app-util_2.12-2.0.6.pom.sha1
2026.06.04 15:30:26 INFO  Scala CLI: Downloading https://repo.scala-lang.org/artifactory/maven-nightlies/io/monix/monix-reactive_2.12/3.2.0/monix-reactive_2.12-3.2.0.pom.sha1
2026.06.04 15:30:26 INFO  Scala CLI: Failed to download https://repo.scala-lang.org/artifactory/maven-nightlies/com/github/alexarchambault/case-app-annotations_2.12/2.0.6/case-app-annotations_2.12-2.0.6.pom.sha1
2026.06.04 15:30:26 INFO  Scala CLI: Downloading https://repo.scala-lang.org/artifactory/maven-nightlies/io/monix/monix-tail_2.12/3.2.0/monix-tail_2.12-3.2.0.pom.sha1
2026.06.04 15:30:26 INFO  Scala CLI: Failed to download https://repo.scala-lang.org/artifactory/maven-nightlies/io/get-coursier/util/directories-jni/0.1.2/directories-jni-0.1.2.pom.sha1
2026.06.04 15:30:26 INFO  Scala CLI: Downloading https://repo.scala-lang.org/artifactory/maven-nightlies/io/zipkin/reporter2/zipkin-sender-urlconnection/2.17.2/zipkin-sender-urlconnection-2.17.2.pom.sha1
2026.06.04 15:30:26 INFO  Scala CLI: Failed to download https://repo.scala-lang.org/artifactory/maven-nightlies/io/monix/monix-java_2.12/3.2.0/monix-java_2.12-3.2.0.pom.sha1
2026.06.04 15:30:26 INFO  Scala CLI: Downloading https://repo.scala-lang.org/artifactory/maven-nightlies/io/github/alexarchambault/bleep/nailgun-server/1.0.7/nailgun-server-1.0.7.pom.sha1
2026.06.04 15:30:26 INFO  Scala CLI: Failed to download https://repo.scala-lang.org/artifactory/maven-nightlies/io/zipkin/brave/brave/5.18.1/brave-5.18.1.pom.sha1
2026.06.04 15:30:26 INFO  Scala CLI: Downloading https://repo.scala-lang.org/artifactory/maven-nightlies/com/github/plokhotnyuk/jsoniter-scala/jsoniter-scala-macros_2.12/2.13.3.2/jsoniter-scala-macros_2.12-2.13.3.2.pom.sha1
2026.06.04 15:30:26 INFO  Scala CLI: Failed to download https://repo.scala-lang.org/artifactory/maven-nightlies/org/apache/logging/log4j/log4j-core/2.23.0/log4j-core-2.23.0.pom.sha1
2026.06.04 15:30:26 INFO  Scala CLI: Downloading https://repo.scala-lang.org/artifactory/maven-nightlies/com/lihaoyi/pprint_2.12/0.9.6/pprint_2.12-0.9.6.pom.sha1
2026.06.04 15:30:26 INFO  Scala CLI: Failed to download https://repo.scala-lang.org/artifactory/maven-nightlies/io/monix/monix-tail_2.12/3.2.0/monix-tail_2.12-3.2.0.pom.sha1
2026.06.04 15:30:26 INFO  Scala CLI: Failed to download https://repo.scala-lang.org/artifactory/maven-nightlies/io/monix/monix-reactive_2.12/3.2.0/monix-reactive_2.12-3.2.0.pom.sha1
2026.06.04 15:30:26 INFO  Scala CLI: Downloading https://repo.scala-lang.org/artifactory/maven-nightlies/io/monix/monix-catnap_2.12/3.2.0/monix-catnap_2.12-3.2.0.pom.sha1
2026.06.04 15:30:26 INFO  Scala CLI: Downloading https://repo.scala-lang.org/artifactory/maven-nightlies/com/lihaoyi/sourcecode_2.12/0.4.4/sourcecode_2.12-0.4.4.pom.sha1
2026.06.04 15:30:26 INFO  Scala CLI: Failed to download https://repo.scala-lang.org/artifactory/maven-nightlies/io/zipkin/reporter2/zipkin-sender-urlconnection/2.17.2/zipkin-sender-urlconnection-2.17.2.pom.sha1
2026.06.04 15:30:26 INFO  Scala CLI: Downloading https://repo.scala-lang.org/artifactory/maven-nightlies/org/scalameta/parsers_2.12/4.13.8/parsers_2.12-4.13.8.pom.sha1
2026.06.04 15:30:26 INFO  Scala CLI: Failed to download https://repo.scala-lang.org/artifactory/maven-nightlies/io/github/alexarchambault/bleep/nailgun-server/1.0.7/nailgun-server-1.0.7.pom.sha1
2026.06.04 15:30:26 INFO  Scala CLI: Failed to download https://repo.scala-lang.org/artifactory/maven-nightlies/com/github/plokhotnyuk/jsoniter-scala/jsoniter-scala-macros_2.12/2.13.3.2/jsoniter-scala-macros_2.12-2.13.3.2.pom.sha1
2026.06.04 15:30:26 INFO  Scala CLI: Downloading https://repo.scala-lang.org/artifactory/maven-nightlies/com/github/plokhotnyuk/jsoniter-scala/jsoniter-scala-core_2.12/2.13.5.2/jsoniter-scala-core_2.12-2.13.5.2.pom.sha1
2026.06.04 15:30:26 INFO  Scala CLI: Downloading https://repo.scala-lang.org/artifactory/maven-nightlies/ch/qos/logback/logback-core/1.5.27/logback-core-1.5.27.pom.sha1
2026.06.04 15:30:26 INFO  Scala CLI: Failed to download https://repo.scala-lang.org/artifactory/maven-nightlies/com/lihaoyi/pprint_2.12/0.9.6/pprint_2.12-0.9.6.pom.sha1
2026.06.04 15:30:26 INFO  Scala CLI: Downloading https://repo.scala-lang.org/artifactory/maven-nightlies/com/lihaoyi/unroll-annotation_2.12/0.1.12/unroll-annotation_2.12-0.1.12.pom.sha1
2026.06.04 15:30:26 INFO  Scala CLI: Failed to download https://repo.scala-lang.org/artifactory/maven-nightlies/io/monix/monix-catnap_2.12/3.2.0/monix-catnap_2.12-3.2.0.pom.sha1
2026.06.04 15:30:26 INFO  Scala CLI: Downloading https://repo.scala-lang.org/artifactory/maven-nightlies/org/scala-sbt/test-agent/1.12.1/test-agent-1.12.1.pom.sha1
2026.06.04 15:30:26 INFO  Scala CLI: Failed to download https://repo.scala-lang.org/artifactory/maven-nightlies/com/lihaoyi/sourcecode_2.12/0.4.4/sourcecode_2.12-0.4.4.pom.sha1
2026.06.04 15:30:26 INFO  Scala CLI: Downloading https://repo.scala-lang.org/artifactory/maven-nightlies/net/jpountz/lz4/lz4/1.3.0/lz4-1.3.0.pom
2026.06.04 15:30:26 INFO  Scala CLI: Failed to download https://repo.scala-lang.org/artifactory/maven-nightlies/org/scalameta/parsers_2.12/4.13.8/parsers_2.12-4.13.8.pom.sha1
2026.06.04 15:30:26 INFO  Scala CLI: Downloading https://repo.scala-lang.org/artifactory/maven-nightlies/org/ow2/asm/asm-util/9.9.1/asm-util-9.9.1.pom.sha1
2026.06.04 15:30:26 INFO  Scala CLI: Failed to download https://repo.scala-lang.org/artifactory/maven-nightlies/com/github/plokhotnyuk/jsoniter-scala/jsoniter-scala-core_2.12/2.13.5.2/jsoniter-scala-core_2.12-2.13.5.2.pom.sha1
2026.06.04 15:30:26 INFO  Scala CLI: Downloading https://repo.scala-lang.org/artifactory/maven-nightlies/org/scala-sbt/librarymanagement-ivy_2.12/1.12.0/librarymanagement-ivy_2.12-1.12.0.pom.sha1
2026.06.04 15:30:26 INFO  Scala CLI: Failed to download https://repo.scala-lang.org/artifactory/maven-nightlies/ch/qos/logback/logback-core/1.5.27/logback-core-1.5.27.pom.sha1
2026.06.04 15:30:26 INFO  Scala CLI: Failed to download https://repo.scala-lang.org/artifactory/maven-nightlies/com/lihaoyi/unroll-annotation_2.12/0.1.12/unroll-annotation_2.12-0.1.12.pom.sha1
2026.06.04 15:30:26 INFO  Scala CLI: Downloading https://repo.scala-lang.org/artifactory/maven-nightlies/ch/epfl/scala/bsp4s_2.12/2.1.1/bsp4s_2.12-2.1.1.pom.sha1
2026.06.04 15:30:26 INFO  Scala CLI: Downloading https://repo.scala-lang.org/artifactory/maven-nightlies/io/monix/monix-eval_2.12/3.2.0/monix-eval_2.12-3.2.0.pom.sha1
2026.06.04 15:30:26 INFO  Scala CLI: Failed to download https://repo.scala-lang.org/artifactory/maven-nightlies/org/scala-sbt/test-agent/1.12.1/test-agent-1.12.1.pom.sha1
2026.06.04 15:30:26 INFO  Scala CLI: Downloading https://repo.scala-lang.org/artifactory/maven-nightlies/io/monix/monix-execution_2.12/3.2.0/monix-execution_2.12-3.2.0.pom.sha1
2026.06.04 15:30:26 INFO  Scala CLI: Failed to download https://repo.scala-lang.org/artifactory/maven-nightlies/net/jpountz/lz4/lz4/1.3.0/lz4-1.3.0.pom
2026.06.04 15:30:26 INFO  Scala CLI: Downloading https://repo.scala-lang.org/artifactory/maven-nightlies/net/java/dev/jna/jna/5.18.1/jna-5.18.1.pom
2026.06.04 15:30:26 INFO  Scala CLI: Failed to download https://repo.scala-lang.org/artifactory/maven-nightlies/org/ow2/asm/asm-util/9.9.1/asm-util-9.9.1.pom.sha1
2026.06.04 15:30:26 INFO  Scala CLI: Downloading https://repo.scala-lang.org/artifactory/maven-nightlies/org/scala-lang/modules/scala-collection-compat_2.12/2.13.0/scala-collection-compat_2.12-2.13.0.pom
2026.06.04 15:30:26 INFO  Scala CLI: Failed to download https://repo.scala-lang.org/artifactory/maven-nightlies/org/scala-sbt/librarymanagement-ivy_2.12/1.12.0/librarymanagement-ivy_2.12-1.12.0.pom.sha1
2026.06.04 15:30:26 INFO  Scala CLI: Downloading https://repo.scala-lang.org/artifactory/maven-nightlies/io/github/alexarchambault/bleep/jsonrpc4s_2.12/0.1.1/jsonrpc4s_2.12-0.1.1.pom
2026.06.04 15:30:26 INFO  Scala CLI: Failed to download https://repo.scala-lang.org/artifactory/maven-nightlies/ch/epfl/scala/bsp4s_2.12/2.1.1/bsp4s_2.12-2.1.1.pom.sha1
2026.06.04 15:30:26 INFO  Scala CLI: Downloading https://repo.scala-lang.org/artifactory/maven-nightlies/ch/epfl/scala/directory-watcher/0.8.0+6-f651bd93/directory-watcher-0.8.0+6-f651bd93.pom
2026.06.04 15:30:26 INFO  Scala CLI: Failed to download https://repo.scala-lang.org/artifactory/maven-nightlies/io/monix/monix-eval_2.12/3.2.0/monix-eval_2.12-3.2.0.pom.sha1
2026.06.04 15:30:26 INFO  Scala CLI: Downloading https://repo.scala-lang.org/artifactory/maven-nightlies/net/jpountz/lz4/lz4/1.3.0/lz4-1.3.0.pom.sha1
2026.06.04 15:30:26 INFO  Scala CLI: Failed to download https://repo.scala-lang.org/artifactory/maven-nightlies/io/monix/monix-execution_2.12/3.2.0/monix-execution_2.12-3.2.0.pom.sha1
2026.06.04 15:30:26 INFO  Scala CLI: Failed to download https://repo.scala-lang.org/artifactory/maven-nightlies/net/java/dev/jna/jna/5.18.1/jna-5.18.1.pom
2026.06.04 15:30:26 INFO  Scala CLI: Downloading https://repo.scala-lang.org/artifactory/maven-nightlies/net/java/dev/jna/jna/5.18.1/jna-5.18.1.pom.sha1
2026.06.04 15:30:26 INFO  Scala CLI: Downloading https://repo1.maven.org/maven2/org/zeroturnaround/zt-zip/1.17/zt-zip-1.17.pom
2026.06.04 15:30:26 INFO  Scala CLI: Failed to download https://repo.scala-lang.org/artifactory/maven-nightlies/org/scala-lang/modules/scala-collection-compat_2.12/2.13.0/scala-collection-compat_2.12-2.13.0.pom
2026.06.04 15:30:26 INFO  Scala CLI: Downloading https://repo1.maven.org/maven2/com/github/alexarchambault/case-app-util_2.12/2.0.6/case-app-util_2.12-2.0.6.pom
2026.06.04 15:30:27 INFO  Scala CLI: Downloaded https://repo1.maven.org/maven2/org/zeroturnaround/zt-zip/1.17/zt-zip-1.17.pom
2026.06.04 15:30:27 INFO  Scala CLI: Downloading https://repo1.maven.org/maven2/com/github/alexarchambault/case-app-annotations_2.12/2.0.6/case-app-annotations_2.12-2.0.6.pom
2026.06.04 15:30:27 INFO  Scala CLI: Failed to download https://repo.scala-lang.org/artifactory/maven-nightlies/io/github/alexarchambault/bleep/jsonrpc4s_2.12/0.1.1/jsonrpc4s_2.12-0.1.1.pom
2026.06.04 15:30:27 INFO  Scala CLI: Downloading https://repo1.maven.org/maven2/io/monix/monix-java_2.12/3.2.0/monix-java_2.12-3.2.0.pom
2026.06.04 15:30:27 INFO  Scala CLI: Failed to download https://repo.scala-lang.org/artifactory/maven-nightlies/net/jpountz/lz4/lz4/1.3.0/lz4-1.3.0.pom.sha1
2026.06.04 15:30:27 INFO  Scala CLI: Downloading https://repo1.maven.org/maven2/io/zipkin/brave/brave/5.18.1/brave-5.18.1.pom
2026.06.04 15:30:27 INFO  Scala CLI: Failed to download https://repo.scala-lang.org/artifactory/maven-nightlies/ch/epfl/scala/directory-watcher/0.8.0+6-f651bd93/directory-watcher-0.8.0+6-f651bd93.pom
2026.06.04 15:30:27 INFO  Scala CLI: Downloading https://repo1.maven.org/maven2/io/get-coursier/util/directories-jni/0.1.2/directories-jni-0.1.2.pom
2026.06.04 15:30:27 INFO  Scala CLI: Downloaded https://repo1.maven.org/maven2/com/github/alexarchambault/case-app-util_2.12/2.0.6/case-app-util_2.12-2.0.6.pom
2026.06.04 15:30:27 INFO  Scala CLI: Downloading https://repo1.maven.org/maven2/org/apache/logging/log4j/log4j-core/2.23.0/log4j-core-2.23.0.pom
2026.06.04 15:30:27 INFO  Scala CLI: Failed to download https://repo.scala-lang.org/artifactory/maven-nightlies/net/java/dev/jna/jna/5.18.1/jna-5.18.1.pom.sha1
2026.06.04 15:30:27 INFO  Scala CLI: Downloading https://repo1.maven.org/maven2/io/monix/monix-tail_2.12/3.2.0/monix-tail_2.12-3.2.0.pom
2026.06.04 15:30:27 INFO  Scala CLI: Downloaded https://repo1.maven.org/maven2/com/github/alexarchambault/case-app-annotations_2.12/2.0.6/case-app-annotations_2.12-2.0.6.pom
2026.06.04 15:30:27 INFO  Scala CLI: Downloading https://repo1.maven.org/maven2/io/monix/monix-reactive_2.12/3.2.0/monix-reactive_2.12-3.2.0.pom
2026.06.04 15:30:27 INFO  Scala CLI: Downloaded https://repo1.maven.org/maven2/org/apache/logging/log4j/log4j-core/2.23.0/log4j-core-2.23.0.pom
2026.06.04 15:30:27 INFO  Scala CLI: Downloading https://repo1.maven.org/maven2/io/zipkin/reporter2/zipkin-sender-urlconnection/2.17.2/zipkin-sender-urlconnection-2.17.2.pom
2026.06.04 15:30:27 INFO  Scala CLI: Downloaded https://repo1.maven.org/maven2/io/monix/monix-tail_2.12/3.2.0/monix-tail_2.12-3.2.0.pom
2026.06.04 15:30:27 INFO  Scala CLI: Downloading https://repo1.maven.org/maven2/io/github/alexarchambault/bleep/nailgun-server/1.0.7/nailgun-server-1.0.7.pom
2026.06.04 15:30:27 INFO  Scala CLI: Downloaded https://repo1.maven.org/maven2/io/zipkin/brave/brave/5.18.1/brave-5.18.1.pom
2026.06.04 15:30:27 INFO  Scala CLI: Downloading https://repo1.maven.org/maven2/com/github/plokhotnyuk/jsoniter-scala/jsoniter-scala-macros_2.12/2.13.3.2/jsoniter-scala-macros_2.12-2.13.3.2.pom
2026.06.04 15:30:27 INFO  Scala CLI: Downloaded https://repo1.maven.org/maven2/io/get-coursier/util/directories-jni/0.1.2/directories-jni-0.1.2.pom
2026.06.04 15:30:27 INFO  Scala CLI: Downloading https://repo1.maven.org/maven2/com/lihaoyi/pprint_2.12/0.9.6/pprint_2.12-0.9.6.pom
2026.06.04 15:30:27 INFO  Scala CLI: Downloaded https://repo1.maven.org/maven2/io/zipkin/reporter2/zipkin-sender-urlconnection/2.17.2/zipkin-sender-urlconnection-2.17.2.pom
2026.06.04 15:30:27 INFO  Scala CLI: Downloading https://repo1.maven.org/maven2/io/monix/monix-catnap_2.12/3.2.0/monix-catnap_2.12-3.2.0.pom
2026.06.04 15:30:27 INFO  Scala CLI: Downloaded https://repo1.maven.org/maven2/io/monix/monix-java_2.12/3.2.0/monix-java_2.12-3.2.0.pom
2026.06.04 15:30:27 INFO  Scala CLI: Downloading https://repo1.maven.org/maven2/com/lihaoyi/sourcecode_2.12/0.4.4/sourcecode_2.12-0.4.4.pom
2026.06.04 15:30:27 INFO  Scala CLI: Downloaded https://repo1.maven.org/maven2/io/github/alexarchambault/bleep/nailgun-server/1.0.7/nailgun-server-1.0.7.pom
2026.06.04 15:30:27 INFO  Scala CLI: Downloading https://repo1.maven.org/maven2/org/scalameta/parsers_2.12/4.13.8/parsers_2.12-4.13.8.pom
2026.06.04 15:30:27 INFO  Scala CLI: Downloaded https://repo1.maven.org/maven2/io/monix/monix-reactive_2.12/3.2.0/monix-reactive_2.12-3.2.0.pom
2026.06.04 15:30:27 INFO  Scala CLI: Downloading https://repo1.maven.org/maven2/com/github/plokhotnyuk/jsoniter-scala/jsoniter-scala-core_2.12/2.13.5.2/jsoniter-scala-core_2.12-2.13.5.2.pom
2026.06.04 15:30:27 INFO  Scala CLI: Downloaded https://repo1.maven.org/maven2/io/monix/monix-catnap_2.12/3.2.0/monix-catnap_2.12-3.2.0.pom
2026.06.04 15:30:27 INFO  Scala CLI: Downloading https://repo1.maven.org/maven2/ch/qos/logback/logback-core/1.5.27/logback-core-1.5.27.pom
2026.06.04 15:30:27 INFO  Scala CLI: Downloaded https://repo1.maven.org/maven2/com/github/plokhotnyuk/jsoniter-scala/jsoniter-scala-macros_2.12/2.13.3.2/jsoniter-scala-macros_2.12-2.13.3.2.pom
2026.06.04 15:30:27 INFO  Scala CLI: Downloading https://repo1.maven.org/maven2/com/lihaoyi/unroll-annotation_2.12/0.1.12/unroll-annotation_2.12-0.1.12.pom
2026.06.04 15:30:27 INFO  Scala CLI: Downloaded https://repo1.maven.org/maven2/com/lihaoyi/sourcecode_2.12/0.4.4/sourcecode_2.12-0.4.4.pom
2026.06.04 15:30:27 INFO  Scala CLI: Downloading https://repo1.maven.org/maven2/org/scala-sbt/test-agent/1.12.1/test-agent-1.12.1.pom
2026.06.04 15:30:27 INFO  Scala CLI: Downloaded https://repo1.maven.org/maven2/com/lihaoyi/pprint_2.12/0.9.6/pprint_2.12-0.9.6.pom
2026.06.04 15:30:27 INFO  Scala CLI: Downloading https://repo.scala-lang.org/artifactory/maven-nightlies/org/scala-lang/modules/scala-collection-compat_2.12/2.13.0/scala-collection-compat_2.12-2.13.0.pom.sha1
2026.06.04 15:30:27 INFO  Scala CLI: Downloaded https://repo1.maven.org/maven2/org/scalameta/parsers_2.12/4.13.8/parsers_2.12-4.13.8.pom
2026.06.04 15:30:27 INFO  Scala CLI: Downloading https://repo.scala-lang.org/artifactory/maven-nightlies/io/github/alexarchambault/bleep/jsonrpc4s_2.12/0.1.1/jsonrpc4s_2.12-0.1.1.pom.sha1
2026.06.04 15:30:27 INFO  Scala CLI: Downloaded https://repo1.maven.org/maven2/com/github/plokhotnyuk/jsoniter-scala/jsoniter-scala-core_2.12/2.13.5.2/jsoniter-scala-core_2.12-2.13.5.2.pom
2026.06.04 15:30:27 INFO  Scala CLI: Downloading https://repo.scala-lang.org/artifactory/maven-nightlies/ch/epfl/scala/directory-watcher/0.8.0+6-f651bd93/directory-watcher-0.8.0+6-f651bd93.pom.sha1
2026.06.04 15:30:27 INFO  Scala CLI: Downloaded https://repo1.maven.org/maven2/ch/qos/logback/logback-core/1.5.27/logback-core-1.5.27.pom
2026.06.04 15:30:27 INFO  Scala CLI: Downloaded https://repo1.maven.org/maven2/org/scala-sbt/test-agent/1.12.1/test-agent-1.12.1.pom
2026.06.04 15:30:27 INFO  Scala CLI: Downloaded https://repo1.maven.org/maven2/com/lihaoyi/unroll-annotation_2.12/0.1.12/unroll-annotation_2.12-0.1.12.pom
2026.06.04 15:30:27 INFO  Scala CLI: Downloading https://repo1.maven.org/maven2/org/ow2/asm/asm-util/9.9.1/asm-util-9.9.1.pom
2026.06.04 15:30:27 INFO  Scala CLI: Downloading https://repo1.maven.org/maven2/org/scala-sbt/librarymanagement-ivy_2.12/1.12.0/librarymanagement-ivy_2.12-1.12.0.pom
2026.06.04 15:30:27 INFO  Scala CLI: Downloading https://repo1.maven.org/maven2/ch/epfl/scala/bsp4s_2.12/2.1.1/bsp4s_2.12-2.1.1.pom
2026.06.04 15:30:27 INFO  Scala CLI: Downloaded https://repo1.maven.org/maven2/org/ow2/asm/asm-util/9.9.1/asm-util-9.9.1.pom
2026.06.04 15:30:27 INFO  Scala CLI: Downloading https://repo1.maven.org/maven2/io/monix/monix-eval_2.12/3.2.0/monix-eval_2.12-3.2.0.pom
2026.06.04 15:30:27 INFO  Scala CLI: Downloaded https://repo1.maven.org/maven2/org/scala-sbt/librarymanagement-ivy_2.12/1.12.0/librarymanagement-ivy_2.12-1.12.0.pom
2026.06.04 15:30:27 INFO  Scala CLI: Downloaded https://repo1.maven.org/maven2/ch/epfl/scala/bsp4s_2.12/2.1.1/bsp4s_2.12-2.1.1.pom
2026.06.04 15:30:27 INFO  Scala CLI: Downloaded https://repo1.maven.org/maven2/io/monix/monix-eval_2.12/3.2.0/monix-eval_2.12-3.2.0.pom
2026.06.04 15:30:27 INFO  Scala CLI: Downloading https://repo1.maven.org/maven2/io/monix/monix-execution_2.12/3.2.0/monix-execution_2.12-3.2.0.pom
2026.06.04 15:30:27 INFO  Scala CLI: Failed to download https://repo.scala-lang.org/artifactory/maven-nightlies/org/scala-lang/modules/scala-collection-compat_2.12/2.13.0/scala-collection-compat_2.12-2.13.0.pom.sha1
2026.06.04 15:30:27 INFO  Scala CLI: Downloaded https://repo1.maven.org/maven2/io/monix/monix-execution_2.12/3.2.0/monix-execution_2.12-3.2.0.pom
2026.06.04 15:30:27 INFO  Scala CLI: Failed to download https://repo.scala-lang.org/artifactory/maven-nightlies/io/github/alexarchambault/bleep/jsonrpc4s_2.12/0.1.1/jsonrpc4s_2.12-0.1.1.pom.sha1
2026.06.04 15:30:27 INFO  Scala CLI: Failed to download https://repo.scala-lang.org/artifactory/maven-nightlies/ch/epfl/scala/directory-watcher/0.8.0+6-f651bd93/directory-watcher-0.8.0+6-f651bd93.pom.sha1
2026.06.04 15:30:27 INFO  Scala CLI: Downloading https://repo1.maven.org/maven2/net/jpountz/lz4/lz4/1.3.0/lz4-1.3.0.pom
2026.06.04 15:30:27 INFO  Scala CLI: Downloading https://repo1.maven.org/maven2/net/java/dev/jna/jna/5.18.1/jna-5.18.1.pom
2026.06.04 15:30:27 INFO  Scala CLI: Downloading https://repo1.maven.org/maven2/org/scala-lang/modules/scala-collection-compat_2.12/2.13.0/scala-collection-compat_2.12-2.13.0.pom
2026.06.04 15:30:27 INFO  Scala CLI: Downloading https://repo1.maven.org/maven2/io/github/alexarchambault/bleep/jsonrpc4s_2.12/0.1.1/jsonrpc4s_2.12-0.1.1.pom
2026.06.04 15:30:27 INFO  Scala CLI: Downloading https://repo1.maven.org/maven2/ch/epfl/scala/directory-watcher/0.8.0+6-f651bd93/directory-watcher-0.8.0+6-f651bd93.pom
2026.06.04 15:30:27 INFO  Scala CLI: Downloaded https://repo1.maven.org/maven2/net/jpountz/lz4/lz4/1.3.0/lz4-1.3.0.pom
2026.06.04 15:30:27 INFO  Scala CLI: Downloaded https://repo1.maven.org/maven2/net/java/dev/jna/jna/5.18.1/jna-5.18.1.pom
2026.06.04 15:30:27 INFO  Scala CLI: Downloaded https://repo1.maven.org/maven2/org/scala-lang/modules/scala-collection-compat_2.12/2.13.0/scala-collection-compat_2.12-2.13.0.pom
2026.06.04 15:30:27 INFO  Scala CLI: Downloaded https://repo1.maven.org/maven2/ch/epfl/scala/directory-watcher/0.8.0+6-f651bd93/directory-watcher-0.8.0+6-f651bd93.pom
2026.06.04 15:30:27 INFO  Scala CLI: Downloaded https://repo1.maven.org/maven2/io/github/alexarchambault/bleep/jsonrpc4s_2.12/0.1.1/jsonrpc4s_2.12-0.1.1.pom
2026.06.04 15:30:27 INFO  Scala CLI: Downloading https://central.sonatype.com/repository/maven-snapshots/org/apache/logging/log4j/log4j/2.23.0/log4j-2.23.0.pom
2026.06.04 15:30:27 INFO  Scala CLI: Downloading https://central.sonatype.com/repository/maven-snapshots/io/zipkin/brave/brave-parent/5.18.1/brave-parent-5.18.1.pom
2026.06.04 15:30:27 INFO  Scala CLI: Downloading https://central.sonatype.com/repository/maven-snapshots/io/zipkin/reporter2/zipkin-reporter-parent/2.17.2/zipkin-reporter-parent-2.17.2.pom
2026.06.04 15:30:28 INFO  Scala CLI: Failed to download https://central.sonatype.com/repository/maven-snapshots/org/apache/logging/log4j/log4j/2.23.0/log4j-2.23.0.pom
2026.06.04 15:30:28 INFO  Scala CLI: Failed to download https://central.sonatype.com/repository/maven-snapshots/io/zipkin/reporter2/zipkin-reporter-parent/2.17.2/zipkin-reporter-parent-2.17.2.pom
2026.06.04 15:30:28 INFO  Scala CLI: Downloading https://central.sonatype.com/repository/maven-snapshots/org/apache/logging/log4j/log4j/2.23.0/log4j-2.23.0.pom.sha1
2026.06.04 15:30:28 INFO  Scala CLI: Downloading https://central.sonatype.com/repository/maven-snapshots/io/zipkin/reporter2/zipkin-reporter-parent/2.17.2/zipkin-reporter-parent-2.17.2.pom.sha1
2026.06.04 15:30:28 INFO  Scala CLI: Failed to download https://central.sonatype.com/repository/maven-snapshots/io/zipkin/brave/brave-parent/5.18.1/brave-parent-5.18.1.pom
2026.06.04 15:30:28 INFO  Scala CLI: Downloading https://central.sonatype.com/repository/maven-snapshots/io/zipkin/brave/brave-parent/5.18.1/brave-parent-5.18.1.pom.sha1
2026.06.04 15:30:28 INFO  Scala CLI: Failed to download https://central.sonatype.com/repository/maven-snapshots/io/zipkin/reporter2/zipkin-reporter-parent/2.17.2/zipkin-reporter-parent-2.17.2.pom.sha1
2026.06.04 15:30:28 INFO  Scala CLI: Downloading https://repo.scala-lang.org/artifactory/maven-nightlies/io/zipkin/reporter2/zipkin-reporter-parent/2.17.2/zipkin-reporter-parent-2.17.2.pom
2026.06.04 15:30:28 INFO  Scala CLI: Failed to download https://central.sonatype.com/repository/maven-snapshots/io/zipkin/brave/brave-parent/5.18.1/brave-parent-5.18.1.pom.sha1
2026.06.04 15:30:28 INFO  Scala CLI: Downloading https://repo.scala-lang.org/artifactory/maven-nightlies/io/zipkin/brave/brave-parent/5.18.1/brave-parent-5.18.1.pom
2026.06.04 15:30:28 INFO  Scala CLI: Failed to download https://central.sonatype.com/repository/maven-snapshots/org/apache/logging/log4j/log4j/2.23.0/log4j-2.23.0.pom.sha1
2026.06.04 15:30:28 INFO  Scala CLI: Downloading https://repo.scala-lang.org/artifactory/maven-nightlies/org/apache/logging/log4j/log4j/2.23.0/log4j-2.23.0.pom
2026.06.04 15:30:28 INFO  Scala CLI: Failed to download https://repo.scala-lang.org/artifactory/maven-nightlies/org/apache/logging/log4j/log4j/2.23.0/log4j-2.23.0.pom
2026.06.04 15:30:28 INFO  Scala CLI: Downloading https://repo.scala-lang.org/artifactory/maven-nightlies/org/apache/logging/log4j/log4j/2.23.0/log4j-2.23.0.pom.sha1
2026.06.04 15:30:28 INFO  Scala CLI: Failed to download https://repo.scala-lang.org/artifactory/maven-nightlies/io/zipkin/reporter2/zipkin-reporter-parent/2.17.2/zipkin-reporter-parent-2.17.2.pom
2026.06.04 15:30:28 INFO  Scala CLI: Downloading https://repo.scala-lang.org/artifactory/maven-nightlies/io/zipkin/reporter2/zipkin-reporter-parent/2.17.2/zipkin-reporter-parent-2.17.2.pom.sha1
2026.06.04 15:30:28 INFO  Scala CLI: Failed to download https://repo.scala-lang.org/artifactory/maven-nightlies/io/zipkin/brave/brave-parent/5.18.1/brave-parent-5.18.1.pom
2026.06.04 15:30:28 INFO  Scala CLI: Downloading https://repo.scala-lang.org/artifactory/maven-nightlies/io/zipkin/brave/brave-parent/5.18.1/brave-parent-5.18.1.pom.sha1
2026.06.04 15:30:28 INFO  Scala CLI: Failed to download https://repo.scala-lang.org/artifactory/maven-nightlies/org/apache/logging/log4j/log4j/2.23.0/log4j-2.23.0.pom.sha1
2026.06.04 15:30:28 INFO  Scala CLI: Downloading https://repo1.maven.org/maven2/org/apache/logging/log4j/log4j/2.23.0/log4j-2.23.0.pom
2026.06.04 15:30:28 INFO  Scala CLI: Failed to download https://repo.scala-lang.org/artifactory/maven-nightlies/io/zipkin/reporter2/zipkin-reporter-parent/2.17.2/zipkin-reporter-parent-2.17.2.pom.sha1
2026.06.04 15:30:28 INFO  Scala CLI: Failed to download https://repo.scala-lang.org/artifactory/maven-nightlies/io/zipkin/brave/brave-parent/5.18.1/brave-parent-5.18.1.pom.sha1
2026.06.04 15:30:28 INFO  Scala CLI: Downloading https://repo1.maven.org/maven2/io/zipkin/reporter2/zipkin-reporter-parent/2.17.2/zipkin-reporter-parent-2.17.2.pom
2026.06.04 15:30:28 INFO  Scala CLI: Downloading https://repo1.maven.org/maven2/io/zipkin/brave/brave-parent/5.18.1/brave-parent-5.18.1.pom
2026.06.04 15:30:28 INFO  Scala CLI: Downloaded https://repo1.maven.org/maven2/org/apache/logging/log4j/log4j/2.23.0/log4j-2.23.0.pom
2026.06.04 15:30:28 INFO  Scala CLI: Downloaded https://repo1.maven.org/maven2/io/zipkin/reporter2/zipkin-reporter-parent/2.17.2/zipkin-reporter-parent-2.17.2.pom
2026.06.04 15:30:28 INFO  Scala CLI: Downloaded https://repo1.maven.org/maven2/io/zipkin/brave/brave-parent/5.18.1/brave-parent-5.18.1.pom
2026.06.04 15:30:28 INFO  Scala CLI: Downloading https://central.sonatype.com/repository/maven-snapshots/org/apache/logging/log4j/log4j-bom/2.23.0/log4j-bom-2.23.0.pom
2026.06.04 15:30:29 INFO  Scala CLI: Failed to download https://central.sonatype.com/repository/maven-snapshots/org/apache/logging/log4j/log4j-bom/2.23.0/log4j-bom-2.23.0.pom
2026.06.04 15:30:29 INFO  Scala CLI: Downloading https://central.sonatype.com/repository/maven-snapshots/org/apache/logging/log4j/log4j-bom/2.23.0/log4j-bom-2.23.0.pom.sha1
2026.06.04 15:30:29 INFO  Scala CLI: Failed to download https://central.sonatype.com/repository/maven-snapshots/org/apache/logging/log4j/log4j-bom/2.23.0/log4j-bom-2.23.0.pom.sha1
2026.06.04 15:30:29 INFO  Scala CLI: Downloading https://repo.scala-lang.org/artifactory/maven-nightlies/org/apache/logging/log4j/log4j-bom/2.23.0/log4j-bom-2.23.0.pom
2026.06.04 15:30:29 INFO  Scala CLI: Failed to download https://repo.scala-lang.org/artifactory/maven-nightlies/org/apache/logging/log4j/log4j-bom/2.23.0/log4j-bom-2.23.0.pom
2026.06.04 15:30:29 INFO  Scala CLI: Downloading https://repo.scala-lang.org/artifactory/maven-nightlies/org/apache/logging/log4j/log4j-bom/2.23.0/log4j-bom-2.23.0.pom.sha1
2026.06.04 15:30:29 INFO  Scala CLI: Failed to download https://repo.scala-lang.org/artifactory/maven-nightlies/org/apache/logging/log4j/log4j-bom/2.23.0/log4j-bom-2.23.0.pom.sha1
2026.06.04 15:30:29 INFO  Scala CLI: Downloading https://repo1.maven.org/maven2/org/apache/logging/log4j/log4j-bom/2.23.0/log4j-bom-2.23.0.pom
2026.06.04 15:30:29 INFO  Scala CLI: Downloaded https://repo1.maven.org/maven2/org/apache/logging/log4j/log4j-bom/2.23.0/log4j-bom-2.23.0.pom
2026.06.04 15:30:29 INFO  Scala CLI: Downloading https://central.sonatype.com/repository/maven-snapshots/org/apache/logging/logging-parent/10.6.0/logging-parent-10.6.0.pom
2026.06.04 15:30:31 INFO  Scala CLI: Failed to download https://central.sonatype.com/repository/maven-snapshots/org/apache/logging/logging-parent/10.6.0/logging-parent-10.6.0.pom
2026.06.04 15:30:31 INFO  Scala CLI: Downloading https://central.sonatype.com/repository/maven-snapshots/org/apache/logging/logging-parent/10.6.0/logging-parent-10.6.0.pom.sha1
2026.06.04 15:30:31 INFO  Scala CLI: Failed to download https://central.sonatype.com/repository/maven-snapshots/org/apache/logging/logging-parent/10.6.0/logging-parent-10.6.0.pom.sha1
2026.06.04 15:30:31 INFO  Scala CLI: Downloading https://repo.scala-lang.org/artifactory/maven-nightlies/org/apache/logging/logging-parent/10.6.0/logging-parent-10.6.0.pom
2026.06.04 15:30:31 INFO  Scala CLI: Failed to download https://repo.scala-lang.org/artifactory/maven-nightlies/org/apache/logging/logging-parent/10.6.0/logging-parent-10.6.0.pom
2026.06.04 15:30:31 INFO  Scala CLI: Downloading https://repo.scala-lang.org/artifactory/maven-nightlies/org/apache/logging/logging-parent/10.6.0/logging-parent-10.6.0.pom.sha1
2026.06.04 15:30:31 INFO  Scala CLI: Failed to download https://repo.scala-lang.org/artifactory/maven-nightlies/org/apache/logging/logging-parent/10.6.0/logging-parent-10.6.0.pom.sha1
2026.06.04 15:30:31 INFO  Scala CLI: Downloading https://repo1.maven.org/maven2/org/apache/logging/logging-parent/10.6.0/logging-parent-10.6.0.pom
2026.06.04 15:30:31 INFO  Scala CLI: Downloaded https://repo1.maven.org/maven2/org/apache/logging/logging-parent/10.6.0/logging-parent-10.6.0.pom
2026.06.04 15:30:32 INFO  Scala CLI: Downloading https://central.sonatype.com/repository/maven-snapshots/io/fabric8/kubernetes-client-bom/5.12.4/kubernetes-client-bom-5.12.4.pom
2026.06.04 15:30:32 INFO  Scala CLI: Downloading https://central.sonatype.com/repository/maven-snapshots/com/fasterxml/jackson/jackson-bom/2.16.1/jackson-bom-2.16.1.pom
2026.06.04 15:30:32 INFO  Scala CLI: Downloading https://central.sonatype.com/repository/maven-snapshots/org/codehaus/groovy/groovy-bom/3.0.20/groovy-bom-3.0.20.pom
2026.06.04 15:30:32 INFO  Scala CLI: Downloading https://central.sonatype.com/repository/maven-snapshots/io/netty/netty-bom/4.1.107.Final/netty-bom-4.1.107.Final.pom
2026.06.04 15:30:32 INFO  Scala CLI: Downloading https://central.sonatype.com/repository/maven-snapshots/org/eclipse/jetty/jetty-bom/9.4.54.v20240208/jetty-bom-9.4.54.v20240208.pom
2026.06.04 15:30:32 INFO  Scala CLI: Downloading https://central.sonatype.com/repository/maven-snapshots/org/springframework/spring-framework-bom/5.3.32/spring-framework-bom-5.3.32.pom
2026.06.04 15:30:32 INFO  Scala CLI: Failed to download https://central.sonatype.com/repository/maven-snapshots/org/eclipse/jetty/jetty-bom/9.4.54.v20240208/jetty-bom-9.4.54.v20240208.pom
2026.06.04 15:30:32 INFO  Scala CLI: Downloading https://central.sonatype.com/repository/maven-snapshots/org/eclipse/jetty/jetty-bom/9.4.54.v20240208/jetty-bom-9.4.54.v20240208.pom.sha1
2026.06.04 15:30:32 INFO  Scala CLI: Failed to download https://central.sonatype.com/repository/maven-snapshots/com/fasterxml/jackson/jackson-bom/2.16.1/jackson-bom-2.16.1.pom
2026.06.04 15:30:32 INFO  Scala CLI: Failed to download https://central.sonatype.com/repository/maven-snapshots/org/codehaus/groovy/groovy-bom/3.0.20/groovy-bom-3.0.20.pom
2026.06.04 15:30:32 INFO  Scala CLI: Downloading https://central.sonatype.com/repository/maven-snapshots/com/fasterxml/jackson/jackson-bom/2.16.1/jackson-bom-2.16.1.pom.sha1
2026.06.04 15:30:32 INFO  Scala CLI: Downloading https://central.sonatype.com/repository/maven-snapshots/org/codehaus/groovy/groovy-bom/3.0.20/groovy-bom-3.0.20.pom.sha1
2026.06.04 15:30:32 INFO  Scala CLI: Failed to download https://central.sonatype.com/repository/maven-snapshots/io/fabric8/kubernetes-client-bom/5.12.4/kubernetes-client-bom-5.12.4.pom
2026.06.04 15:30:32 INFO  Scala CLI: Downloading https://central.sonatype.com/repository/maven-snapshots/io/fabric8/kubernetes-client-bom/5.12.4/kubernetes-client-bom-5.12.4.pom.sha1
2026.06.04 15:30:32 INFO  Scala CLI: Failed to download https://central.sonatype.com/repository/maven-snapshots/io/netty/netty-bom/4.1.107.Final/netty-bom-4.1.107.Final.pom
2026.06.04 15:30:32 INFO  Scala CLI: Downloading https://central.sonatype.com/repository/maven-snapshots/io/netty/netty-bom/4.1.107.Final/netty-bom-4.1.107.Final.pom.sha1
2026.06.04 15:30:32 INFO  Scala CLI: Failed to download https://central.sonatype.com/repository/maven-snapshots/org/springframework/spring-framework-bom/5.3.32/spring-framework-bom-5.3.32.pom
2026.06.04 15:30:32 INFO  Scala CLI: Downloading https://central.sonatype.com/repository/maven-snapshots/org/springframework/spring-framework-bom/5.3.32/spring-framework-bom-5.3.32.pom.sha1
2026.06.04 15:30:32 INFO  Scala CLI: Failed to download https://central.sonatype.com/repository/maven-snapshots/org/eclipse/jetty/jetty-bom/9.4.54.v20240208/jetty-bom-9.4.54.v20240208.pom.sha1
2026.06.04 15:30:32 INFO  Scala CLI: Downloading https://repo.scala-lang.org/artifactory/maven-nightlies/org/eclipse/jetty/jetty-bom/9.4.54.v20240208/jetty-bom-9.4.54.v20240208.pom
2026.06.04 15:30:32 INFO  Scala CLI: Failed to download https://central.sonatype.com/repository/maven-snapshots/org/codehaus/groovy/groovy-bom/3.0.20/groovy-bom-3.0.20.pom.sha1
2026.06.04 15:30:32 INFO  Scala CLI: Failed to download https://central.sonatype.com/repository/maven-snapshots/io/netty/netty-bom/4.1.107.Final/netty-bom-4.1.107.Final.pom.sha1
2026.06.04 15:30:32 INFO  Scala CLI: Downloading https://repo.scala-lang.org/artifactory/maven-nightlies/io/netty/netty-bom/4.1.107.Final/netty-bom-4.1.107.Final.pom
2026.06.04 15:30:32 INFO  Scala CLI: Downloading https://repo.scala-lang.org/artifactory/maven-nightlies/org/codehaus/groovy/groovy-bom/3.0.20/groovy-bom-3.0.20.pom
2026.06.04 15:30:32 INFO  Scala CLI: Failed to download https://central.sonatype.com/repository/maven-snapshots/com/fasterxml/jackson/jackson-bom/2.16.1/jackson-bom-2.16.1.pom.sha1
2026.06.04 15:30:32 INFO  Scala CLI: Downloading https://repo.scala-lang.org/artifactory/maven-nightlies/com/fasterxml/jackson/jackson-bom/2.16.1/jackson-bom-2.16.1.pom
2026.06.04 15:30:32 INFO  Scala CLI: Failed to download https://central.sonatype.com/repository/maven-snapshots/io/fabric8/kubernetes-client-bom/5.12.4/kubernetes-client-bom-5.12.4.pom.sha1
2026.06.04 15:30:32 INFO  Scala CLI: Downloading https://repo.scala-lang.org/artifactory/maven-nightlies/io/fabric8/kubernetes-client-bom/5.12.4/kubernetes-client-bom-5.12.4.pom
2026.06.04 15:30:32 INFO  Scala CLI: Failed to download https://central.sonatype.com/repository/maven-snapshots/org/springframework/spring-framework-bom/5.3.32/spring-framework-bom-5.3.32.pom.sha1
2026.06.04 15:30:32 INFO  Scala CLI: Downloading https://repo.scala-lang.org/artifactory/maven-nightlies/org/springframework/spring-framework-bom/5.3.32/spring-framework-bom-5.3.32.pom
2026.06.04 15:30:33 INFO  Scala CLI: Failed to download https://repo.scala-lang.org/artifactory/maven-nightlies/io/netty/netty-bom/4.1.107.Final/netty-bom-4.1.107.Final.pom
2026.06.04 15:30:33 INFO  Scala CLI: Downloading https://repo.scala-lang.org/artifactory/maven-nightlies/io/netty/netty-bom/4.1.107.Final/netty-bom-4.1.107.Final.pom.sha1
2026.06.04 15:30:33 INFO  Scala CLI: Failed to download https://repo.scala-lang.org/artifactory/maven-nightlies/org/eclipse/jetty/jetty-bom/9.4.54.v20240208/jetty-bom-9.4.54.v20240208.pom
2026.06.04 15:30:33 INFO  Scala CLI: Downloading https://repo.scala-lang.org/artifactory/maven-nightlies/org/eclipse/jetty/jetty-bom/9.4.54.v20240208/jetty-bom-9.4.54.v20240208.pom.sha1
2026.06.04 15:30:33 INFO  Scala CLI: Failed to download https://repo.scala-lang.org/artifactory/maven-nightlies/org/codehaus/groovy/groovy-bom/3.0.20/groovy-bom-3.0.20.pom
2026.06.04 15:30:33 INFO  Scala CLI: Downloading https://repo.scala-lang.org/artifactory/maven-nightlies/org/codehaus/groovy/groovy-bom/3.0.20/groovy-bom-3.0.20.pom.sha1
2026.06.04 15:30:33 INFO  Scala CLI: Failed to download https://repo.scala-lang.org/artifactory/maven-nightlies/io/netty/netty-bom/4.1.107.Final/netty-bom-4.1.107.Final.pom.sha1
2026.06.04 15:30:33 INFO  Scala CLI: Downloading https://repo1.maven.org/maven2/io/netty/netty-bom/4.1.107.Final/netty-bom-4.1.107.Final.pom
2026.06.04 15:30:33 INFO  Scala CLI: Failed to download https://repo.scala-lang.org/artifactory/maven-nightlies/org/codehaus/groovy/groovy-bom/3.0.20/groovy-bom-3.0.20.pom.sha1
2026.06.04 15:30:33 INFO  Scala CLI: Failed to download https://repo.scala-lang.org/artifactory/maven-nightlies/org/eclipse/jetty/jetty-bom/9.4.54.v20240208/jetty-bom-9.4.54.v20240208.pom.sha1
2026.06.04 15:30:33 INFO  Scala CLI: Downloading https://repo1.maven.org/maven2/org/codehaus/groovy/groovy-bom/3.0.20/groovy-bom-3.0.20.pom
2026.06.04 15:30:33 INFO  Scala CLI: Downloading https://repo1.maven.org/maven2/org/eclipse/jetty/jetty-bom/9.4.54.v20240208/jetty-bom-9.4.54.v20240208.pom
2026.06.04 15:30:33 INFO  Scala CLI: Downloaded https://repo1.maven.org/maven2/io/netty/netty-bom/4.1.107.Final/netty-bom-4.1.107.Final.pom
2026.06.04 15:30:33 INFO  Scala CLI: Downloaded https://repo1.maven.org/maven2/org/eclipse/jetty/jetty-bom/9.4.54.v20240208/jetty-bom-9.4.54.v20240208.pom
2026.06.04 15:30:33 INFO  Scala CLI: Downloaded https://repo1.maven.org/maven2/org/codehaus/groovy/groovy-bom/3.0.20/groovy-bom-3.0.20.pom
2026.06.04 15:30:33 INFO  Scala CLI: Failed to download https://repo.scala-lang.org/artifactory/maven-nightlies/io/fabric8/kubernetes-client-bom/5.12.4/kubernetes-client-bom-5.12.4.pom
2026.06.04 15:30:33 INFO  Scala CLI: Failed to download https://repo.scala-lang.org/artifactory/maven-nightlies/com/fasterxml/jackson/jackson-bom/2.16.1/jackson-bom-2.16.1.pom
2026.06.04 15:30:33 INFO  Scala CLI: Downloading https://repo.scala-lang.org/artifactory/maven-nightlies/com/fasterxml/jackson/jackson-bom/2.16.1/jackson-bom-2.16.1.pom.sha1
2026.06.04 15:30:33 INFO  Scala CLI: Downloading https://repo.scala-lang.org/artifactory/maven-nightlies/io/fabric8/kubernetes-client-bom/5.12.4/kubernetes-client-bom-5.12.4.pom.sha1
2026.06.04 15:30:33 INFO  Scala CLI: Failed to download https://repo.scala-lang.org/artifactory/maven-nightlies/org/springframework/spring-framework-bom/5.3.32/spring-framework-bom-5.3.32.pom
2026.06.04 15:30:33 INFO  Scala CLI: Downloading https://repo.scala-lang.org/artifactory/maven-nightlies/org/springframework/spring-framework-bom/5.3.32/spring-framework-bom-5.3.32.pom.sha1
2026.06.04 15:30:33 INFO  Scala CLI: Failed to download https://repo.scala-lang.org/artifactory/maven-nightlies/com/fasterxml/jackson/jackson-bom/2.16.1/jackson-bom-2.16.1.pom.sha1
2026.06.04 15:30:33 INFO  Scala CLI: Failed to download https://repo.scala-lang.org/artifactory/maven-nightlies/io/fabric8/kubernetes-client-bom/5.12.4/kubernetes-client-bom-5.12.4.pom.sha1
2026.06.04 15:30:33 INFO  Scala CLI: Downloading https://repo1.maven.org/maven2/com/fasterxml/jackson/jackson-bom/2.16.1/jackson-bom-2.16.1.pom
2026.06.04 15:30:33 INFO  Scala CLI: Downloading https://repo1.maven.org/maven2/io/fabric8/kubernetes-client-bom/5.12.4/kubernetes-client-bom-5.12.4.pom
2026.06.04 15:30:33 INFO  Scala CLI: Failed to download https://repo.scala-lang.org/artifactory/maven-nightlies/org/springframework/spring-framework-bom/5.3.32/spring-framework-bom-5.3.32.pom.sha1
2026.06.04 15:30:33 INFO  Scala CLI: Downloading https://repo1.maven.org/maven2/org/springframework/spring-framework-bom/5.3.32/spring-framework-bom-5.3.32.pom
2026.06.04 15:30:33 INFO  Scala CLI: Downloaded https://repo1.maven.org/maven2/com/fasterxml/jackson/jackson-bom/2.16.1/jackson-bom-2.16.1.pom
2026.06.04 15:30:33 INFO  Scala CLI: Downloaded https://repo1.maven.org/maven2/io/fabric8/kubernetes-client-bom/5.12.4/kubernetes-client-bom-5.12.4.pom
2026.06.04 15:30:33 INFO  Scala CLI: Downloaded https://repo1.maven.org/maven2/org/springframework/spring-framework-bom/5.3.32/spring-framework-bom-5.3.32.pom
2026.06.04 15:30:33 INFO  Scala CLI: Downloading https://central.sonatype.com/repository/maven-snapshots/com/fasterxml/jackson/jackson-parent/2.16/jackson-parent-2.16.pom
2026.06.04 15:30:34 INFO  Scala CLI: Failed to download https://central.sonatype.com/repository/maven-snapshots/com/fasterxml/jackson/jackson-parent/2.16/jackson-parent-2.16.pom
2026.06.04 15:30:34 INFO  Scala CLI: Downloading https://central.sonatype.com/repository/maven-snapshots/com/fasterxml/jackson/jackson-parent/2.16/jackson-parent-2.16.pom.sha1
2026.06.04 15:30:34 INFO  Scala CLI: Failed to download https://central.sonatype.com/repository/maven-snapshots/com/fasterxml/jackson/jackson-parent/2.16/jackson-parent-2.16.pom.sha1
2026.06.04 15:30:34 INFO  Scala CLI: Downloading https://repo.scala-lang.org/artifactory/maven-nightlies/com/fasterxml/jackson/jackson-parent/2.16/jackson-parent-2.16.pom
2026.06.04 15:30:34 INFO  Scala CLI: Failed to download https://repo.scala-lang.org/artifactory/maven-nightlies/com/fasterxml/jackson/jackson-parent/2.16/jackson-parent-2.16.pom
2026.06.04 15:30:34 INFO  Scala CLI: Downloading https://repo.scala-lang.org/artifactory/maven-nightlies/com/fasterxml/jackson/jackson-parent/2.16/jackson-parent-2.16.pom.sha1
2026.06.04 15:30:34 INFO  Scala CLI: Failed to download https://repo.scala-lang.org/artifactory/maven-nightlies/com/fasterxml/jackson/jackson-parent/2.16/jackson-parent-2.16.pom.sha1
2026.06.04 15:30:34 INFO  Scala CLI: Downloading https://repo1.maven.org/maven2/com/fasterxml/jackson/jackson-parent/2.16/jackson-parent-2.16.pom
2026.06.04 15:30:34 INFO  Scala CLI: Downloaded https://repo1.maven.org/maven2/com/fasterxml/jackson/jackson-parent/2.16/jackson-parent-2.16.pom
2026.06.04 15:30:34 INFO  Scala CLI: Downloading https://central.sonatype.com/repository/maven-snapshots/com/fasterxml/oss-parent/56/oss-parent-56.pom
2026.06.04 15:30:36 INFO  Scala CLI: Failed to download https://central.sonatype.com/repository/maven-snapshots/com/fasterxml/oss-parent/56/oss-parent-56.pom
2026.06.04 15:30:36 INFO  Scala CLI: Downloading https://central.sonatype.com/repository/maven-snapshots/com/fasterxml/oss-parent/56/oss-parent-56.pom.sha1
2026.06.04 15:30:36 INFO  Scala CLI: Failed to download https://central.sonatype.com/repository/maven-snapshots/com/fasterxml/oss-parent/56/oss-parent-56.pom.sha1
2026.06.04 15:30:36 INFO  Scala CLI: Downloading https://repo.scala-lang.org/artifactory/maven-nightlies/com/fasterxml/oss-parent/56/oss-parent-56.pom
2026.06.04 15:30:36 INFO  Scala CLI: Failed to download https://repo.scala-lang.org/artifactory/maven-nightlies/com/fasterxml/oss-parent/56/oss-parent-56.pom
2026.06.04 15:30:36 INFO  Scala CLI: Downloading https://repo.scala-lang.org/artifactory/maven-nightlies/com/fasterxml/oss-parent/56/oss-parent-56.pom.sha1
2026.06.04 15:30:36 INFO  Scala CLI: Failed to download https://repo.scala-lang.org/artifactory/maven-nightlies/com/fasterxml/oss-parent/56/oss-parent-56.pom.sha1
2026.06.04 15:30:36 INFO  Scala CLI: Downloading https://repo1.maven.org/maven2/com/fasterxml/oss-parent/56/oss-parent-56.pom
2026.06.04 15:30:36 INFO  Scala CLI: Downloaded https://repo1.maven.org/maven2/com/fasterxml/oss-parent/56/oss-parent-56.pom
2026.06.04 15:30:37 INFO  Scala CLI: Downloading https://central.sonatype.com/repository/maven-snapshots/org/ow2/asm/asm-tree/9.9.1/asm-tree-9.9.1.pom
2026.06.04 15:30:37 INFO  Scala CLI: Downloading https://central.sonatype.com/repository/maven-snapshots/io/zipkin/zipkin2/zipkin/2.27.0/zipkin-2.27.0.pom
2026.06.04 15:30:37 INFO  Scala CLI: Downloading https://central.sonatype.com/repository/maven-snapshots/com/lihaoyi/fansi_2.12/0.5.1/fansi_2.12-0.5.1.pom
2026.06.04 15:30:37 INFO  Scala CLI: Downloading https://central.sonatype.com/repository/maven-snapshots/org/jctools/jctools-core/2.1.2/jctools-core-2.1.2.pom
2026.06.04 15:30:37 INFO  Scala CLI: Downloading https://central.sonatype.com/repository/maven-snapshots/org/typelevel/cats-effect_2.12/2.1.3/cats-effect_2.12-2.1.3.pom
2026.06.04 15:30:37 INFO  Scala CLI: Downloading https://central.sonatype.com/repository/maven-snapshots/org/scala-sbt/librarymanagement-core_2.12/1.12.0/librarymanagement-core_2.12-1.12.0.pom
2026.06.04 15:30:37 INFO  Scala CLI: Failed to download https://central.sonatype.com/repository/maven-snapshots/org/ow2/asm/asm-tree/9.9.1/asm-tree-9.9.1.pom
2026.06.04 15:30:37 INFO  Scala CLI: Downloading https://central.sonatype.com/repository/maven-snapshots/io/zipkin/reporter2/zipkin-reporter-brave/2.17.2/zipkin-reporter-brave-2.17.2.pom
2026.06.04 15:30:37 INFO  Scala CLI: Failed to download https://central.sonatype.com/repository/maven-snapshots/org/jctools/jctools-core/2.1.2/jctools-core-2.1.2.pom
2026.06.04 15:30:37 INFO  Scala CLI: Downloading https://central.sonatype.com/repository/maven-snapshots/com/outr/scribe_2.12/3.5.5/scribe_2.12-3.5.5.pom
2026.06.04 15:30:37 INFO  Scala CLI: Failed to download https://central.sonatype.com/repository/maven-snapshots/com/lihaoyi/fansi_2.12/0.5.1/fansi_2.12-0.5.1.pom
2026.06.04 15:30:37 INFO  Scala CLI: Downloading https://central.sonatype.com/repository/maven-snapshots/org/scalameta/trees_2.12/4.13.8/trees_2.12-4.13.8.pom
2026.06.04 15:30:37 INFO  Scala CLI: Failed to download https://central.sonatype.com/repository/maven-snapshots/io/zipkin/zipkin2/zipkin/2.27.0/zipkin-2.27.0.pom
2026.06.04 15:30:37 INFO  Scala CLI: Downloading https://central.sonatype.com/repository/maven-snapshots/com/chuusai/shapeless_2.12/2.3.3/shapeless_2.12-2.3.3.pom
2026.06.04 15:30:37 INFO  Scala CLI: Failed to download https://central.sonatype.com/repository/maven-snapshots/org/typelevel/cats-effect_2.12/2.1.3/cats-effect_2.12-2.1.3.pom
2026.06.04 15:30:37 INFO  Scala CLI: Failed to download https://central.sonatype.com/repository/maven-snapshots/org/scala-sbt/librarymanagement-core_2.12/1.12.0/librarymanagement-core_2.12-1.12.0.pom
2026.06.04 15:30:37 INFO  Scala CLI: Downloading https://central.sonatype.com/repository/maven-snapshots/io/monix/implicitbox_2.12/0.2.0/implicitbox_2.12-0.2.0.pom
2026.06.04 15:30:37 INFO  Scala CLI: Downloading https://central.sonatype.com/repository/maven-snapshots/org/apache/logging/log4j/log4j-api/2.23.0/log4j-api-2.23.0.pom
2026.06.04 15:30:37 INFO  Scala CLI: Failed to download https://central.sonatype.com/repository/maven-snapshots/org/scalameta/trees_2.12/4.13.8/trees_2.12-4.13.8.pom
2026.06.04 15:30:37 INFO  Scala CLI: Failed to download https://central.sonatype.com/repository/maven-snapshots/io/zipkin/reporter2/zipkin-reporter-brave/2.17.2/zipkin-reporter-brave-2.17.2.pom
2026.06.04 15:30:37 INFO  Scala CLI: Failed to download https://central.sonatype.com/repository/maven-snapshots/com/outr/scribe_2.12/3.5.5/scribe_2.12-3.5.5.pom
2026.06.04 15:30:37 INFO  Scala CLI: Downloading https://central.sonatype.com/repository/maven-snapshots/net/java/dev/jna/jna-platform/4.4.0/jna-platform-4.4.0.pom
2026.06.04 15:30:37 INFO  Scala CLI: Downloading https://central.sonatype.com/repository/maven-snapshots/org/ow2/asm/asm-analysis/9.9.1/asm-analysis-9.9.1.pom
2026.06.04 15:30:37 INFO  Scala CLI: Downloading https://central.sonatype.com/repository/maven-snapshots/io/get-coursier/util/directories/0.1.2/directories-0.1.2.pom
2026.06.04 15:30:37 INFO  Scala CLI: Failed to download https://central.sonatype.com/repository/maven-snapshots/com/chuusai/shapeless_2.12/2.3.3/shapeless_2.12-2.3.3.pom
2026.06.04 15:30:37 INFO  Scala CLI: Downloading https://central.sonatype.com/repository/maven-snapshots/io/zipkin/reporter2/zipkin-reporter/2.17.2/zipkin-reporter-2.17.2.pom
2026.06.04 15:30:37 INFO  Scala CLI: Failed to download https://central.sonatype.com/repository/maven-snapshots/io/monix/implicitbox_2.12/0.2.0/implicitbox_2.12-0.2.0.pom
2026.06.04 15:30:37 INFO  Scala CLI: Downloading https://central.sonatype.com/repository/maven-snapshots/org/ow2/asm/asm-tree/9.9.1/asm-tree-9.9.1.pom.sha1
2026.06.04 15:30:37 INFO  Scala CLI: Failed to download https://central.sonatype.com/repository/maven-snapshots/org/apache/logging/log4j/log4j-api/2.23.0/log4j-api-2.23.0.pom
2026.06.04 15:30:37 INFO  Scala CLI: Downloading https://central.sonatype.com/repository/maven-snapshots/org/jctools/jctools-core/2.1.2/jctools-core-2.1.2.pom.sha1
2026.06.04 15:30:38 INFO  Scala CLI: Failed to download https://central.sonatype.com/repository/maven-snapshots/org/ow2/asm/asm-analysis/9.9.1/asm-analysis-9.9.1.pom
2026.06.04 15:30:38 INFO  Scala CLI: Downloading https://central.sonatype.com/repository/maven-snapshots/com/lihaoyi/fansi_2.12/0.5.1/fansi_2.12-0.5.1.pom.sha1
2026.06.04 15:30:38 INFO  Scala CLI: Failed to download https://central.sonatype.com/repository/maven-snapshots/net/java/dev/jna/jna-platform/4.4.0/jna-platform-4.4.0.pom
2026.06.04 15:30:38 INFO  Scala CLI: Downloading https://central.sonatype.com/repository/maven-snapshots/io/zipkin/zipkin2/zipkin/2.27.0/zipkin-2.27.0.pom.sha1
2026.06.04 15:30:38 INFO  Scala CLI: Failed to download https://central.sonatype.com/repository/maven-snapshots/io/get-coursier/util/directories/0.1.2/directories-0.1.2.pom
2026.06.04 15:30:38 INFO  Scala CLI: Downloading https://central.sonatype.com/repository/maven-snapshots/org/typelevel/cats-effect_2.12/2.1.3/cats-effect_2.12-2.1.3.pom.sha1
2026.06.04 15:30:38 INFO  Scala CLI: Failed to download https://central.sonatype.com/repository/maven-snapshots/io/zipkin/reporter2/zipkin-reporter/2.17.2/zipkin-reporter-2.17.2.pom
2026.06.04 15:30:38 INFO  Scala CLI: Downloading https://central.sonatype.com/repository/maven-snapshots/org/scala-sbt/librarymanagement-core_2.12/1.12.0/librarymanagement-core_2.12-1.12.0.pom.sha1
2026.06.04 15:30:38 INFO  Scala CLI: Failed to download https://central.sonatype.com/repository/maven-snapshots/org/ow2/asm/asm-tree/9.9.1/asm-tree-9.9.1.pom.sha1
2026.06.04 15:30:38 INFO  Scala CLI: Downloading https://central.sonatype.com/repository/maven-snapshots/org/scalameta/trees_2.12/4.13.8/trees_2.12-4.13.8.pom.sha1
2026.06.04 15:30:38 INFO  Scala CLI: Failed to download https://central.sonatype.com/repository/maven-snapshots/org/jctools/jctools-core/2.1.2/jctools-core-2.1.2.pom.sha1
2026.06.04 15:30:38 INFO  Scala CLI: Downloading https://central.sonatype.com/repository/maven-snapshots/io/zipkin/reporter2/zipkin-reporter-brave/2.17.2/zipkin-reporter-brave-2.17.2.pom.sha1
2026.06.04 15:30:38 INFO  Scala CLI: Failed to download https://central.sonatype.com/repository/maven-snapshots/org/typelevel/cats-effect_2.12/2.1.3/cats-effect_2.12-2.1.3.pom.sha1
2026.06.04 15:30:38 INFO  Scala CLI: Downloading https://central.sonatype.com/repository/maven-snapshots/com/outr/scribe_2.12/3.5.5/scribe_2.12-3.5.5.pom.sha1
2026.06.04 15:30:38 INFO  Scala CLI: Failed to download https://central.sonatype.com/repository/maven-snapshots/com/lihaoyi/fansi_2.12/0.5.1/fansi_2.12-0.5.1.pom.sha1
2026.06.04 15:30:38 INFO  Scala CLI: Downloading https://central.sonatype.com/repository/maven-snapshots/com/chuusai/shapeless_2.12/2.3.3/shapeless_2.12-2.3.3.pom.sha1
2026.06.04 15:30:38 INFO  Scala CLI: Failed to download https://central.sonatype.com/repository/maven-snapshots/io/zipkin/zipkin2/zipkin/2.27.0/zipkin-2.27.0.pom.sha1
2026.06.04 15:30:38 INFO  Scala CLI: Downloading https://central.sonatype.com/repository/maven-snapshots/io/monix/implicitbox_2.12/0.2.0/implicitbox_2.12-0.2.0.pom.sha1
2026.06.04 15:30:38 INFO  Scala CLI: Failed to download https://central.sonatype.com/repository/maven-snapshots/org/scala-sbt/librarymanagement-core_2.12/1.12.0/librarymanagement-core_2.12-1.12.0.pom.sha1
2026.06.04 15:30:38 INFO  Scala CLI: Downloading https://central.sonatype.com/repository/maven-snapshots/org/apache/logging/log4j/log4j-api/2.23.0/log4j-api-2.23.0.pom.sha1
2026.06.04 15:30:38 INFO  Scala CLI: Failed to download https://central.sonatype.com/repository/maven-snapshots/org/scalameta/trees_2.12/4.13.8/trees_2.12-4.13.8.pom.sha1
2026.06.04 15:30:38 INFO  Scala CLI: Downloading https://central.sonatype.com/repository/maven-snapshots/org/ow2/asm/asm-analysis/9.9.1/asm-analysis-9.9.1.pom.sha1
2026.06.04 15:30:38 INFO  Scala CLI: Failed to download https://central.sonatype.com/repository/maven-snapshots/io/zipkin/reporter2/zipkin-reporter-brave/2.17.2/zipkin-reporter-brave-2.17.2.pom.sha1
2026.06.04 15:30:38 INFO  Scala CLI: Downloading https://central.sonatype.com/repository/maven-snapshots/net/java/dev/jna/jna-platform/4.4.0/jna-platform-4.4.0.pom.sha1
2026.06.04 15:30:38 INFO  Scala CLI: Failed to download https://central.sonatype.com/repository/maven-snapshots/com/outr/scribe_2.12/3.5.5/scribe_2.12-3.5.5.pom.sha1
2026.06.04 15:30:38 INFO  Scala CLI: Downloading https://central.sonatype.com/repository/maven-snapshots/io/get-coursier/util/directories/0.1.2/directories-0.1.2.pom.sha1
2026.06.04 15:30:38 INFO  Scala CLI: Failed to download https://central.sonatype.com/repository/maven-snapshots/com/chuusai/shapeless_2.12/2.3.3/shapeless_2.12-2.3.3.pom.sha1
2026.06.04 15:30:38 INFO  Scala CLI: Downloading https://central.sonatype.com/repository/maven-snapshots/io/zipkin/reporter2/zipkin-reporter/2.17.2/zipkin-reporter-2.17.2.pom.sha1
2026.06.04 15:30:38 INFO  Scala CLI: Failed to download https://central.sonatype.com/repository/maven-snapshots/io/monix/implicitbox_2.12/0.2.0/implicitbox_2.12-0.2.0.pom.sha1
2026.06.04 15:30:38 INFO  Scala CLI: Downloading https://repo.scala-lang.org/artifactory/maven-nightlies/org/ow2/asm/asm-tree/9.9.1/asm-tree-9.9.1.pom
2026.06.04 15:30:38 INFO  Scala CLI: Failed to download https://central.sonatype.com/repository/maven-snapshots/org/ow2/asm/asm-analysis/9.9.1/asm-analysis-9.9.1.pom.sha1
2026.06.04 15:30:38 INFO  Scala CLI: Downloading https://repo.scala-lang.org/artifactory/maven-nightlies/org/jctools/jctools-core/2.1.2/jctools-core-2.1.2.pom
2026.06.04 15:30:38 INFO  Scala CLI: Failed to download https://central.sonatype.com/repository/maven-snapshots/org/apache/logging/log4j/log4j-api/2.23.0/log4j-api-2.23.0.pom.sha1
2026.06.04 15:30:38 INFO  Scala CLI: Downloading https://repo.scala-lang.org/artifactory/maven-nightlies/org/typelevel/cats-effect_2.12/2.1.3/cats-effect_2.12-2.1.3.pom
2026.06.04 15:30:38 INFO  Scala CLI: Failed to download https://central.sonatype.com/repository/maven-snapshots/net/java/dev/jna/jna-platform/4.4.0/jna-platform-4.4.0.pom.sha1
2026.06.04 15:30:38 INFO  Scala CLI: Downloading https://repo.scala-lang.org/artifactory/maven-nightlies/com/lihaoyi/fansi_2.12/0.5.1/fansi_2.12-0.5.1.pom
2026.06.04 15:30:39 INFO  Scala CLI: Failed to download https://repo.scala-lang.org/artifactory/maven-nightlies/org/ow2/asm/asm-tree/9.9.1/asm-tree-9.9.1.pom
2026.06.04 15:30:39 INFO  Scala CLI: Downloading https://repo.scala-lang.org/artifactory/maven-nightlies/io/zipkin/zipkin2/zipkin/2.27.0/zipkin-2.27.0.pom
2026.06.04 15:30:39 INFO  Scala CLI: Failed to download https://repo.scala-lang.org/artifactory/maven-nightlies/io/zipkin/zipkin2/zipkin/2.27.0/zipkin-2.27.0.pom
2026.06.04 15:30:39 INFO  Scala CLI: Downloading https://repo.scala-lang.org/artifactory/maven-nightlies/org/scala-sbt/librarymanagement-core_2.12/1.12.0/librarymanagement-core_2.12-1.12.0.pom
2026.06.04 15:30:39 INFO  Scala CLI: Failed to download https://central.sonatype.com/repository/maven-snapshots/io/get-coursier/util/directories/0.1.2/directories-0.1.2.pom.sha1
2026.06.04 15:30:39 INFO  Scala CLI: Downloading https://repo.scala-lang.org/artifactory/maven-nightlies/org/scalameta/trees_2.12/4.13.8/trees_2.12-4.13.8.pom
2026.06.04 15:30:39 INFO  Scala CLI: Failed to download https://central.sonatype.com/repository/maven-snapshots/io/zipkin/reporter2/zipkin-reporter/2.17.2/zipkin-reporter-2.17.2.pom.sha1
2026.06.04 15:30:39 INFO  Scala CLI: Downloading https://repo.scala-lang.org/artifactory/maven-nightlies/io/zipkin/reporter2/zipkin-reporter-brave/2.17.2/zipkin-reporter-brave-2.17.2.pom
2026.06.04 15:30:39 INFO  Scala CLI: Failed to download https://repo.scala-lang.org/artifactory/maven-nightlies/org/jctools/jctools-core/2.1.2/jctools-core-2.1.2.pom
2026.06.04 15:30:39 INFO  Scala CLI: Downloading https://repo.scala-lang.org/artifactory/maven-nightlies/com/outr/scribe_2.12/3.5.5/scribe_2.12-3.5.5.pom
2026.06.04 15:30:39 INFO  Scala CLI: Failed to download https://repo.scala-lang.org/artifactory/maven-nightlies/org/scala-sbt/librarymanagement-core_2.12/1.12.0/librarymanagement-core_2.12-1.12.0.pom
2026.06.04 15:30:39 INFO  Scala CLI: Downloading https://repo.scala-lang.org/artifactory/maven-nightlies/com/chuusai/shapeless_2.12/2.3.3/shapeless_2.12-2.3.3.pom
2026.06.04 15:30:39 INFO  Scala CLI: Failed to download https://repo.scala-lang.org/artifactory/maven-nightlies/org/typelevel/cats-effect_2.12/2.1.3/cats-effect_2.12-2.1.3.pom
2026.06.04 15:30:39 INFO  Scala CLI: Downloading https://repo.scala-lang.org/artifactory/maven-nightlies/io/monix/implicitbox_2.12/0.2.0/implicitbox_2.12-0.2.0.pom
2026.06.04 15:30:39 INFO  Scala CLI: Failed to download https://repo.scala-lang.org/artifactory/maven-nightlies/com/lihaoyi/fansi_2.12/0.5.1/fansi_2.12-0.5.1.pom
2026.06.04 15:30:39 INFO  Scala CLI: Downloading https://repo.scala-lang.org/artifactory/maven-nightlies/org/ow2/asm/asm-tree/9.9.1/asm-tree-9.9.1.pom.sha1
2026.06.04 15:30:39 INFO  Scala CLI: Failed to download https://repo.scala-lang.org/artifactory/maven-nightlies/com/outr/scribe_2.12/3.5.5/scribe_2.12-3.5.5.pom
2026.06.04 15:30:39 INFO  Scala CLI: Downloading https://repo.scala-lang.org/artifactory/maven-nightlies/io/zipkin/zipkin2/zipkin/2.27.0/zipkin-2.27.0.pom.sha1
2026.06.04 15:30:39 INFO  Scala CLI: Failed to download https://repo.scala-lang.org/artifactory/maven-nightlies/com/chuusai/shapeless_2.12/2.3.3/shapeless_2.12-2.3.3.pom
2026.06.04 15:30:39 INFO  Scala CLI: Downloading https://repo.scala-lang.org/artifactory/maven-nightlies/org/jctools/jctools-core/2.1.2/jctools-core-2.1.2.pom.sha1
2026.06.04 15:30:39 INFO  Scala CLI: Failed to download https://repo.scala-lang.org/artifactory/maven-nightlies/io/monix/implicitbox_2.12/0.2.0/implicitbox_2.12-0.2.0.pom
2026.06.04 15:30:39 INFO  Scala CLI: Downloading https://repo.scala-lang.org/artifactory/maven-nightlies/org/scala-sbt/librarymanagement-core_2.12/1.12.0/librarymanagement-core_2.12-1.12.0.pom.sha1
2026.06.04 15:30:39 INFO  Scala CLI: Failed to download https://repo.scala-lang.org/artifactory/maven-nightlies/org/ow2/asm/asm-tree/9.9.1/asm-tree-9.9.1.pom.sha1
2026.06.04 15:30:39 INFO  Scala CLI: Downloading https://repo.scala-lang.org/artifactory/maven-nightlies/org/typelevel/cats-effect_2.12/2.1.3/cats-effect_2.12-2.1.3.pom.sha1
2026.06.04 15:30:39 INFO  Scala CLI: Failed to download https://repo.scala-lang.org/artifactory/maven-nightlies/io/zipkin/zipkin2/zipkin/2.27.0/zipkin-2.27.0.pom.sha1
2026.06.04 15:30:39 INFO  Scala CLI: Downloading https://repo.scala-lang.org/artifactory/maven-nightlies/com/lihaoyi/fansi_2.12/0.5.1/fansi_2.12-0.5.1.pom.sha1
2026.06.04 15:30:39 INFO  Scala CLI: Failed to download https://repo.scala-lang.org/artifactory/maven-nightlies/org/jctools/jctools-core/2.1.2/jctools-core-2.1.2.pom.sha1
2026.06.04 15:30:39 INFO  Scala CLI: Downloading https://repo.scala-lang.org/artifactory/maven-nightlies/com/outr/scribe_2.12/3.5.5/scribe_2.12-3.5.5.pom.sha1
2026.06.04 15:30:39 INFO  Scala CLI: Failed to download https://repo.scala-lang.org/artifactory/maven-nightlies/io/zipkin/reporter2/zipkin-reporter-brave/2.17.2/zipkin-reporter-brave-2.17.2.pom
2026.06.04 15:30:39 INFO  Scala CLI: Downloading https://repo.scala-lang.org/artifactory/maven-nightlies/com/chuusai/shapeless_2.12/2.3.3/shapeless_2.12-2.3.3.pom.sha1
2026.06.04 15:30:39 INFO  Scala CLI: Failed to download https://repo.scala-lang.org/artifactory/maven-nightlies/org/scala-sbt/librarymanagement-core_2.12/1.12.0/librarymanagement-core_2.12-1.12.0.pom.sha1
2026.06.04 15:30:39 INFO  Scala CLI: Downloading https://repo.scala-lang.org/artifactory/maven-nightlies/io/monix/implicitbox_2.12/0.2.0/implicitbox_2.12-0.2.0.pom.sha1
2026.06.04 15:30:39 INFO  Scala CLI: Failed to download https://repo.scala-lang.org/artifactory/maven-nightlies/org/scalameta/trees_2.12/4.13.8/trees_2.12-4.13.8.pom
2026.06.04 15:30:39 INFO  Scala CLI: Downloading https://repo.scala-lang.org/artifactory/maven-nightlies/org/ow2/asm/asm-analysis/9.9.1/asm-analysis-9.9.1.pom
2026.06.04 15:30:39 INFO  Scala CLI: Failed to download https://repo.scala-lang.org/artifactory/maven-nightlies/org/typelevel/cats-effect_2.12/2.1.3/cats-effect_2.12-2.1.3.pom.sha1
2026.06.04 15:30:39 INFO  Scala CLI: Downloading https://repo.scala-lang.org/artifactory/maven-nightlies/org/apache/logging/log4j/log4j-api/2.23.0/log4j-api-2.23.0.pom
2026.06.04 15:30:39 INFO  Scala CLI: Failed to download https://repo.scala-lang.org/artifactory/maven-nightlies/com/lihaoyi/fansi_2.12/0.5.1/fansi_2.12-0.5.1.pom.sha1
2026.06.04 15:30:39 INFO  Scala CLI: Downloading https://repo.scala-lang.org/artifactory/maven-nightlies/net/java/dev/jna/jna-platform/4.4.0/jna-platform-4.4.0.pom
2026.06.04 15:30:39 INFO  Scala CLI: Failed to download https://repo.scala-lang.org/artifactory/maven-nightlies/com/outr/scribe_2.12/3.5.5/scribe_2.12-3.5.5.pom.sha1
2026.06.04 15:30:39 INFO  Scala CLI: Downloading https://repo.scala-lang.org/artifactory/maven-nightlies/io/zipkin/reporter2/zipkin-reporter-brave/2.17.2/zipkin-reporter-brave-2.17.2.pom.sha1
2026.06.04 15:30:40 INFO  Scala CLI: Failed to download https://repo.scala-lang.org/artifactory/maven-nightlies/com/chuusai/shapeless_2.12/2.3.3/shapeless_2.12-2.3.3.pom.sha1
2026.06.04 15:30:40 INFO  Scala CLI: Downloading https://repo.scala-lang.org/artifactory/maven-nightlies/io/get-coursier/util/directories/0.1.2/directories-0.1.2.pom
2026.06.04 15:30:40 INFO  Scala CLI: Failed to download https://repo.scala-lang.org/artifactory/maven-nightlies/io/monix/implicitbox_2.12/0.2.0/implicitbox_2.12-0.2.0.pom.sha1
2026.06.04 15:30:40 INFO  Scala CLI: Downloading https://repo.scala-lang.org/artifactory/maven-nightlies/io/zipkin/reporter2/zipkin-reporter/2.17.2/zipkin-reporter-2.17.2.pom
2026.06.04 15:30:40 INFO  Scala CLI: Failed to download https://repo.scala-lang.org/artifactory/maven-nightlies/org/ow2/asm/asm-analysis/9.9.1/asm-analysis-9.9.1.pom
2026.06.04 15:30:40 INFO  Scala CLI: Downloading https://repo.scala-lang.org/artifactory/maven-nightlies/org/scalameta/trees_2.12/4.13.8/trees_2.12-4.13.8.pom.sha1
2026.06.04 15:30:40 INFO  Scala CLI: Failed to download https://repo.scala-lang.org/artifactory/maven-nightlies/org/apache/logging/log4j/log4j-api/2.23.0/log4j-api-2.23.0.pom
2026.06.04 15:30:40 INFO  Scala CLI: Downloading https://repo.scala-lang.org/artifactory/maven-nightlies/org/ow2/asm/asm-analysis/9.9.1/asm-analysis-9.9.1.pom.sha1
2026.06.04 15:30:40 INFO  Scala CLI: Failed to download https://repo.scala-lang.org/artifactory/maven-nightlies/net/java/dev/jna/jna-platform/4.4.0/jna-platform-4.4.0.pom
2026.06.04 15:30:40 INFO  Scala CLI: Downloading https://repo.scala-lang.org/artifactory/maven-nightlies/org/apache/logging/log4j/log4j-api/2.23.0/log4j-api-2.23.0.pom.sha1
2026.06.04 15:30:40 INFO  Scala CLI: Failed to download https://repo.scala-lang.org/artifactory/maven-nightlies/io/zipkin/reporter2/zipkin-reporter-brave/2.17.2/zipkin-reporter-brave-2.17.2.pom.sha1
2026.06.04 15:30:40 INFO  Scala CLI: Downloading https://repo.scala-lang.org/artifactory/maven-nightlies/net/java/dev/jna/jna-platform/4.4.0/jna-platform-4.4.0.pom.sha1
2026.06.04 15:30:40 INFO  Scala CLI: Failed to download https://repo.scala-lang.org/artifactory/maven-nightlies/io/get-coursier/util/directories/0.1.2/directories-0.1.2.pom
2026.06.04 15:30:40 INFO  Scala CLI: Downloading https://repo.scala-lang.org/artifactory/maven-nightlies/io/get-coursier/util/directories/0.1.2/directories-0.1.2.pom.sha1
2026.06.04 15:30:40 INFO  Scala CLI: Failed to download https://repo.scala-lang.org/artifactory/maven-nightlies/io/zipkin/reporter2/zipkin-reporter/2.17.2/zipkin-reporter-2.17.2.pom
2026.06.04 15:30:40 INFO  Scala CLI: Downloading https://repo1.maven.org/maven2/org/ow2/asm/asm-tree/9.9.1/asm-tree-9.9.1.pom
2026.06.04 15:30:40 INFO  Scala CLI: Failed to download https://repo.scala-lang.org/artifactory/maven-nightlies/org/scalameta/trees_2.12/4.13.8/trees_2.12-4.13.8.pom.sha1
2026.06.04 15:30:40 INFO  Scala CLI: Downloading https://repo1.maven.org/maven2/io/zipkin/zipkin2/zipkin/2.27.0/zipkin-2.27.0.pom
2026.06.04 15:30:40 INFO  Scala CLI: Failed to download https://repo.scala-lang.org/artifactory/maven-nightlies/org/ow2/asm/asm-analysis/9.9.1/asm-analysis-9.9.1.pom.sha1
2026.06.04 15:30:40 INFO  Scala CLI: Downloading https://repo1.maven.org/maven2/org/jctools/jctools-core/2.1.2/jctools-core-2.1.2.pom
2026.06.04 15:30:40 INFO  Scala CLI: Failed to download https://repo.scala-lang.org/artifactory/maven-nightlies/org/apache/logging/log4j/log4j-api/2.23.0/log4j-api-2.23.0.pom.sha1
2026.06.04 15:30:40 INFO  Scala CLI: Downloading https://repo1.maven.org/maven2/org/scala-sbt/librarymanagement-core_2.12/1.12.0/librarymanagement-core_2.12-1.12.0.pom
2026.06.04 15:30:40 INFO  Scala CLI: Downloaded https://repo1.maven.org/maven2/org/ow2/asm/asm-tree/9.9.1/asm-tree-9.9.1.pom
2026.06.04 15:30:40 INFO  Scala CLI: Downloading https://repo.scala-lang.org/artifactory/maven-nightlies/io/zipkin/reporter2/zipkin-reporter/2.17.2/zipkin-reporter-2.17.2.pom.sha1
2026.06.04 15:30:40 INFO  Scala CLI: Failed to download https://repo.scala-lang.org/artifactory/maven-nightlies/net/java/dev/jna/jna-platform/4.4.0/jna-platform-4.4.0.pom.sha1
2026.06.04 15:30:40 INFO  Scala CLI: Downloading https://repo1.maven.org/maven2/org/typelevel/cats-effect_2.12/2.1.3/cats-effect_2.12-2.1.3.pom
2026.06.04 15:30:40 INFO  Scala CLI: Downloaded https://repo1.maven.org/maven2/io/zipkin/zipkin2/zipkin/2.27.0/zipkin-2.27.0.pom
2026.06.04 15:30:40 INFO  Scala CLI: Downloading https://repo1.maven.org/maven2/com/lihaoyi/fansi_2.12/0.5.1/fansi_2.12-0.5.1.pom
2026.06.04 15:30:40 INFO  Scala CLI: Downloaded https://repo1.maven.org/maven2/org/jctools/jctools-core/2.1.2/jctools-core-2.1.2.pom
2026.06.04 15:30:40 INFO  Scala CLI: Downloading https://repo1.maven.org/maven2/com/outr/scribe_2.12/3.5.5/scribe_2.12-3.5.5.pom
2026.06.04 15:30:40 INFO  Scala CLI: Downloaded https://repo1.maven.org/maven2/org/scala-sbt/librarymanagement-core_2.12/1.12.0/librarymanagement-core_2.12-1.12.0.pom
2026.06.04 15:30:40 INFO  Scala CLI: Downloading https://repo1.maven.org/maven2/com/chuusai/shapeless_2.12/2.3.3/shapeless_2.12-2.3.3.pom
2026.06.04 15:30:40 INFO  Scala CLI: Failed to download https://repo.scala-lang.org/artifactory/maven-nightlies/io/get-coursier/util/directories/0.1.2/directories-0.1.2.pom.sha1
2026.06.04 15:30:40 INFO  Scala CLI: Downloading https://repo1.maven.org/maven2/io/monix/implicitbox_2.12/0.2.0/implicitbox_2.12-0.2.0.pom
2026.06.04 15:30:40 INFO  Scala CLI: Downloaded https://repo1.maven.org/maven2/org/typelevel/cats-effect_2.12/2.1.3/cats-effect_2.12-2.1.3.pom
2026.06.04 15:30:40 INFO  Scala CLI: Downloaded https://repo1.maven.org/maven2/com/lihaoyi/fansi_2.12/0.5.1/fansi_2.12-0.5.1.pom
2026.06.04 15:30:40 INFO  Scala CLI: Downloaded https://repo1.maven.org/maven2/com/outr/scribe_2.12/3.5.5/scribe_2.12-3.5.5.pom
2026.06.04 15:30:40 INFO  Scala CLI: Downloading https://repo1.maven.org/maven2/io/zipkin/reporter2/zipkin-reporter-brave/2.17.2/zipkin-reporter-brave-2.17.2.pom
2026.06.04 15:30:40 INFO  Scala CLI: Downloaded https://repo1.maven.org/maven2/com/chuusai/shapeless_2.12/2.3.3/shapeless_2.12-2.3.3.pom
2026.06.04 15:30:40 INFO  Scala CLI: Failed to download https://repo.scala-lang.org/artifactory/maven-nightlies/io/zipkin/reporter2/zipkin-reporter/2.17.2/zipkin-reporter-2.17.2.pom.sha1
2026.06.04 15:30:40 INFO  Scala CLI: Downloading https://repo1.maven.org/maven2/org/scalameta/trees_2.12/4.13.8/trees_2.12-4.13.8.pom
2026.06.04 15:30:40 INFO  Scala CLI: Downloading https://repo1.maven.org/maven2/org/ow2/asm/asm-analysis/9.9.1/asm-analysis-9.9.1.pom
2026.06.04 15:30:40 INFO  Scala CLI: Downloading https://repo1.maven.org/maven2/org/apache/logging/log4j/log4j-api/2.23.0/log4j-api-2.23.0.pom
2026.06.04 15:30:40 INFO  Scala CLI: Downloading https://repo1.maven.org/maven2/net/java/dev/jna/jna-platform/4.4.0/jna-platform-4.4.0.pom
2026.06.04 15:30:40 INFO  Scala CLI: Downloaded https://repo1.maven.org/maven2/io/monix/implicitbox_2.12/0.2.0/implicitbox_2.12-0.2.0.pom
2026.06.04 15:30:40 INFO  Scala CLI: Downloading https://repo1.maven.org/maven2/io/get-coursier/util/directories/0.1.2/directories-0.1.2.pom
2026.06.04 15:30:40 INFO  Scala CLI: Downloaded https://repo1.maven.org/maven2/io/zipkin/reporter2/zipkin-reporter-brave/2.17.2/zipkin-reporter-brave-2.17.2.pom
2026.06.04 15:30:40 INFO  Scala CLI: Downloaded https://repo1.maven.org/maven2/org/scalameta/trees_2.12/4.13.8/trees_2.12-4.13.8.pom
2026.06.04 15:30:40 INFO  Scala CLI: Downloaded https://repo1.maven.org/maven2/org/apache/logging/log4j/log4j-api/2.23.0/log4j-api-2.23.0.pom
2026.06.04 15:30:40 INFO  Scala CLI: Downloaded https://repo1.maven.org/maven2/org/ow2/asm/asm-analysis/9.9.1/asm-analysis-9.9.1.pom
2026.06.04 15:30:40 INFO  Scala CLI: Downloading https://repo1.maven.org/maven2/io/zipkin/reporter2/zipkin-reporter/2.17.2/zipkin-reporter-2.17.2.pom
2026.06.04 15:30:40 INFO  Scala CLI: Downloaded https://repo1.maven.org/maven2/io/get-coursier/util/directories/0.1.2/directories-0.1.2.pom
2026.06.04 15:30:40 INFO  Scala CLI: Downloaded https://repo1.maven.org/maven2/io/zipkin/reporter2/zipkin-reporter/2.17.2/zipkin-reporter-2.17.2.pom
2026.06.04 15:30:40 INFO  Scala CLI: Downloaded https://repo1.maven.org/maven2/net/java/dev/jna/jna-platform/4.4.0/jna-platform-4.4.0.pom
2026.06.04 15:30:40 INFO  Scala CLI: Downloading https://central.sonatype.com/repository/maven-snapshots/io/zipkin/zipkin-parent/2.27.0/zipkin-parent-2.27.0.pom
2026.06.04 15:30:41 INFO  Scala CLI: Failed to download https://central.sonatype.com/repository/maven-snapshots/io/zipkin/zipkin-parent/2.27.0/zipkin-parent-2.27.0.pom
2026.06.04 15:30:41 INFO  Scala CLI: Downloading https://central.sonatype.com/repository/maven-snapshots/io/zipkin/zipkin-parent/2.27.0/zipkin-parent-2.27.0.pom.sha1
2026.06.04 15:30:41 INFO  Scala CLI: Failed to download https://central.sonatype.com/repository/maven-snapshots/io/zipkin/zipkin-parent/2.27.0/zipkin-parent-2.27.0.pom.sha1
2026.06.04 15:30:41 INFO  Scala CLI: Downloading https://repo.scala-lang.org/artifactory/maven-nightlies/io/zipkin/zipkin-parent/2.27.0/zipkin-parent-2.27.0.pom
2026.06.04 15:30:41 INFO  Scala CLI: Failed to download https://repo.scala-lang.org/artifactory/maven-nightlies/io/zipkin/zipkin-parent/2.27.0/zipkin-parent-2.27.0.pom
2026.06.04 15:30:41 INFO  Scala CLI: Downloading https://repo.scala-lang.org/artifactory/maven-nightlies/io/zipkin/zipkin-parent/2.27.0/zipkin-parent-2.27.0.pom.sha1
2026.06.04 15:30:41 INFO  Scala CLI: Failed to download https://repo.scala-lang.org/artifactory/maven-nightlies/io/zipkin/zipkin-parent/2.27.0/zipkin-parent-2.27.0.pom.sha1
2026.06.04 15:30:41 INFO  Scala CLI: Downloading https://repo1.maven.org/maven2/io/zipkin/zipkin-parent/2.27.0/zipkin-parent-2.27.0.pom
2026.06.04 15:30:41 INFO  Scala CLI: Downloaded https://repo1.maven.org/maven2/io/zipkin/zipkin-parent/2.27.0/zipkin-parent-2.27.0.pom
2026.06.04 15:30:42 INFO  Scala CLI: Downloading https://central.sonatype.com/repository/maven-snapshots/org/scalameta/common_2.12/4.13.8/common_2.12-4.13.8.pom
2026.06.04 15:30:42 INFO  Scala CLI: Downloading https://central.sonatype.com/repository/maven-snapshots/org/typelevel/cats-core_2.12/2.1.1/cats-core_2.12-2.1.1.pom
2026.06.04 15:30:42 INFO  Scala CLI: Downloading https://central.sonatype.com/repository/maven-snapshots/com/outr/moduload_2.12/1.1.5/moduload_2.12-1.1.5.pom
2026.06.04 15:30:42 INFO  Scala CLI: Downloading https://central.sonatype.com/repository/maven-snapshots/org/typelevel/macro-compat_2.12/1.1.1/macro-compat_2.12-1.1.1.pom
2026.06.04 15:30:42 INFO  Scala CLI: Downloading https://central.sonatype.com/repository/maven-snapshots/com/outr/perfolation_2.12/1.2.8/perfolation_2.12-1.2.8.pom
2026.06.04 15:30:42 INFO  Scala CLI: Downloading https://central.sonatype.com/repository/maven-snapshots/com/eed3si9n/gigahorse-apache-http_2.12/0.9.3/gigahorse-apache-http_2.12-0.9.3.pom
2026.06.04 15:30:42 INFO  Scala CLI: Failed to download https://central.sonatype.com/repository/maven-snapshots/com/outr/moduload_2.12/1.1.5/moduload_2.12-1.1.5.pom
2026.06.04 15:30:42 INFO  Scala CLI: Failed to download https://central.sonatype.com/repository/maven-snapshots/org/scalameta/common_2.12/4.13.8/common_2.12-4.13.8.pom
2026.06.04 15:30:42 INFO  Scala CLI: Downloading https://central.sonatype.com/repository/maven-snapshots/org/scalameta/io_2.12/4.13.8/io_2.12-4.13.8.pom
2026.06.04 15:30:42 INFO  Scala CLI: Failed to download https://central.sonatype.com/repository/maven-snapshots/org/typelevel/cats-core_2.12/2.1.1/cats-core_2.12-2.1.1.pom
2026.06.04 15:30:42 INFO  Scala CLI: Downloading https://central.sonatype.com/repository/maven-snapshots/org/scala-sbt/util-cache_2.12/1.11.7/util-cache_2.12-1.11.7.pom
2026.06.04 15:30:42 INFO  Scala CLI: Failed to download https://central.sonatype.com/repository/maven-snapshots/org/typelevel/macro-compat_2.12/1.1.1/macro-compat_2.12-1.1.1.pom
2026.06.04 15:30:42 INFO  Scala CLI: Failed to download https://central.sonatype.com/repository/maven-snapshots/com/outr/perfolation_2.12/1.2.8/perfolation_2.12-1.2.8.pom
2026.06.04 15:30:42 INFO  Scala CLI: Failed to download https://central.sonatype.com/repository/maven-snapshots/com/eed3si9n/gigahorse-apache-http_2.12/0.9.3/gigahorse-apache-http_2.12-0.9.3.pom
2026.06.04 15:30:42 INFO  Scala CLI: Downloading https://central.sonatype.com/repository/maven-snapshots/org/scala-sbt/util-relation_2.12/1.11.5/util-relation_2.12-1.11.5.pom
2026.06.04 15:30:42 INFO  Scala CLI: Downloading https://central.sonatype.com/repository/maven-snapshots/com/google/errorprone/error_prone_annotations/2.38.0/error_prone_annotations-2.38.0.pom
2026.06.04 15:30:42 INFO  Scala CLI: Downloading https://central.sonatype.com/repository/maven-snapshots/org/scala-sbt/util-control_2.12/1.11.5/util-control_2.12-1.11.5.pom
2026.06.04 15:30:42 INFO  Scala CLI: Downloading https://central.sonatype.com/repository/maven-snapshots/com/outr/moduload_2.12/1.1.5/moduload_2.12-1.1.5.pom.sha1
2026.06.04 15:30:42 INFO  Scala CLI: Failed to download https://central.sonatype.com/repository/maven-snapshots/org/scalameta/io_2.12/4.13.8/io_2.12-4.13.8.pom
2026.06.04 15:30:42 INFO  Scala CLI: Downloading https://central.sonatype.com/repository/maven-snapshots/org/scalameta/common_2.12/4.13.8/common_2.12-4.13.8.pom.sha1
2026.06.04 15:30:42 INFO  Scala CLI: Failed to download https://central.sonatype.com/repository/maven-snapshots/org/scala-sbt/util-cache_2.12/1.11.7/util-cache_2.12-1.11.7.pom
2026.06.04 15:30:42 INFO  Scala CLI: Downloading https://central.sonatype.com/repository/maven-snapshots/org/typelevel/cats-core_2.12/2.1.1/cats-core_2.12-2.1.1.pom.sha1
2026.06.04 15:30:42 INFO  Scala CLI: Failed to download https://central.sonatype.com/repository/maven-snapshots/org/scala-sbt/util-relation_2.12/1.11.5/util-relation_2.12-1.11.5.pom
2026.06.04 15:30:42 INFO  Scala CLI: Failed to download https://central.sonatype.com/repository/maven-snapshots/com/google/errorprone/error_prone_annotations/2.38.0/error_prone_annotations-2.38.0.pom
2026.06.04 15:30:42 INFO  Scala CLI: Downloading https://central.sonatype.com/repository/maven-snapshots/org/typelevel/macro-compat_2.12/1.1.1/macro-compat_2.12-1.1.1.pom.sha1
2026.06.04 15:30:42 INFO  Scala CLI: Downloading https://central.sonatype.com/repository/maven-snapshots/com/outr/perfolation_2.12/1.2.8/perfolation_2.12-1.2.8.pom.sha1
2026.06.04 15:30:42 INFO  Scala CLI: Failed to download https://central.sonatype.com/repository/maven-snapshots/org/scala-sbt/util-control_2.12/1.11.5/util-control_2.12-1.11.5.pom
2026.06.04 15:30:42 INFO  Scala CLI: Downloading https://central.sonatype.com/repository/maven-snapshots/com/eed3si9n/gigahorse-apache-http_2.12/0.9.3/gigahorse-apache-http_2.12-0.9.3.pom.sha1
2026.06.04 15:30:42 INFO  Scala CLI: Failed to download https://central.sonatype.com/repository/maven-snapshots/com/outr/moduload_2.12/1.1.5/moduload_2.12-1.1.5.pom.sha1
2026.06.04 15:30:42 INFO  Scala CLI: Downloading https://central.sonatype.com/repository/maven-snapshots/org/scala-sbt/util-position_2.12/1.11.7/util-position_2.12-1.11.7.pom
2026.06.04 15:30:44 INFO  Scala CLI: Failed to download https://central.sonatype.com/repository/maven-snapshots/org/typelevel/cats-core_2.12/2.1.1/cats-core_2.12-2.1.1.pom.sha1
2026.06.04 15:30:44 INFO  Scala CLI: Downloading https://central.sonatype.com/repository/maven-snapshots/org/scala-sbt/util-logging_2.12/1.11.7/util-logging_2.12-1.11.7.pom
2026.06.04 15:30:44 INFO  Scala CLI: Failed to download https://central.sonatype.com/repository/maven-snapshots/org/scalameta/common_2.12/4.13.8/common_2.12-4.13.8.pom.sha1
2026.06.04 15:30:44 INFO  Scala CLI: Downloading https://central.sonatype.com/repository/maven-snapshots/org/scalameta/io_2.12/4.13.8/io_2.12-4.13.8.pom.sha1
2026.06.04 15:30:44 INFO  Scala CLI: Failed to download https://central.sonatype.com/repository/maven-snapshots/org/typelevel/macro-compat_2.12/1.1.1/macro-compat_2.12-1.1.1.pom.sha1
2026.06.04 15:30:44 INFO  Scala CLI: Downloading https://central.sonatype.com/repository/maven-snapshots/org/scala-sbt/util-cache_2.12/1.11.7/util-cache_2.12-1.11.7.pom.sha1
2026.06.04 15:30:44 INFO  Scala CLI: Failed to download https://central.sonatype.com/repository/maven-snapshots/com/outr/perfolation_2.12/1.2.8/perfolation_2.12-1.2.8.pom.sha1
2026.06.04 15:30:44 INFO  Scala CLI: Downloading https://central.sonatype.com/repository/maven-snapshots/org/scala-sbt/util-relation_2.12/1.11.5/util-relation_2.12-1.11.5.pom.sha1
2026.06.04 15:30:44 INFO  Scala CLI: Failed to download https://central.sonatype.com/repository/maven-snapshots/com/eed3si9n/gigahorse-apache-http_2.12/0.9.3/gigahorse-apache-http_2.12-0.9.3.pom.sha1
2026.06.04 15:30:44 INFO  Scala CLI: Downloading https://central.sonatype.com/repository/maven-snapshots/com/google/errorprone/error_prone_annotations/2.38.0/error_prone_annotations-2.38.0.pom.sha1
2026.06.04 15:30:44 INFO  Scala CLI: Failed to download https://central.sonatype.com/repository/maven-snapshots/org/scala-sbt/util-position_2.12/1.11.7/util-position_2.12-1.11.7.pom
2026.06.04 15:30:44 INFO  Scala CLI: Downloading https://central.sonatype.com/repository/maven-snapshots/org/scala-sbt/util-control_2.12/1.11.5/util-control_2.12-1.11.5.pom.sha1
2026.06.04 15:30:44 INFO  Scala CLI: Failed to download https://central.sonatype.com/repository/maven-snapshots/org/scala-sbt/util-logging_2.12/1.11.7/util-logging_2.12-1.11.7.pom
2026.06.04 15:30:44 INFO  Scala CLI: Failed to download https://central.sonatype.com/repository/maven-snapshots/org/scalameta/io_2.12/4.13.8/io_2.12-4.13.8.pom.sha1
2026.06.04 15:30:44 INFO  Scala CLI: Downloading https://central.sonatype.com/repository/maven-snapshots/org/scala-sbt/util-position_2.12/1.11.7/util-position_2.12-1.11.7.pom.sha1
2026.06.04 15:30:44 INFO  Scala CLI: Downloading https://central.sonatype.com/repository/maven-snapshots/org/scala-sbt/util-logging_2.12/1.11.7/util-logging_2.12-1.11.7.pom.sha1
2026.06.04 15:30:44 INFO  Scala CLI: Failed to download https://central.sonatype.com/repository/maven-snapshots/org/scala-sbt/util-relation_2.12/1.11.5/util-relation_2.12-1.11.5.pom.sha1
2026.06.04 15:30:44 INFO  Scala CLI: Downloading https://repo.scala-lang.org/artifactory/maven-nightlies/com/outr/moduload_2.12/1.1.5/moduload_2.12-1.1.5.pom
2026.06.04 15:30:44 INFO  Scala CLI: Failed to download https://central.sonatype.com/repository/maven-snapshots/org/scala-sbt/util-cache_2.12/1.11.7/util-cache_2.12-1.11.7.pom.sha1
2026.06.04 15:30:44 INFO  Scala CLI: Downloading https://repo.scala-lang.org/artifactory/maven-nightlies/org/typelevel/cats-core_2.12/2.1.1/cats-core_2.12-2.1.1.pom
2026.06.04 15:30:44 INFO  Scala CLI: Failed to download https://central.sonatype.com/repository/maven-snapshots/com/google/errorprone/error_prone_annotations/2.38.0/error_prone_annotations-2.38.0.pom.sha1
2026.06.04 15:30:44 INFO  Scala CLI: Downloading https://repo.scala-lang.org/artifactory/maven-nightlies/org/scalameta/common_2.12/4.13.8/common_2.12-4.13.8.pom
2026.06.04 15:30:44 INFO  Scala CLI: Failed to download https://central.sonatype.com/repository/maven-snapshots/org/scala-sbt/util-control_2.12/1.11.5/util-control_2.12-1.11.5.pom.sha1
2026.06.04 15:30:44 INFO  Scala CLI: Downloading https://repo.scala-lang.org/artifactory/maven-nightlies/org/typelevel/macro-compat_2.12/1.1.1/macro-compat_2.12-1.1.1.pom
2026.06.04 15:30:44 INFO  Scala CLI: Failed to download https://repo.scala-lang.org/artifactory/maven-nightlies/com/outr/moduload_2.12/1.1.5/moduload_2.12-1.1.5.pom
2026.06.04 15:30:44 INFO  Scala CLI: Downloading https://repo.scala-lang.org/artifactory/maven-nightlies/com/outr/perfolation_2.12/1.2.8/perfolation_2.12-1.2.8.pom
2026.06.04 15:30:44 INFO  Scala CLI: Failed to download https://repo.scala-lang.org/artifactory/maven-nightlies/org/scalameta/common_2.12/4.13.8/common_2.12-4.13.8.pom
2026.06.04 15:30:44 INFO  Scala CLI: Downloading https://repo.scala-lang.org/artifactory/maven-nightlies/com/eed3si9n/gigahorse-apache-http_2.12/0.9.3/gigahorse-apache-http_2.12-0.9.3.pom
2026.06.04 15:30:44 INFO  Scala CLI: Failed to download https://repo.scala-lang.org/artifactory/maven-nightlies/org/typelevel/cats-core_2.12/2.1.1/cats-core_2.12-2.1.1.pom
2026.06.04 15:30:44 INFO  Scala CLI: Downloading https://repo.scala-lang.org/artifactory/maven-nightlies/org/scalameta/io_2.12/4.13.8/io_2.12-4.13.8.pom
2026.06.04 15:30:44 INFO  Scala CLI: Failed to download https://repo.scala-lang.org/artifactory/maven-nightlies/org/typelevel/macro-compat_2.12/1.1.1/macro-compat_2.12-1.1.1.pom
2026.06.04 15:30:44 INFO  Scala CLI: Downloading https://repo.scala-lang.org/artifactory/maven-nightlies/com/outr/moduload_2.12/1.1.5/moduload_2.12-1.1.5.pom.sha1
2026.06.04 15:30:44 INFO  Scala CLI: Failed to download https://repo.scala-lang.org/artifactory/maven-nightlies/com/outr/perfolation_2.12/1.2.8/perfolation_2.12-1.2.8.pom
2026.06.04 15:30:44 INFO  Scala CLI: Downloading https://repo.scala-lang.org/artifactory/maven-nightlies/org/scalameta/common_2.12/4.13.8/common_2.12-4.13.8.pom.sha1
2026.06.04 15:30:44 INFO  Scala CLI: Failed to download https://repo.scala-lang.org/artifactory/maven-nightlies/org/scalameta/io_2.12/4.13.8/io_2.12-4.13.8.pom
2026.06.04 15:30:44 INFO  Scala CLI: Downloading https://repo.scala-lang.org/artifactory/maven-nightlies/org/typelevel/cats-core_2.12/2.1.1/cats-core_2.12-2.1.1.pom.sha1
2026.06.04 15:30:44 INFO  Scala CLI: Failed to download https://repo.scala-lang.org/artifactory/maven-nightlies/com/eed3si9n/gigahorse-apache-http_2.12/0.9.3/gigahorse-apache-http_2.12-0.9.3.pom
2026.06.04 15:30:44 INFO  Scala CLI: Downloading https://repo.scala-lang.org/artifactory/maven-nightlies/org/scala-sbt/util-relation_2.12/1.11.5/util-relation_2.12-1.11.5.pom
2026.06.04 15:30:44 INFO  Scala CLI: Failed to download https://repo.scala-lang.org/artifactory/maven-nightlies/com/outr/moduload_2.12/1.1.5/moduload_2.12-1.1.5.pom.sha1
2026.06.04 15:30:44 INFO  Scala CLI: Downloading https://repo.scala-lang.org/artifactory/maven-nightlies/org/typelevel/macro-compat_2.12/1.1.1/macro-compat_2.12-1.1.1.pom.sha1
2026.06.04 15:30:44 INFO  Scala CLI: Failed to download https://central.sonatype.com/repository/maven-snapshots/org/scala-sbt/util-position_2.12/1.11.7/util-position_2.12-1.11.7.pom.sha1
2026.06.04 15:30:44 INFO  Scala CLI: Downloading https://repo.scala-lang.org/artifactory/maven-nightlies/com/outr/perfolation_2.12/1.2.8/perfolation_2.12-1.2.8.pom.sha1
2026.06.04 15:30:44 INFO  Scala CLI: Failed to download https://central.sonatype.com/repository/maven-snapshots/org/scala-sbt/util-logging_2.12/1.11.7/util-logging_2.12-1.11.7.pom.sha1
2026.06.04 15:30:44 INFO  Scala CLI: Downloading https://repo.scala-lang.org/artifactory/maven-nightlies/org/scalameta/io_2.12/4.13.8/io_2.12-4.13.8.pom.sha1
2026.06.04 15:30:45 INFO  Scala CLI: Failed to download https://repo.scala-lang.org/artifactory/maven-nightlies/org/scalameta/common_2.12/4.13.8/common_2.12-4.13.8.pom.sha1
2026.06.04 15:30:45 INFO  Scala CLI: Downloading https://repo.scala-lang.org/artifactory/maven-nightlies/com/eed3si9n/gigahorse-apache-http_2.12/0.9.3/gigahorse-apache-http_2.12-0.9.3.pom.sha1
2026.06.04 15:30:45 INFO  Scala CLI: Failed to download https://repo.scala-lang.org/artifactory/maven-nightlies/org/typelevel/cats-core_2.12/2.1.1/cats-core_2.12-2.1.1.pom.sha1
2026.06.04 15:30:45 INFO  Scala CLI: Downloading https://repo.scala-lang.org/artifactory/maven-nightlies/org/scala-sbt/util-cache_2.12/1.11.7/util-cache_2.12-1.11.7.pom
2026.06.04 15:30:45 INFO  Scala CLI: Failed to download https://repo.scala-lang.org/artifactory/maven-nightlies/org/scala-sbt/util-relation_2.12/1.11.5/util-relation_2.12-1.11.5.pom
2026.06.04 15:30:45 INFO  Scala CLI: Downloading https://repo.scala-lang.org/artifactory/maven-nightlies/com/google/errorprone/error_prone_annotations/2.38.0/error_prone_annotations-2.38.0.pom
2026.06.04 15:30:45 INFO  Scala CLI: Failed to download https://repo.scala-lang.org/artifactory/maven-nightlies/org/typelevel/macro-compat_2.12/1.1.1/macro-compat_2.12-1.1.1.pom.sha1
2026.06.04 15:30:45 INFO  Scala CLI: Downloading https://repo.scala-lang.org/artifactory/maven-nightlies/org/scala-sbt/util-control_2.12/1.11.5/util-control_2.12-1.11.5.pom
2026.06.04 15:30:45 INFO  Scala CLI: Failed to download https://repo.scala-lang.org/artifactory/maven-nightlies/com/outr/perfolation_2.12/1.2.8/perfolation_2.12-1.2.8.pom.sha1
2026.06.04 15:30:45 INFO  Scala CLI: Downloading https://repo.scala-lang.org/artifactory/maven-nightlies/org/scala-sbt/util-relation_2.12/1.11.5/util-relation_2.12-1.11.5.pom.sha1
2026.06.04 15:30:45 INFO  Scala CLI: Failed to download https://repo.scala-lang.org/artifactory/maven-nightlies/com/eed3si9n/gigahorse-apache-http_2.12/0.9.3/gigahorse-apache-http_2.12-0.9.3.pom.sha1
2026.06.04 15:30:45 INFO  Scala CLI: Downloading https://repo.scala-lang.org/artifactory/maven-nightlies/org/scala-sbt/util-position_2.12/1.11.7/util-position_2.12-1.11.7.pom
2026.06.04 15:30:45 INFO  Scala CLI: Failed to download https://repo.scala-lang.org/artifactory/maven-nightlies/org/scala-sbt/util-cache_2.12/1.11.7/util-cache_2.12-1.11.7.pom
2026.06.04 15:30:45 INFO  Scala CLI: Downloading https://repo.scala-lang.org/artifactory/maven-nightlies/org/scala-sbt/util-logging_2.12/1.11.7/util-logging_2.12-1.11.7.pom
2026.06.04 15:30:45 INFO  Scala CLI: Failed to download https://repo.scala-lang.org/artifactory/maven-nightlies/com/google/errorprone/error_prone_annotations/2.38.0/error_prone_annotations-2.38.0.pom
2026.06.04 15:30:45 INFO  Scala CLI: Downloading https://repo.scala-lang.org/artifactory/maven-nightlies/org/scala-sbt/util-cache_2.12/1.11.7/util-cache_2.12-1.11.7.pom.sha1
2026.06.04 15:30:45 INFO  Scala CLI: Failed to download https://repo.scala-lang.org/artifactory/maven-nightlies/org/scala-sbt/util-control_2.12/1.11.5/util-control_2.12-1.11.5.pom
2026.06.04 15:30:45 INFO  Scala CLI: Downloading https://repo.scala-lang.org/artifactory/maven-nightlies/com/google/errorprone/error_prone_annotations/2.38.0/error_prone_annotations-2.38.0.pom.sha1
2026.06.04 15:30:45 INFO  Scala CLI: Failed to download https://repo.scala-lang.org/artifactory/maven-nightlies/org/scala-sbt/util-relation_2.12/1.11.5/util-relation_2.12-1.11.5.pom.sha1
2026.06.04 15:30:45 INFO  Scala CLI: Downloading https://repo1.maven.org/maven2/com/outr/moduload_2.12/1.1.5/moduload_2.12-1.1.5.pom
2026.06.04 15:30:45 INFO  Scala CLI: Downloaded https://repo1.maven.org/maven2/com/outr/moduload_2.12/1.1.5/moduload_2.12-1.1.5.pom
2026.06.04 15:30:45 INFO  Scala CLI: Downloading https://repo.scala-lang.org/artifactory/maven-nightlies/org/scala-sbt/util-control_2.12/1.11.5/util-control_2.12-1.11.5.pom.sha1
2026.06.04 15:30:45 INFO  Scala CLI: Failed to download https://repo.scala-lang.org/artifactory/maven-nightlies/org/scala-sbt/util-position_2.12/1.11.7/util-position_2.12-1.11.7.pom
2026.06.04 15:30:45 INFO  Scala CLI: Downloading https://repo1.maven.org/maven2/org/scalameta/common_2.12/4.13.8/common_2.12-4.13.8.pom
2026.06.04 15:30:45 INFO  Scala CLI: Failed to download https://repo.scala-lang.org/artifactory/maven-nightlies/org/scala-sbt/util-logging_2.12/1.11.7/util-logging_2.12-1.11.7.pom
2026.06.04 15:30:45 INFO  Scala CLI: Downloading https://repo1.maven.org/maven2/org/typelevel/cats-core_2.12/2.1.1/cats-core_2.12-2.1.1.pom
2026.06.04 15:30:45 INFO  Scala CLI: Downloaded https://repo1.maven.org/maven2/org/scalameta/common_2.12/4.13.8/common_2.12-4.13.8.pom
2026.06.04 15:30:45 INFO  Scala CLI: Downloading https://repo.scala-lang.org/artifactory/maven-nightlies/org/scala-sbt/util-position_2.12/1.11.7/util-position_2.12-1.11.7.pom.sha1
2026.06.04 15:30:45 INFO  Scala CLI: Failed to download https://repo.scala-lang.org/artifactory/maven-nightlies/org/scala-sbt/util-cache_2.12/1.11.7/util-cache_2.12-1.11.7.pom.sha1
2026.06.04 15:30:45 INFO  Scala CLI: Downloading https://repo1.maven.org/maven2/org/typelevel/macro-compat_2.12/1.1.1/macro-compat_2.12-1.1.1.pom
2026.06.04 15:30:45 INFO  Scala CLI: Downloaded https://repo1.maven.org/maven2/org/typelevel/cats-core_2.12/2.1.1/cats-core_2.12-2.1.1.pom
2026.06.04 15:30:45 INFO  Scala CLI: Downloading https://repo1.maven.org/maven2/com/outr/perfolation_2.12/1.2.8/perfolation_2.12-1.2.8.pom
2026.06.04 15:30:45 INFO  Scala CLI: Failed to download https://repo.scala-lang.org/artifactory/maven-nightlies/com/google/errorprone/error_prone_annotations/2.38.0/error_prone_annotations-2.38.0.pom.sha1
2026.06.04 15:30:45 INFO  Scala CLI: Downloading https://repo.scala-lang.org/artifactory/maven-nightlies/org/scala-sbt/util-logging_2.12/1.11.7/util-logging_2.12-1.11.7.pom.sha1
2026.06.04 15:30:45 INFO  Scala CLI: Failed to download https://repo.scala-lang.org/artifactory/maven-nightlies/org/scalameta/io_2.12/4.13.8/io_2.12-4.13.8.pom.sha1
2026.06.04 15:30:45 INFO  Scala CLI: Downloading https://repo1.maven.org/maven2/com/eed3si9n/gigahorse-apache-http_2.12/0.9.3/gigahorse-apache-http_2.12-0.9.3.pom
2026.06.04 15:30:45 INFO  Scala CLI: Downloaded https://repo1.maven.org/maven2/org/typelevel/macro-compat_2.12/1.1.1/macro-compat_2.12-1.1.1.pom
2026.06.04 15:30:45 INFO  Scala CLI: Downloaded https://repo1.maven.org/maven2/com/outr/perfolation_2.12/1.2.8/perfolation_2.12-1.2.8.pom
2026.06.04 15:30:45 INFO  Scala CLI: Downloading https://repo1.maven.org/maven2/org/scala-sbt/util-relation_2.12/1.11.5/util-relation_2.12-1.11.5.pom
2026.06.04 15:30:45 INFO  Scala CLI: Downloading https://repo1.maven.org/maven2/org/scala-sbt/util-cache_2.12/1.11.7/util-cache_2.12-1.11.7.pom
2026.06.04 15:30:45 INFO  Scala CLI: Failed to download https://repo.scala-lang.org/artifactory/maven-nightlies/org/scala-sbt/util-control_2.12/1.11.5/util-control_2.12-1.11.5.pom.sha1
2026.06.04 15:30:45 INFO  Scala CLI: Downloading https://repo1.maven.org/maven2/com/google/errorprone/error_prone_annotations/2.38.0/error_prone_annotations-2.38.0.pom
2026.06.04 15:30:45 INFO  Scala CLI: Downloaded https://repo1.maven.org/maven2/com/eed3si9n/gigahorse-apache-http_2.12/0.9.3/gigahorse-apache-http_2.12-0.9.3.pom
2026.06.04 15:30:45 INFO  Scala CLI: Downloading https://repo1.maven.org/maven2/org/scalameta/io_2.12/4.13.8/io_2.12-4.13.8.pom
2026.06.04 15:30:45 INFO  Scala CLI: Downloaded https://repo1.maven.org/maven2/org/scala-sbt/util-relation_2.12/1.11.5/util-relation_2.12-1.11.5.pom
2026.06.04 15:30:45 INFO  Scala CLI: Downloaded https://repo1.maven.org/maven2/org/scala-sbt/util-cache_2.12/1.11.7/util-cache_2.12-1.11.7.pom
2026.06.04 15:30:45 INFO  Scala CLI: Downloaded https://repo1.maven.org/maven2/com/google/errorprone/error_prone_annotations/2.38.0/error_prone_annotations-2.38.0.pom
2026.06.04 15:30:45 INFO  Scala CLI: Downloaded https://repo1.maven.org/maven2/org/scalameta/io_2.12/4.13.8/io_2.12-4.13.8.pom
2026.06.04 15:30:45 INFO  Scala CLI: Failed to download https://repo.scala-lang.org/artifactory/maven-nightlies/org/scala-sbt/util-position_2.12/1.11.7/util-position_2.12-1.11.7.pom.sha1
2026.06.04 15:30:45 INFO  Scala CLI: Downloading https://repo1.maven.org/maven2/org/scala-sbt/util-control_2.12/1.11.5/util-control_2.12-1.11.5.pom
2026.06.04 15:30:45 INFO  Scala CLI: Downloading https://repo1.maven.org/maven2/org/scala-sbt/util-position_2.12/1.11.7/util-position_2.12-1.11.7.pom
2026.06.04 15:30:45 INFO  Scala CLI: Failed to download https://repo.scala-lang.org/artifactory/maven-nightlies/org/scala-sbt/util-logging_2.12/1.11.7/util-logging_2.12-1.11.7.pom.sha1
2026.06.04 15:30:45 INFO  Scala CLI: Downloading https://repo1.maven.org/maven2/org/scala-sbt/util-logging_2.12/1.11.7/util-logging_2.12-1.11.7.pom
2026.06.04 15:30:45 INFO  Scala CLI: Downloaded https://repo1.maven.org/maven2/org/scala-sbt/util-control_2.12/1.11.5/util-control_2.12-1.11.5.pom
2026.06.04 15:30:45 INFO  Scala CLI: Downloaded https://repo1.maven.org/maven2/org/scala-sbt/util-position_2.12/1.11.7/util-position_2.12-1.11.7.pom
2026.06.04 15:30:45 INFO  Scala CLI: Downloaded https://repo1.maven.org/maven2/org/scala-sbt/util-logging_2.12/1.11.7/util-logging_2.12-1.11.7.pom
2026.06.04 15:30:45 INFO  Scala CLI: Downloading https://central.sonatype.com/repository/maven-snapshots/com/google/errorprone/error_prone_parent/2.38.0/error_prone_parent-2.38.0.pom
2026.06.04 15:30:46 INFO  Scala CLI: Failed to download https://central.sonatype.com/repository/maven-snapshots/com/google/errorprone/error_prone_parent/2.38.0/error_prone_parent-2.38.0.pom
2026.06.04 15:30:46 INFO  Scala CLI: Downloading https://central.sonatype.com/repository/maven-snapshots/com/google/errorprone/error_prone_parent/2.38.0/error_prone_parent-2.38.0.pom.sha1
2026.06.04 15:30:46 INFO  Scala CLI: Failed to download https://central.sonatype.com/repository/maven-snapshots/com/google/errorprone/error_prone_parent/2.38.0/error_prone_parent-2.38.0.pom.sha1
2026.06.04 15:30:46 INFO  Scala CLI: Downloading https://repo.scala-lang.org/artifactory/maven-nightlies/com/google/errorprone/error_prone_parent/2.38.0/error_prone_parent-2.38.0.pom
2026.06.04 15:30:46 INFO  Scala CLI: Failed to download https://repo.scala-lang.org/artifactory/maven-nightlies/com/google/errorprone/error_prone_parent/2.38.0/error_prone_parent-2.38.0.pom
2026.06.04 15:30:46 INFO  Scala CLI: Downloading https://repo.scala-lang.org/artifactory/maven-nightlies/com/google/errorprone/error_prone_parent/2.38.0/error_prone_parent-2.38.0.pom.sha1
2026.06.04 15:30:46 INFO  Scala CLI: Failed to download https://repo.scala-lang.org/artifactory/maven-nightlies/com/google/errorprone/error_prone_parent/2.38.0/error_prone_parent-2.38.0.pom.sha1
2026.06.04 15:30:46 INFO  Scala CLI: Downloading https://repo1.maven.org/maven2/com/google/errorprone/error_prone_parent/2.38.0/error_prone_parent-2.38.0.pom
2026.06.04 15:30:46 INFO  Scala CLI: Downloaded https://repo1.maven.org/maven2/com/google/errorprone/error_prone_parent/2.38.0/error_prone_parent-2.38.0.pom
2026.06.04 15:30:46 INFO  Scala CLI: Downloading https://central.sonatype.com/repository/maven-snapshots/org/typelevel/cats-macros_2.12/2.1.1/cats-macros_2.12-2.1.1.pom
2026.06.04 15:30:46 INFO  Scala CLI: Downloading https://central.sonatype.com/repository/maven-snapshots/com/eed3si9n/gigahorse-core_2.12/0.9.3/gigahorse-core_2.12-0.9.3.pom
2026.06.04 15:30:46 INFO  Scala CLI: Downloading https://central.sonatype.com/repository/maven-snapshots/org/typelevel/cats-kernel_2.12/2.1.1/cats-kernel_2.12-2.1.1.pom
2026.06.04 15:30:46 INFO  Scala CLI: Downloading https://central.sonatype.com/repository/maven-snapshots/org/scala-sbt/collections_2.12/1.11.7/collections_2.12-1.11.7.pom
2026.06.04 15:30:46 INFO  Scala CLI: Downloading https://central.sonatype.com/repository/maven-snapshots/org/scala-sbt/util-interface/1.11.7/util-interface-1.11.7.pom
2026.06.04 15:30:47 INFO  Scala CLI: Downloading https://central.sonatype.com/repository/maven-snapshots/com/eed3si9n/shaded-apache-httpclient5/0.9.3/shaded-apache-httpclient5-0.9.3.pom
2026.06.04 15:30:47 INFO  Scala CLI: Failed to download https://central.sonatype.com/repository/maven-snapshots/org/typelevel/cats-macros_2.12/2.1.1/cats-macros_2.12-2.1.1.pom
2026.06.04 15:30:47 INFO  Scala CLI: Failed to download https://central.sonatype.com/repository/maven-snapshots/org/scala-sbt/util-interface/1.11.7/util-interface-1.11.7.pom
2026.06.04 15:30:47 INFO  Scala CLI: Failed to download https://central.sonatype.com/repository/maven-snapshots/com/eed3si9n/gigahorse-core_2.12/0.9.3/gigahorse-core_2.12-0.9.3.pom
2026.06.04 15:30:47 INFO  Scala CLI: Failed to download https://central.sonatype.com/repository/maven-snapshots/org/typelevel/cats-kernel_2.12/2.1.1/cats-kernel_2.12-2.1.1.pom
2026.06.04 15:30:47 INFO  Scala CLI: Failed to download https://central.sonatype.com/repository/maven-snapshots/org/scala-sbt/collections_2.12/1.11.7/collections_2.12-1.11.7.pom
2026.06.04 15:30:47 INFO  Scala CLI: Downloading https://central.sonatype.com/repository/maven-snapshots/org/typelevel/cats-macros_2.12/2.1.1/cats-macros_2.12-2.1.1.pom.sha1
2026.06.04 15:30:47 INFO  Scala CLI: Downloading https://central.sonatype.com/repository/maven-snapshots/org/scala-sbt/util-interface/1.11.7/util-interface-1.11.7.pom.sha1
2026.06.04 15:30:47 INFO  Scala CLI: Downloading https://central.sonatype.com/repository/maven-snapshots/com/eed3si9n/gigahorse-core_2.12/0.9.3/gigahorse-core_2.12-0.9.3.pom.sha1
2026.06.04 15:30:47 INFO  Scala CLI: Downloading https://central.sonatype.com/repository/maven-snapshots/org/typelevel/cats-kernel_2.12/2.1.1/cats-kernel_2.12-2.1.1.pom.sha1
2026.06.04 15:30:47 INFO  Scala CLI: Downloading https://central.sonatype.com/repository/maven-snapshots/org/scala-sbt/collections_2.12/1.11.7/collections_2.12-1.11.7.pom.sha1
2026.06.04 15:30:47 INFO  Scala CLI: Failed to download https://central.sonatype.com/repository/maven-snapshots/com/eed3si9n/shaded-apache-httpclient5/0.9.3/shaded-apache-httpclient5-0.9.3.pom
2026.06.04 15:30:47 INFO  Scala CLI: Downloading https://central.sonatype.com/repository/maven-snapshots/org/scala-sbt/core-macros_2.12/1.11.7/core-macros_2.12-1.11.7.pom
2026.06.04 15:30:47 INFO  Scala CLI: Failed to download https://central.sonatype.com/repository/maven-snapshots/com/eed3si9n/gigahorse-core_2.12/0.9.3/gigahorse-core_2.12-0.9.3.pom.sha1
2026.06.04 15:30:47 INFO  Scala CLI: Failed to download https://central.sonatype.com/repository/maven-snapshots/org/typelevel/cats-macros_2.12/2.1.1/cats-macros_2.12-2.1.1.pom.sha1
2026.06.04 15:30:47 INFO  Scala CLI: Downloading https://central.sonatype.com/repository/maven-snapshots/com/eed3si9n/shaded-apache-httpclient5/0.9.3/shaded-apache-httpclient5-0.9.3.pom.sha1
2026.06.04 15:30:47 INFO  Scala CLI: Failed to download https://central.sonatype.com/repository/maven-snapshots/org/scala-sbt/util-interface/1.11.7/util-interface-1.11.7.pom.sha1
2026.06.04 15:30:47 INFO  Scala CLI: Downloading https://repo.scala-lang.org/artifactory/maven-nightlies/org/typelevel/cats-macros_2.12/2.1.1/cats-macros_2.12-2.1.1.pom
2026.06.04 15:30:47 INFO  Scala CLI: Downloading https://repo.scala-lang.org/artifactory/maven-nightlies/com/eed3si9n/gigahorse-core_2.12/0.9.3/gigahorse-core_2.12-0.9.3.pom
2026.06.04 15:30:47 INFO  Scala CLI: Failed to download https://central.sonatype.com/repository/maven-snapshots/org/scala-sbt/collections_2.12/1.11.7/collections_2.12-1.11.7.pom.sha1
2026.06.04 15:30:47 INFO  Scala CLI: Downloading https://repo.scala-lang.org/artifactory/maven-nightlies/org/scala-sbt/util-interface/1.11.7/util-interface-1.11.7.pom
2026.06.04 15:30:47 INFO  Scala CLI: Failed to download https://central.sonatype.com/repository/maven-snapshots/org/typelevel/cats-kernel_2.12/2.1.1/cats-kernel_2.12-2.1.1.pom.sha1
2026.06.04 15:30:47 INFO  Scala CLI: Downloading https://repo.scala-lang.org/artifactory/maven-nightlies/org/scala-sbt/collections_2.12/1.11.7/collections_2.12-1.11.7.pom
2026.06.04 15:30:47 INFO  Scala CLI: Failed to download https://central.sonatype.com/repository/maven-snapshots/org/scala-sbt/core-macros_2.12/1.11.7/core-macros_2.12-1.11.7.pom
2026.06.04 15:30:47 INFO  Scala CLI: Downloading https://central.sonatype.com/repository/maven-snapshots/org/scala-sbt/core-macros_2.12/1.11.7/core-macros_2.12-1.11.7.pom.sha1
2026.06.04 15:30:48 INFO  Scala CLI: Failed to download https://repo.scala-lang.org/artifactory/maven-nightlies/org/typelevel/cats-macros_2.12/2.1.1/cats-macros_2.12-2.1.1.pom
2026.06.04 15:30:48 INFO  Scala CLI: Downloading https://repo.scala-lang.org/artifactory/maven-nightlies/org/typelevel/cats-kernel_2.12/2.1.1/cats-kernel_2.12-2.1.1.pom
2026.06.04 15:30:48 INFO  Scala CLI: Failed to download https://repo.scala-lang.org/artifactory/maven-nightlies/org/scala-sbt/util-interface/1.11.7/util-interface-1.11.7.pom
2026.06.04 15:30:48 INFO  Scala CLI: Downloading https://repo.scala-lang.org/artifactory/maven-nightlies/org/typelevel/cats-macros_2.12/2.1.1/cats-macros_2.12-2.1.1.pom.sha1
2026.06.04 15:30:48 INFO  Scala CLI: Failed to download https://repo.scala-lang.org/artifactory/maven-nightlies/org/scala-sbt/collections_2.12/1.11.7/collections_2.12-1.11.7.pom
2026.06.04 15:30:48 INFO  Scala CLI: Downloading https://repo.scala-lang.org/artifactory/maven-nightlies/org/scala-sbt/util-interface/1.11.7/util-interface-1.11.7.pom.sha1
2026.06.04 15:30:48 INFO  Scala CLI: Failed to download https://repo.scala-lang.org/artifactory/maven-nightlies/org/typelevel/cats-kernel_2.12/2.1.1/cats-kernel_2.12-2.1.1.pom
2026.06.04 15:30:48 INFO  Scala CLI: Downloading https://repo.scala-lang.org/artifactory/maven-nightlies/org/scala-sbt/collections_2.12/1.11.7/collections_2.12-1.11.7.pom.sha1
2026.06.04 15:30:48 INFO  Scala CLI: Failed to download https://repo.scala-lang.org/artifactory/maven-nightlies/org/typelevel/cats-macros_2.12/2.1.1/cats-macros_2.12-2.1.1.pom.sha1
2026.06.04 15:30:48 INFO  Scala CLI: Failed to download https://repo.scala-lang.org/artifactory/maven-nightlies/org/scala-sbt/util-interface/1.11.7/util-interface-1.11.7.pom.sha1
2026.06.04 15:30:48 INFO  Scala CLI: Downloading https://repo.scala-lang.org/artifactory/maven-nightlies/org/typelevel/cats-kernel_2.12/2.1.1/cats-kernel_2.12-2.1.1.pom.sha1
2026.06.04 15:30:48 INFO  Scala CLI: Downloading https://repo1.maven.org/maven2/org/typelevel/cats-macros_2.12/2.1.1/cats-macros_2.12-2.1.1.pom
2026.06.04 15:30:48 INFO  Scala CLI: Failed to download https://central.sonatype.com/repository/maven-snapshots/com/eed3si9n/shaded-apache-httpclient5/0.9.3/shaded-apache-httpclient5-0.9.3.pom.sha1
2026.06.04 15:30:48 INFO  Scala CLI: Downloading https://repo1.maven.org/maven2/org/scala-sbt/util-interface/1.11.7/util-interface-1.11.7.pom
2026.06.04 15:30:48 INFO  Scala CLI: Downloaded https://repo1.maven.org/maven2/org/typelevel/cats-macros_2.12/2.1.1/cats-macros_2.12-2.1.1.pom
2026.06.04 15:30:48 INFO  Scala CLI: Downloading https://repo.scala-lang.org/artifactory/maven-nightlies/com/eed3si9n/shaded-apache-httpclient5/0.9.3/shaded-apache-httpclient5-0.9.3.pom
2026.06.04 15:30:48 INFO  Scala CLI: Downloaded https://repo1.maven.org/maven2/org/scala-sbt/util-interface/1.11.7/util-interface-1.11.7.pom
2026.06.04 15:30:48 INFO  Scala CLI: Failed to download https://repo.scala-lang.org/artifactory/maven-nightlies/org/scala-sbt/collections_2.12/1.11.7/collections_2.12-1.11.7.pom.sha1
2026.06.04 15:30:48 INFO  Scala CLI: Downloading https://repo1.maven.org/maven2/org/scala-sbt/collections_2.12/1.11.7/collections_2.12-1.11.7.pom
2026.06.04 15:30:48 INFO  Scala CLI: Failed to download https://repo.scala-lang.org/artifactory/maven-nightlies/org/typelevel/cats-kernel_2.12/2.1.1/cats-kernel_2.12-2.1.1.pom.sha1
2026.06.04 15:30:48 INFO  Scala CLI: Downloading https://repo1.maven.org/maven2/org/typelevel/cats-kernel_2.12/2.1.1/cats-kernel_2.12-2.1.1.pom
2026.06.04 15:30:48 INFO  Scala CLI: Downloaded https://repo1.maven.org/maven2/org/scala-sbt/collections_2.12/1.11.7/collections_2.12-1.11.7.pom
2026.06.04 15:30:48 INFO  Scala CLI: Failed to download https://repo.scala-lang.org/artifactory/maven-nightlies/com/eed3si9n/gigahorse-core_2.12/0.9.3/gigahorse-core_2.12-0.9.3.pom
2026.06.04 15:30:48 INFO  Scala CLI: Downloading https://repo.scala-lang.org/artifactory/maven-nightlies/com/eed3si9n/gigahorse-core_2.12/0.9.3/gigahorse-core_2.12-0.9.3.pom.sha1
2026.06.04 15:30:48 INFO  Scala CLI: Downloaded https://repo1.maven.org/maven2/org/typelevel/cats-kernel_2.12/2.1.1/cats-kernel_2.12-2.1.1.pom
2026.06.04 15:30:48 INFO  Scala CLI: Failed to download https://repo.scala-lang.org/artifactory/maven-nightlies/com/eed3si9n/shaded-apache-httpclient5/0.9.3/shaded-apache-httpclient5-0.9.3.pom
2026.06.04 15:30:48 INFO  Scala CLI: Downloading https://repo.scala-lang.org/artifactory/maven-nightlies/com/eed3si9n/shaded-apache-httpclient5/0.9.3/shaded-apache-httpclient5-0.9.3.pom.sha1
2026.06.04 15:30:48 INFO  Scala CLI: Failed to download https://repo.scala-lang.org/artifactory/maven-nightlies/com/eed3si9n/gigahorse-core_2.12/0.9.3/gigahorse-core_2.12-0.9.3.pom.sha1
2026.06.04 15:30:48 INFO  Scala CLI: Downloading https://repo1.maven.org/maven2/com/eed3si9n/gigahorse-core_2.12/0.9.3/gigahorse-core_2.12-0.9.3.pom
2026.06.04 15:30:48 INFO  Scala CLI: Failed to download https://repo.scala-lang.org/artifactory/maven-nightlies/com/eed3si9n/shaded-apache-httpclient5/0.9.3/shaded-apache-httpclient5-0.9.3.pom.sha1
2026.06.04 15:30:48 INFO  Scala CLI: Downloading https://repo1.maven.org/maven2/com/eed3si9n/shaded-apache-httpclient5/0.9.3/shaded-apache-httpclient5-0.9.3.pom
2026.06.04 15:30:48 INFO  Scala CLI: Downloaded https://repo1.maven.org/maven2/com/eed3si9n/gigahorse-core_2.12/0.9.3/gigahorse-core_2.12-0.9.3.pom
2026.06.04 15:30:48 INFO  Scala CLI: Downloaded https://repo1.maven.org/maven2/com/eed3si9n/shaded-apache-httpclient5/0.9.3/shaded-apache-httpclient5-0.9.3.pom
2026.06.04 15:30:49 INFO  Scala CLI: Failed to download https://central.sonatype.com/repository/maven-snapshots/org/scala-sbt/core-macros_2.12/1.11.7/core-macros_2.12-1.11.7.pom.sha1
2026.06.04 15:30:49 INFO  Scala CLI: Downloading https://repo.scala-lang.org/artifactory/maven-nightlies/org/scala-sbt/core-macros_2.12/1.11.7/core-macros_2.12-1.11.7.pom
2026.06.04 15:30:49 INFO  Scala CLI: Failed to download https://repo.scala-lang.org/artifactory/maven-nightlies/org/scala-sbt/core-macros_2.12/1.11.7/core-macros_2.12-1.11.7.pom
2026.06.04 15:30:49 INFO  Scala CLI: Downloading https://repo.scala-lang.org/artifactory/maven-nightlies/org/scala-sbt/core-macros_2.12/1.11.7/core-macros_2.12-1.11.7.pom.sha1
2026.06.04 15:30:49 INFO  Scala CLI: Failed to download https://repo.scala-lang.org/artifactory/maven-nightlies/org/scala-sbt/core-macros_2.12/1.11.7/core-macros_2.12-1.11.7.pom.sha1
2026.06.04 15:30:49 INFO  Scala CLI: Downloading https://repo1.maven.org/maven2/org/scala-sbt/core-macros_2.12/1.11.7/core-macros_2.12-1.11.7.pom
2026.06.04 15:30:49 INFO  Scala CLI: Downloaded https://repo1.maven.org/maven2/org/scala-sbt/core-macros_2.12/1.11.7/core-macros_2.12-1.11.7.pom
2026.06.04 15:30:49 INFO  Scala CLI: Downloading https://central.sonatype.com/repository/maven-snapshots/com/typesafe/ssl-config-core_2.12/0.6.1/ssl-config-core_2.12-0.6.1.pom
2026.06.04 15:30:50 INFO  Scala CLI: Failed to download https://central.sonatype.com/repository/maven-snapshots/com/typesafe/ssl-config-core_2.12/0.6.1/ssl-config-core_2.12-0.6.1.pom
2026.06.04 15:30:50 INFO  Scala CLI: Downloading https://central.sonatype.com/repository/maven-snapshots/com/typesafe/ssl-config-core_2.12/0.6.1/ssl-config-core_2.12-0.6.1.pom.sha1
2026.06.04 15:30:50 INFO  Scala CLI: Failed to download https://central.sonatype.com/repository/maven-snapshots/com/typesafe/ssl-config-core_2.12/0.6.1/ssl-config-core_2.12-0.6.1.pom.sha1
2026.06.04 15:30:50 INFO  Scala CLI: Downloading https://repo.scala-lang.org/artifactory/maven-nightlies/com/typesafe/ssl-config-core_2.12/0.6.1/ssl-config-core_2.12-0.6.1.pom
2026.06.04 15:30:50 INFO  Scala CLI: Failed to download https://repo.scala-lang.org/artifactory/maven-nightlies/com/typesafe/ssl-config-core_2.12/0.6.1/ssl-config-core_2.12-0.6.1.pom
2026.06.04 15:30:50 INFO  Scala CLI: Downloading https://repo.scala-lang.org/artifactory/maven-nightlies/com/typesafe/ssl-config-core_2.12/0.6.1/ssl-config-core_2.12-0.6.1.pom.sha1
2026.06.04 15:30:50 INFO  Scala CLI: Failed to download https://repo.scala-lang.org/artifactory/maven-nightlies/com/typesafe/ssl-config-core_2.12/0.6.1/ssl-config-core_2.12-0.6.1.pom.sha1
2026.06.04 15:30:50 INFO  Scala CLI: Downloading https://repo1.maven.org/maven2/com/typesafe/ssl-config-core_2.12/0.6.1/ssl-config-core_2.12-0.6.1.pom
2026.06.04 15:30:50 INFO  Scala CLI: Downloaded https://repo1.maven.org/maven2/com/typesafe/ssl-config-core_2.12/0.6.1/ssl-config-core_2.12-0.6.1.pom
2026.06.04 15:30:50 INFO  Scala CLI: Downloading https://central.sonatype.com/repository/maven-snapshots/com/typesafe/config/1.4.2/config-1.4.2.pom
2026.06.04 15:30:52 INFO  Scala CLI: Failed to download https://central.sonatype.com/repository/maven-snapshots/com/typesafe/config/1.4.2/config-1.4.2.pom
2026.06.04 15:30:52 INFO  Scala CLI: Downloading https://central.sonatype.com/repository/maven-snapshots/com/typesafe/config/1.4.2/config-1.4.2.pom.sha1
2026.06.04 15:30:52 INFO  Scala CLI: Failed to download https://central.sonatype.com/repository/maven-snapshots/com/typesafe/config/1.4.2/config-1.4.2.pom.sha1
2026.06.04 15:30:52 INFO  Scala CLI: Downloading https://repo.scala-lang.org/artifactory/maven-nightlies/com/typesafe/config/1.4.2/config-1.4.2.pom
2026.06.04 15:30:52 INFO  Scala CLI: Failed to download https://repo.scala-lang.org/artifactory/maven-nightlies/com/typesafe/config/1.4.2/config-1.4.2.pom
2026.06.04 15:30:52 INFO  Scala CLI: Downloading https://repo.scala-lang.org/artifactory/maven-nightlies/com/typesafe/config/1.4.2/config-1.4.2.pom.sha1
2026.06.04 15:30:52 INFO  Scala CLI: Failed to download https://repo.scala-lang.org/artifactory/maven-nightlies/com/typesafe/config/1.4.2/config-1.4.2.pom.sha1
2026.06.04 15:30:52 INFO  Scala CLI: Downloading https://repo1.maven.org/maven2/com/typesafe/config/1.4.2/config-1.4.2.pom
2026.06.04 15:30:52 INFO  Scala CLI: Downloaded https://repo1.maven.org/maven2/com/typesafe/config/1.4.2/config-1.4.2.pom
2026.06.04 15:30:53 INFO  Scala CLI: Downloading https://repo1.maven.org/maven2/com/github/plokhotnyuk/jsoniter-scala/jsoniter-scala-core_2.12/2.13.5.2/jsoniter-scala-core_2.12-2.13.5.2.jar
2026.06.04 15:30:53 INFO  Scala CLI: Downloading https://repo1.maven.org/maven2/org/typelevel/cats-macros_2.12/2.1.1/cats-macros_2.12-2.1.1.jar
2026.06.04 15:30:53 INFO  Scala CLI: Downloading https://repo1.maven.org/maven2/org/jctools/jctools-core/2.1.2/jctools-core-2.1.2.jar
2026.06.04 15:30:53 INFO  Scala CLI: Downloading https://repo1.maven.org/maven2/org/zeroturnaround/zt-zip/1.17/zt-zip-1.17.jar
2026.06.04 15:30:53 INFO  Scala CLI: Downloading https://repo1.maven.org/maven2/com/typesafe/config/1.4.2/config-1.4.2.jar
2026.06.04 15:30:53 INFO  Scala CLI: Downloading https://repo1.maven.org/maven2/org/scala-sbt/test-agent/1.12.1/test-agent-1.12.1.jar
2026.06.04 15:30:53 INFO  Scala CLI: Downloaded https://repo1.maven.org/maven2/org/typelevel/cats-macros_2.12/2.1.1/cats-macros_2.12-2.1.1.jar
2026.06.04 15:30:53 INFO  Scala CLI: Downloading https://repo1.maven.org/maven2/io/zipkin/reporter2/zipkin-reporter/2.17.2/zipkin-reporter-2.17.2.jar
2026.06.04 15:30:53 INFO  Scala CLI: Downloaded https://repo1.maven.org/maven2/io/zipkin/reporter2/zipkin-reporter/2.17.2/zipkin-reporter-2.17.2.jar
2026.06.04 15:30:53 INFO  Scala CLI: Downloading https://repo1.maven.org/maven2/org/typelevel/cats-core_2.12/2.1.1/cats-core_2.12-2.1.1.jar
2026.06.04 15:30:53 INFO  Scala CLI: Downloaded https://repo1.maven.org/maven2/org/scala-sbt/test-agent/1.12.1/test-agent-1.12.1.jar
2026.06.04 15:30:53 INFO  Scala CLI: Downloading https://repo1.maven.org/maven2/org/ow2/asm/asm-analysis/9.9.1/asm-analysis-9.9.1.jar
2026.06.04 15:30:53 INFO  Scala CLI: Downloaded https://repo1.maven.org/maven2/org/zeroturnaround/zt-zip/1.17/zt-zip-1.17.jar
2026.06.04 15:30:53 INFO  Scala CLI: Downloading https://repo1.maven.org/maven2/ch/epfl/scala/libdaemon_2.12/0.0.12/libdaemon_2.12-0.0.12.jar
2026.06.04 15:30:53 INFO  Scala CLI: Downloaded https://repo1.maven.org/maven2/org/ow2/asm/asm-analysis/9.9.1/asm-analysis-9.9.1.jar
2026.06.04 15:30:53 INFO  Scala CLI: Downloading https://repo1.maven.org/maven2/com/outr/scribe_2.12/3.5.5/scribe_2.12-3.5.5.jar
2026.06.04 15:30:53 INFO  Scala CLI: Downloaded https://repo1.maven.org/maven2/com/typesafe/config/1.4.2/config-1.4.2.jar
2026.06.04 15:30:53 INFO  Scala CLI: Downloading https://repo1.maven.org/maven2/io/get-coursier/util/directories-jni/0.1.2/directories-jni-0.1.2.jar
2026.06.04 15:30:53 INFO  Scala CLI: Downloaded https://repo1.maven.org/maven2/io/get-coursier/util/directories-jni/0.1.2/directories-jni-0.1.2.jar
2026.06.04 15:30:53 INFO  Scala CLI: Downloading https://repo1.maven.org/maven2/io/monix/monix-tail_2.12/3.2.0/monix-tail_2.12-3.2.0.jar
2026.06.04 15:30:53 INFO  Scala CLI: Downloaded https://repo1.maven.org/maven2/ch/epfl/scala/libdaemon_2.12/0.0.12/libdaemon_2.12-0.0.12.jar
2026.06.04 15:30:53 INFO  Scala CLI: Downloading https://repo1.maven.org/maven2/com/outr/perfolation_2.12/1.2.8/perfolation_2.12-1.2.8.jar
2026.06.04 15:30:54 INFO  Scala CLI: Downloaded https://repo1.maven.org/maven2/com/github/plokhotnyuk/jsoniter-scala/jsoniter-scala-core_2.12/2.13.5.2/jsoniter-scala-core_2.12-2.13.5.2.jar
2026.06.04 15:30:54 INFO  Scala CLI: Downloading https://repo1.maven.org/maven2/org/scala-sbt/librarymanagement-ivy_2.12/1.12.0/librarymanagement-ivy_2.12-1.12.0.jar
2026.06.04 15:30:54 INFO  Scala CLI: Downloaded https://repo1.maven.org/maven2/io/monix/monix-tail_2.12/3.2.0/monix-tail_2.12-3.2.0.jar
2026.06.04 15:30:54 INFO  Scala CLI: Downloading https://repo1.maven.org/maven2/com/eed3si9n/gigahorse-apache-http_2.12/0.9.3/gigahorse-apache-http_2.12-0.9.3.jar
2026.06.04 15:30:54 INFO  Scala CLI: Downloaded https://repo1.maven.org/maven2/com/eed3si9n/gigahorse-apache-http_2.12/0.9.3/gigahorse-apache-http_2.12-0.9.3.jar
2026.06.04 15:30:54 INFO  Scala CLI: Downloading https://repo1.maven.org/maven2/org/scala-sbt/util-interface/1.11.7/util-interface-1.11.7.jar
2026.06.04 15:30:54 INFO  Scala CLI: Downloaded https://repo1.maven.org/maven2/org/scala-sbt/util-interface/1.11.7/util-interface-1.11.7.jar
2026.06.04 15:30:54 INFO  Scala CLI: Downloading https://repo1.maven.org/maven2/ch/epfl/scala/bloop-frontend_2.12/2.0.19/bloop-frontend_2.12-2.0.19.jar
2026.06.04 15:30:54 INFO  Scala CLI: Downloaded https://repo1.maven.org/maven2/org/jctools/jctools-core/2.1.2/jctools-core-2.1.2.jar
2026.06.04 15:30:54 INFO  Scala CLI: Downloading https://repo1.maven.org/maven2/org/scala-sbt/util-relation_2.12/1.11.5/util-relation_2.12-1.11.5.jar
2026.06.04 15:30:54 INFO  Scala CLI: Downloaded https://repo1.maven.org/maven2/org/scala-sbt/util-relation_2.12/1.11.5/util-relation_2.12-1.11.5.jar
2026.06.04 15:30:54 INFO  Scala CLI: Downloading https://repo1.maven.org/maven2/ch/epfl/scala/bloop-backend_2.12/2.0.19/bloop-backend_2.12-2.0.19.jar
2026.06.04 15:30:56 INFO  Scala CLI: Downloaded https://repo1.maven.org/maven2/com/outr/perfolation_2.12/1.2.8/perfolation_2.12-1.2.8.jar
2026.06.04 15:30:56 INFO  Scala CLI: Downloading https://repo1.maven.org/maven2/org/ow2/asm/asm-tree/9.9.1/asm-tree-9.9.1.jar
2026.06.04 15:30:56 INFO  Scala CLI: Downloaded https://repo1.maven.org/maven2/org/ow2/asm/asm-tree/9.9.1/asm-tree-9.9.1.jar
2026.06.04 15:30:56 INFO  Scala CLI: Downloading https://repo1.maven.org/maven2/org/scala-sbt/librarymanagement-core_2.12/1.12.0/librarymanagement-core_2.12-1.12.0.jar
2026.06.04 15:30:56 INFO  Scala CLI: Downloaded https://repo1.maven.org/maven2/com/outr/scribe_2.12/3.5.5/scribe_2.12-3.5.5.jar
2026.06.04 15:30:56 INFO  Scala CLI: Downloading https://repo1.maven.org/maven2/com/eed3si9n/shaded-apache-httpclient5/0.9.3/shaded-apache-httpclient5-0.9.3.jar
2026.06.04 15:30:56 INFO  Scala CLI: Downloaded https://repo1.maven.org/maven2/ch/epfl/scala/bloop-frontend_2.12/2.0.19/bloop-frontend_2.12-2.0.19.jar
2026.06.04 15:30:56 INFO  Scala CLI: Downloading https://repo1.maven.org/maven2/com/eed3si9n/gigahorse-core_2.12/0.9.3/gigahorse-core_2.12-0.9.3.jar
2026.06.04 15:30:57 INFO  Scala CLI: Downloaded https://repo1.maven.org/maven2/org/scala-sbt/librarymanagement-ivy_2.12/1.12.0/librarymanagement-ivy_2.12-1.12.0.jar
2026.06.04 15:30:57 INFO  Scala CLI: Downloading https://repo1.maven.org/maven2/io/zipkin/reporter2/zipkin-reporter-brave/2.17.2/zipkin-reporter-brave-2.17.2.jar
2026.06.04 15:30:57 INFO  Scala CLI: Downloaded https://repo1.maven.org/maven2/com/eed3si9n/gigahorse-core_2.12/0.9.3/gigahorse-core_2.12-0.9.3.jar
2026.06.04 15:30:57 INFO  Scala CLI: Downloading https://repo1.maven.org/maven2/org/typelevel/macro-compat_2.12/1.1.1/macro-compat_2.12-1.1.1.jar
2026.06.04 15:30:57 INFO  Scala CLI: Downloaded https://repo1.maven.org/maven2/org/typelevel/macro-compat_2.12/1.1.1/macro-compat_2.12-1.1.1.jar
2026.06.04 15:30:57 INFO  Scala CLI: Downloading https://repo1.maven.org/maven2/ch/epfl/scala/bloop-shared_2.12/2.0.19/bloop-shared_2.12-2.0.19.jar
2026.06.04 15:30:57 INFO  Scala CLI: Downloaded https://repo1.maven.org/maven2/io/zipkin/reporter2/zipkin-reporter-brave/2.17.2/zipkin-reporter-brave-2.17.2.jar
2026.06.04 15:30:57 INFO  Scala CLI: Downloading https://repo1.maven.org/maven2/org/scala-lang/modules/scala-collection-compat_2.12/2.13.0/scala-collection-compat_2.12-2.13.0.jar
2026.06.04 15:30:57 INFO  Scala CLI: Downloaded https://repo1.maven.org/maven2/ch/epfl/scala/bloop-shared_2.12/2.0.19/bloop-shared_2.12-2.0.19.jar
2026.06.04 15:30:57 INFO  Scala CLI: Downloading https://repo1.maven.org/maven2/org/typelevel/cats-kernel_2.12/2.1.1/cats-kernel_2.12-2.1.1.jar
2026.06.04 15:30:58 INFO  Scala CLI: Downloaded https://repo1.maven.org/maven2/org/scala-lang/modules/scala-collection-compat_2.12/2.13.0/scala-collection-compat_2.12-2.13.0.jar
2026.06.04 15:30:58 INFO  Scala CLI: Downloading https://repo1.maven.org/maven2/ch/qos/logback/logback-core/1.5.27/logback-core-1.5.27.jar
2026.06.04 15:30:58 INFO  Scala CLI: Downloaded https://repo1.maven.org/maven2/org/scala-sbt/librarymanagement-core_2.12/1.12.0/librarymanagement-core_2.12-1.12.0.jar
2026.06.04 15:30:58 INFO  Scala CLI: Downloading https://repo1.maven.org/maven2/ch/epfl/scala/bsp4s_2.12/2.1.1/bsp4s_2.12-2.1.1.jar
2026.06.04 15:31:01 INFO  Scala CLI: Downloaded https://repo1.maven.org/maven2/ch/epfl/scala/bloop-backend_2.12/2.0.19/bloop-backend_2.12-2.0.19.jar
2026.06.04 15:31:01 INFO  Scala CLI: Downloading https://repo1.maven.org/maven2/ch/epfl/scala/bloop-config_2.12/2.3.3/bloop-config_2.12-2.3.3.jar
2026.06.04 15:31:01 INFO  Scala CLI: Downloaded https://repo1.maven.org/maven2/ch/qos/logback/logback-core/1.5.27/logback-core-1.5.27.jar
2026.06.04 15:31:01 INFO  Scala CLI: Downloading https://repo1.maven.org/maven2/net/jpountz/lz4/lz4/1.3.0/lz4-1.3.0.jar
2026.06.04 15:31:02 INFO  Scala CLI: Downloaded https://repo1.maven.org/maven2/net/jpountz/lz4/lz4/1.3.0/lz4-1.3.0.jar
2026.06.04 15:31:02 INFO  Scala CLI: Downloading https://repo1.maven.org/maven2/org/scalaz/scalaz-core_2.12/7.3.8/scalaz-core_2.12-7.3.8.jar
2026.06.04 15:31:02 INFO  Scala CLI: Downloaded https://repo1.maven.org/maven2/ch/epfl/scala/bloop-config_2.12/2.3.3/bloop-config_2.12-2.3.3.jar
2026.06.04 15:31:02 INFO  Scala CLI: Downloading https://repo1.maven.org/maven2/com/github/alexarchambault/case-app-util_2.12/2.0.6/case-app-util_2.12-2.0.6.jar
2026.06.04 15:31:02 INFO  Scala CLI: Downloaded https://repo1.maven.org/maven2/com/github/alexarchambault/case-app-util_2.12/2.0.6/case-app-util_2.12-2.0.6.jar
2026.06.04 15:31:02 INFO  Scala CLI: Downloading https://repo1.maven.org/maven2/org/apache/logging/log4j/log4j-api/2.23.0/log4j-api-2.23.0.jar
2026.06.04 15:31:02 INFO  Scala CLI: Downloaded https://repo1.maven.org/maven2/org/typelevel/cats-core_2.12/2.1.1/cats-core_2.12-2.1.1.jar
2026.06.04 15:31:02 INFO  Scala CLI: Downloading https://repo1.maven.org/maven2/org/ow2/asm/asm-util/9.9.1/asm-util-9.9.1.jar
2026.06.04 15:31:03 INFO  Scala CLI: Downloaded https://repo1.maven.org/maven2/org/ow2/asm/asm-util/9.9.1/asm-util-9.9.1.jar
2026.06.04 15:31:03 INFO  Scala CLI: Downloading https://repo1.maven.org/maven2/io/get-coursier/util/directories/0.1.2/directories-0.1.2.jar
2026.06.04 15:31:03 INFO  Scala CLI: Downloaded https://repo1.maven.org/maven2/ch/epfl/scala/bsp4s_2.12/2.1.1/bsp4s_2.12-2.1.1.jar
2026.06.04 15:31:03 INFO  Scala CLI: Downloading https://repo1.maven.org/maven2/com/chuusai/shapeless_2.12/2.3.3/shapeless_2.12-2.3.3.jar
2026.06.04 15:31:03 INFO  Scala CLI: Downloaded https://repo1.maven.org/maven2/io/get-coursier/util/directories/0.1.2/directories-0.1.2.jar
2026.06.04 15:31:03 INFO  Scala CLI: Downloading https://repo1.maven.org/maven2/com/lihaoyi/sourcecode_2.12/0.4.4/sourcecode_2.12-0.4.4.jar
2026.06.04 15:31:03 INFO  Scala CLI: Downloaded https://repo1.maven.org/maven2/com/lihaoyi/sourcecode_2.12/0.4.4/sourcecode_2.12-0.4.4.jar
2026.06.04 15:31:03 INFO  Scala CLI: Downloading https://repo1.maven.org/maven2/org/scala-sbt/launcher-interface/1.5.2/launcher-interface-1.5.2.jar
2026.06.04 15:31:03 INFO  Scala CLI: Downloaded https://repo1.maven.org/maven2/org/scala-sbt/launcher-interface/1.5.2/launcher-interface-1.5.2.jar
2026.06.04 15:31:03 INFO  Scala CLI: Downloading https://repo1.maven.org/maven2/ch/epfl/scala/directory-watcher/0.8.0+6-f651bd93/directory-watcher-0.8.0+6-f651bd93.jar
2026.06.04 15:31:03 INFO  Scala CLI: Downloaded https://repo1.maven.org/maven2/org/typelevel/cats-kernel_2.12/2.1.1/cats-kernel_2.12-2.1.1.jar
2026.06.04 15:31:03 INFO  Scala CLI: Downloading https://repo1.maven.org/maven2/com/github/alexarchambault/case-app-annotations_2.12/2.0.6/case-app-annotations_2.12-2.0.6.jar
2026.06.04 15:31:03 INFO  Scala CLI: Downloaded https://repo1.maven.org/maven2/ch/epfl/scala/directory-watcher/0.8.0+6-f651bd93/directory-watcher-0.8.0+6-f651bd93.jar
2026.06.04 15:31:03 INFO  Scala CLI: Downloading https://repo1.maven.org/maven2/org/scalameta/common_2.12/4.13.8/common_2.12-4.13.8.jar
2026.06.04 15:31:03 INFO  Scala CLI: Downloaded https://repo1.maven.org/maven2/com/github/alexarchambault/case-app-annotations_2.12/2.0.6/case-app-annotations_2.12-2.0.6.jar
2026.06.04 15:31:03 INFO  Scala CLI: Downloading https://repo1.maven.org/maven2/org/apache/logging/log4j/log4j-core/2.23.0/log4j-core-2.23.0.jar
2026.06.04 15:31:03 INFO  Scala CLI: Downloaded https://repo1.maven.org/maven2/org/apache/logging/log4j/log4j-api/2.23.0/log4j-api-2.23.0.jar
2026.06.04 15:31:03 INFO  Scala CLI: Downloading https://repo1.maven.org/maven2/com/github/plokhotnyuk/jsoniter-scala/jsoniter-scala-macros_2.12/2.13.3.2/jsoniter-scala-macros_2.12-2.13.3.2.jar
2026.06.04 15:31:06 INFO  Scala CLI: Downloaded https://repo1.maven.org/maven2/com/github/plokhotnyuk/jsoniter-scala/jsoniter-scala-macros_2.12/2.13.3.2/jsoniter-scala-macros_2.12-2.13.3.2.jar
2026.06.04 15:31:06 INFO  Scala CLI: Downloading https://repo1.maven.org/maven2/io/monix/monix-eval_2.12/3.2.0/monix-eval_2.12-3.2.0.jar
2026.06.04 15:31:08 INFO  Scala CLI: Downloaded https://repo1.maven.org/maven2/org/scalameta/common_2.12/4.13.8/common_2.12-4.13.8.jar
2026.06.04 15:31:08 INFO  Scala CLI: Downloading https://repo1.maven.org/maven2/io/monix/monix_2.12/3.2.0/monix_2.12-3.2.0.jar
2026.06.04 15:31:08 INFO  Scala CLI: Downloaded https://repo1.maven.org/maven2/io/monix/monix_2.12/3.2.0/monix_2.12-3.2.0.jar
2026.06.04 15:31:08 INFO  Scala CLI: Downloading https://repo1.maven.org/maven2/io/zipkin/brave/brave/5.18.1/brave-5.18.1.jar
2026.06.04 15:31:08 ERROR Timeout waiting for 'build/initialize' response
2026.06.04 15:31:08 WARN  Retrying connection to the build server Scala CLI
2026.06.04 15:31:08 INFO  Running List(C:\Users\USER\AppData\Local\Coursier\cache\arc\https\github.com\adoptium\temurin17-binaries\releases\download\jdk-17.0.19%252B10\OpenJDK17U-jdk_x64_windows_hotspot_17.0.19_10.zip\jdk-17.0.19+10\bin\java.exe, -cp, C:\Users\USER\AppData\Local\Coursier\cache\v1\https\repo1.maven.org\maven2\org\virtuslab\scala-cli\cli_3\1.12.4\cli_3-1.12.4.jar;C:\Users\USER\AppData\Local\Coursier\cache\v1\https\repo1.maven.org\maven2\com\github\alexarchambault\case-app_3\2.1.0\case-app_3-2.1.0.jar;C:\Users\USER\AppData\Local\Coursier\cache\v1\https\repo1.maven.org\maven2\io\get-coursier\coursier-launcher_2.13\2.1.25-M23\coursier-launcher_2.13-2.1.25-M23.jar;C:\Users\USER\AppData\Local\Coursier\cache\v1\https\repo1.maven.org\maven2\io\get-coursier\coursier-proxy-setup\2.1.25-M23\coursier-proxy-setup-2.1.25-M23.jar;C:\Users\USER\AppData\Local\Coursier\cache\v1\https\repo1.maven.org\maven2\io\get-coursier\publish\publish_3\0.4.4\publish_3-0.4.4.jar;C:\Users\USER\AppData\Local\Coursier\cache\v1\https\repo1.maven.org\maven2\com\google\jimfs\jimfs\1.3.1\jimfs-1.3.1.jar;C:\Users\USER\AppData\Local\Coursier\cache\v1\https\repo1.maven.org\maven2\io\get-coursier\jniutils\windows-jni-utils\0.3.3\windows-jni-utils-0.3.3.jar;C:\Users\USER\AppData\Local\Coursier\cache\v1\https\repo1.maven.org\maven2\com\github\plokhotnyuk\jsoniter-scala\jsoniter-scala-core_3\2.38.8\jsoniter-scala-core_3-2.38.8.jar;C:\Users\USER\AppData\Local\Coursier\cache\v1\https\repo1.maven.org\maven2\org\virtuslab\scala-cli\libsodiumjni\0.0.4\libsodiumjni-0.0.4.jar;C:\Users\USER\AppData\Local\Coursier\cache\v1\https\repo1.maven.org\maven2\org\scalameta\metaconfig-typesafe-config_3\0.18.2\metaconfig-typesafe-config_3-0.18.2.jar;C:\Users\USER\AppData\Local\Coursier\cache\v1\https\repo1.maven.org\maven2\ai\kien\python-native-libs_3\0.2.5\python-native-libs_3-0.2.5.jar;C:\Users\USER\AppData\Local\Coursier\cache\v1\https\repo1.maven.org\maven2\org\virtuslab\scala-packager_3\0.2.1\scala-packager_3-0.2.1.jar;C:\Users\USER\AppData\Local\Coursier\cache\v1\https\repo1.maven.org\maven2\org\virtuslab\scala-cli-signing\cli_3\0.2.13\cli_3-0.2.13.jar;C:\Users\USER\AppData\Local\Coursier\cache\v1\https\repo1.maven.org\maven2\org\slf4j\slf4j-nop\2.0.17\slf4j-nop-2.0.17.jar;C:\Users\USER\AppData\Local\Coursier\cache\v1\https\repo1.maven.org\maven2\com\softwaremill\sttp\client3\core_3\3.11.0\core_3-3.11.0.jar;C:\Users\USER\AppData\Local\Coursier\cache\v1\https\repo1.maven.org\maven2\ch\epfl\scala\scalafix-interfaces\0.14.5\scalafix-interfaces-0.14.5.jar;C:\Users\USER\AppData\Local\Coursier\cache\v1\https\repo1.maven.org\maven2\org\virtuslab\scala-cli\scala3-graal_3\1.9.1\scala3-graal_3-1.9.1.jar;C:\Users\USER\AppData\Local\Coursier\cache\v1\https\repo1.maven.org\maven2\org\virtuslab\scala-cli\scala3-graal-processor_3\1.9.1\scala3-graal-processor_3-1.9.1.jar;C:\Users\USER\AppData\Local\Coursier\cache\v1\https\repo1.maven.org\maven2\org\scala-lang\scala3-library_3\3.3.7\scala3-library_3-3.3.7.jar;C:\Users\USER\AppData\Local\Coursier\cache\v1\https\repo1.maven.org\maven2\org\virtuslab\scala-cli\build-module_3\1.12.4\build-module_3-1.12.4.jar;C:\Users\USER\AppData\Local\Coursier\cache\v1\https\repo1.maven.org\maven2\org\virtuslab\scala-cli\config_3\1.12.4\config_3-1.12.4.jar;C:\Users\USER\AppData\Local\Coursier\cache\v1\https\repo1.maven.org\maven2\org\virtuslab\scala-cli\specification-level_3\1.12.4\specification-level_3-1.12.4.jar;C:\Users\USER\AppData\Local\Coursier\cache\v1\https\repo1.maven.org\maven2\com\lihaoyi\sourcecode_3\0.4.3-M5\sourcecode_3-0.4.3-M5.jar;C:\Users\USER\AppData\Local\Coursier\cache\v1\https\repo1.maven.org\maven2\com\github\alexarchambault\case-app-annotations_3\2.1.0\case-app-annotations_3-2.1.0.jar;C:\Users\USER\AppData\Local\Coursier\cache\v1\https\repo1.maven.org\maven2\com\github\alexarchambault\case-app-util_3\2.1.0\case-app-util_3-2.1.0.jar;C:\Users\USER\AppData\Local\Coursier\cache\v1\https\repo1.maven.org\maven2\io\github\alexarchambault\scala-cli\tmp\zip-input-stream\0.1.1\zip-input-stream-0.1.1.jar;C:\Users\USER\AppData\Local\Coursier\cache\v1\https\repo1.maven.org\maven2\org\scala-lang\scala-library\2.13.18\scala-library-2.13.18.jar;C:\Users\USER\AppData\Local\Coursier\cache\v1\https\repo1.maven.org\maven2\io\get-coursier\coursier-cache_2.13\2.1.25-M23\coursier-cache_2.13-2.1.25-M23.jar;C:\Users\USER\AppData\Local\Coursier\cache\v1\https\repo1.maven.org\maven2\io\get-coursier\coursier-core_2.13\2.1.25-M23\coursier-core_2.13-2.1.25-M23.jar;C:\Users\USER\AppData\Local\Coursier\cache\v1\https\repo1.maven.org\maven2\com\google\guava\guava\33.5.0-jre\guava-33.5.0-jre.jar;C:\Users\USER\AppData\Local\Coursier\cache\v1\https\repo1.maven.org\maven2\net\java\dev\jna\jna\5.17.0\jna-5.17.0.jar;C:\Users\USER\AppData\Local\Coursier\cache\v1\https\repo1.maven.org\maven2\net\java\dev\jna\jna-platform\5.12.1\jna-platform-5.12.1.jar;C:\Users\USER\AppData\Local\Coursier\cache\v1\https\repo1.maven.org\maven2\org\scalameta\metaconfig-core_3\0.18.2\metaconfig-core_3-0.18.2.jar;C:\Users\USER\AppData\Local\Coursier\cache\v1\https\repo1.maven.org\maven2\com\typesafe\config\1.4.5\config-1.4.5.jar;C:\Users\USER\AppData\Local\Coursier\cache\v1\https\repo1.maven.org\maven2\org\scala-lang\modules\scala-collection-compat_3\2.14.0\scala-collection-compat_3-2.14.0.jar;C:\Users\USER\AppData\Local\Coursier\cache\v1\https\repo1.maven.org\maven2\commons-io\commons-io\2.20.0\commons-io-2.20.0.jar;C:\Users\USER\AppData\Local\Coursier\cache\v1\https\repo1.maven.org\maven2\com\google\cloud\tools\jib-core\0.27.3\jib-core-0.27.3.jar;C:\Users\USER\AppData\Local\Coursier\cache\v1\https\repo1.maven.org\maven2\com\lihaoyi\os-lib_3\0.11.8\os-lib_3-0.11.8.jar;C:\Users\USER\AppData\Local\Coursier\cache\v1\https\repo1.maven.org\maven2\org\bouncycastle\bcpg-jdk18on\1.83\bcpg-jdk18on-1.83.jar;C:\Users\USER\AppData\Local\Coursier\cache\v1\https\repo1.maven.org\maven2\org\bouncycastle\bcutil-jdk18on\1.83\bcutil-jdk18on-1.83.jar;C:\Users\USER\AppData\Local\Coursier\cache\v1\https\repo1.maven.org\maven2\org\virtuslab\scala-cli-signing\shared_3\0.2.13\shared_3-0.2.13.jar;C:\Users\USER\AppData\Local\Coursier\cache\v1\https\repo1.maven.org\maven2\org\slf4j\slf4j-api\2.0.17\slf4j-api-2.0.17.jar;C:\Users\USER\AppData\Local\Coursier\cache\v1\https\repo1.maven.org\maven2\com\softwaremill\sttp\model\core_3\1.7.11\core_3-1.7.11.jar;C:\Users\USER\AppData\Local\Coursier\cache\v1\https\repo1.maven.org\maven2\com\softwaremill\sttp\shared\core_3\1.3.22\core_3-1.3.22.jar;C:\Users\USER\AppData\Local\Coursier\cache\v1\https\repo1.maven.org\maven2\com\softwaremill\sttp\shared\ws_3\1.3.22\ws_3-1.3.22.jar;C:\Users\USER\AppData\Local\Coursier\cache\v1\https\repo1.maven.org\maven2\io\get-coursier\interface\1.0.28\interface-1.0.28.jar;C:\Users\USER\AppData\Local\Coursier\cache\v1\https\repo1.maven.org\maven2\org\ow2\asm\asm\9.9.1\asm-9.9.1.jar;C:\Users\USER\AppData\Local\Coursier\cache\v1\https\repo1.maven.org\maven2\org\virtuslab\scala-cli\java-class-name\java-class-name_3\0.1.9\java-class-name_3-0.1.9.jar;C:\Users\USER\AppData\Local\Coursier\cache\v1\https\repo1.maven.org\maven2\org\scalameta\semanticdb-shared_2.13\4.15.2\semanticdb-shared_2.13-4.15.2.jar;C:\Users\USER\AppData\Local\Coursier\cache\v1\https\repo1.maven.org\maven2\org\scala-native\test-runner_3\0.5.10\test-runner_3-0.5.10.jar;C:\Users\USER\AppData\Local\Coursier\cache\v1\https\repo1.maven.org\maven2\com\lihaoyi\pprint_3\0.9.5\pprint_3-0.9.5.jar;C:\Users\USER\AppData\Local\Coursier\cache\v1\https\repo1.maven.org\maven2\org\scala-js\scalajs-env-nodejs_3\1.5.0\scalajs-env-nodejs_3-1.5.0.jar;C:\Users\USER\AppData\Local\Coursier\cache\v1\https\repo1.maven.org\maven2\org\scala-js\scalajs-sbt-test-adapter_2.13\1.20.2\scalajs-sbt-test-adapter_2.13-1.20.2.jar;C:\Users\USER\AppData\Local\Coursier\cache\v1\https\repo1.maven.org\maven2\com\swoval\file-tree-views\2.1.12\file-tree-views-2.1.12.jar;C:\Users\USER\AppData\Local\Coursier\cache\v1\https\repo1.maven.org\maven2\org\virtuslab\scala-cli\zip-input-stream\zip-input-stream\0.1.3\zip-input-stream-0.1.3.jar;C:\Users\USER\AppData\Local\Coursier\cache\v1\https\repo1.maven.org\maven2\org\virtuslab\scala-cli\options_3\1.12.4\options_3-1.12.4.jar;C:\Users\USER\AppData\Local\Coursier\cache\v1\https\repo1.maven.org\maven2\org\virtuslab\scala-cli\directives_3\1.12.4\directives_3-1.12.4.jar;C:\Users\USER\AppData\Local\Coursier\cache\v1\https\repo1.maven.org\maven2\org\virtuslab\scala-cli\scala-cli-bsp\1.12.4\scala-cli-bsp-1.12.4.jar;C:\Users\USER\AppData\Local\Coursier\cache\v1\https\repo1.maven.org\maven2\org\virtuslab\scala-cli\test-runner_3\1.12.4\test-runner_3-1.12.4.jar;C:\Users\USER\AppData\Local\Coursier\cache\v1\https\repo1.maven.org\maven2\org\virtuslab\scala-cli\tasty-lib_3\1.12.4\tasty-lib_3-1.12.4.jar;C:\Users\USER\AppData\Local\Coursier\cache\v1\https\repo1.maven.org\maven2\io\github\alexarchambault\windows-ansi\windows-ansi\0.0.6\windows-ansi-0.0.6.jar;C:\Users\USER\AppData\Local\Coursier\cache\v1\https\repo1.maven.org\maven2\io\get-coursier\cache-util\2.1.25-M23\cache-util-2.1.25-M23.jar;C:\Users\USER\AppData\Local\Coursier\cache\v1\https\repo1.maven.org\maven2\io\get-coursier\coursier-paths\2.1.25-M23\coursier-paths-2.1.25-M23.jar;C:\Users\USER\AppData\Local\Coursier\cache\v1\https\repo1.maven.org\maven2\io\get-coursier\coursier-util_2.13\2.1.25-M23\coursier-util_2.13-2.1.25-M23.jar;C:\Users\USER\AppData\Local\Coursier\cache\v1\https\repo1.maven.org\maven2\io\get-coursier\versions_2.13\0.5.1\versions_2.13-0.5.1.jar;C:\Users\USER\AppData\Local\Coursier\cache\v1\https\repo1.maven.org\maven2\io\github\alexarchambault\concurrent-reference-hash-map\1.1.0\concurrent-reference-hash-map-1.1.0.jar;C:\Users\USER\AppData\Local\Coursier\cache\v1\https\repo1.maven.org\maven2\org\scala-lang\modules\scala-xml_2.13\2.4.0\scala-xml_2.13-2.4.0.jar;C:\Users\USER\AppData\Local\Coursier\cache\v1\https\repo1.maven.org\maven2\com\google\guava\failureaccess\1.0.3\failureaccess-1.0.3.jar;C:\Users\USER\AppData\Local\Coursier\cache\v1\https\repo1.maven.org\maven2\com\google\guava\listenablefuture\9999.0-empty-to-avoid-conflict-with-guava\listenablefuture-9999.0-empty-to-avoid-conflict-with-guava.jar;C:\Users\USER\AppData\Local\Coursier\cache\v1\https\repo1.maven.org\maven2\org\jspecify\jspecify\1.0.0\jspecify-1.0.0.jar;C:\Users\USER\AppData\Local\Coursier\cache\v1\https\repo1.maven.org\maven2\com\google\errorprone\error_prone_annotations\2.41.0\error_prone_annotations-2.41.0.jar;C:\Users\USER\AppData\Local\Coursier\cache\v1\https\repo1.maven.org\maven2\com\google\j2objc\j2objc-annotations\3.1\j2objc-annotations-3.1.jar;C:\Users\USER\AppData\Local\Coursier\cache\v1\https\repo1.maven.org\maven2\org\scalameta\metaconfig-pprint_3\0.18.2\metaconfig-pprint_3-0.18.2.jar;C:\Users\USER\AppData\Local\Coursier\cache\v1\https\repo1.maven.org\maven2\org\typelevel\paiges-core_3\0.4.4\paiges-core_3-0.4.4.jar;C:\Users\USER\AppData\Local\Coursier\cache\v1\https\repo1.maven.org\maven2\org\scala-lang\scala-reflect\2.13.18\scala-reflect-2.13.18.jar;C:\Users\USER\AppData\Local\Coursier\cache\v1\https\repo1.maven.org\maven2\com\google\cloud\tools\jib-build-plan\0.4.0\jib-build-plan-0.4.0.jar;C:\Users\USER\AppData\Local\Coursier\cache\v1\https\repo1.maven.org\maven2\com\google\http-client\google-http-client\1.42.2\google-http-client-1.42.2.jar;C:\Users\USER\AppData\Local\Coursier\cache\v1\https\repo1.maven.org\maven2\com\google\http-client\google-http-client-apache-v2\1.42.2\google-http-client-apache-v2-1.42.2.jar;C:\Users\USER\AppData\Local\Coursier\cache\v1\https\repo1.maven.org\maven2\com\google\auth\google-auth-library-oauth2-http\1.10.0\google-auth-library-oauth2-http-1.10.0.jar;C:\Users\USER\AppData\Local\Coursier\cache\v1\https\repo1.maven.org\maven2\org\apache\commons\commons-compress\1.28.0\commons-compress-1.28.0.jar;C:\Users\USER\AppData\Local\Coursier\cache\v1\https\repo1.maven.org\maven2\com\fasterxml\jackson\core\jackson-databind\2.15.2\jackson-databind-2.15.2.jar;C:\Users\USER\AppData\Local\Coursier\cache\v1\https\repo1.maven.org\maven2\com\fasterxml\jackson\datatype\jackson-datatype-jsr310\2.15.2\jackson-datatype-jsr310-2.15.2.jar;C:\Users\USER\AppData\Local\Coursier\cache\v1\https\repo1.maven.org\maven2\com\lihaoyi\geny_3\1.1.1\geny_3-1.1.1.jar;C:\Users\USER\AppData\Local\Coursier\cache\v1\https\repo1.maven.org\maven2\com\lihaoyi\os-zip\0.11.8\os-zip-0.11.8.jar;C:\Users\USER\AppData\Local\Coursier\cache\v1\https\repo1.maven.org\maven2\org\bouncycastle\bcprov-jdk18on\1.83\bcprov-jdk18on-1.83.jar;C:\Users\USER\AppData\Local\Coursier\cache\v1\https\repo1.maven.org\maven2\org\jline\jline-terminal-jni\3.25.0\jline-terminal-jni-3.25.0.jar;C:\Users\USER\AppData\Local\Coursier\cache\v1\https\repo1.maven.org\maven2\org\jline\jline-native\3.25.0\jline-native-3.25.0.jar;C:\Users\USER\AppData\Local\Coursier\cache\v1\https\repo1.maven.org\maven2\org\scala-lang\scala3-compiler_3\3.3.7\scala3-compiler_3-3.3.7.jar;C:\Users\USER\AppData\Local\Coursier\cache\v1\https\repo1.maven.org\maven2\org\scalameta\scalameta_2.13\4.15.2\scalameta_2.13-4.15.2.jar;C:\Users\USER\AppData\Local\Coursier\cache\v1\https\repo1.maven.org\maven2\org\scala-lang\scalap\2.13.15\scalap-2.13.15.jar;C:\Users\USER\AppData\Local\Coursier\cache\v1\https\repo1.maven.org\maven2\com\thesamet\scalapb\scalapb-runtime_2.13\0.11.17\scalapb-runtime_2.13-0.11.17.jar;C:\Users\USER\AppData\Local\Coursier\cache\v1\https\repo1.maven.org\maven2\org\scala-native\tools_3\0.5.10\tools_3-0.5.10.jar;C:\Users\USER\AppData\Local\Coursier\cache\v1\https\repo1.maven.org\maven2\org\scala-sbt\test-interface\1.0\test-interface-1.0.jar;C:\Users\USER\AppData\Local\Coursier\cache\v1\https\repo1.maven.org\maven2\com\lihaoyi\fansi_3\0.5.1\fansi_3-0.5.1.jar;C:\Users\USER\AppData\Local\Coursier\cache\v1\https\repo1.maven.org\maven2\org\scala-js\scalajs-js-envs_3\1.5.0\scalajs-js-envs_3-1.5.0.jar;C:\Users\USER\AppData\Local\Coursier\cache\v1\https\repo1.maven.org\maven2\ch\epfl\scala\bloop-config_2.13\2.3.3\bloop-config_2.13-2.3.3.jar;C:\Users\USER\AppData\Local\Coursier\cache\v1\https\repo1.maven.org\maven2\org\virtuslab\scala-cli\core_3\1.12.4\core_3-1.12.4.jar;C:\Users\USER\AppData\Local\Coursier\cache\v1\https\repo1.maven.org\maven2\org\virtuslab\using_directives\1.1.4\using_directives-1.1.4.jar;C:\Users\USER\AppData\Local\Coursier\cache\v1\https\repo1.maven.org\maven2\org\virtuslab\scala-cli\build-macros_3\1.12.4\build-macros_3-1.12.4.jar;C:\Users\USER\AppData\Local\Coursier\cache\v1\https\repo1.maven.org\maven2\ch\epfl\scala\bsp4j\2.1.1\bsp4j-2.1.1.jar;C:\Users\USER\AppData\Local\Coursier\cache\v1\https\repo1.maven.org\maven2\org\fusesource\jansi\jansi\2.4.1\jansi-2.4.1.jar;C:\Users\USER\AppData\Local\Coursier\cache\v1\https\repo1.maven.org\maven2\io\github\alexarchambault\is-terminal\0.1.2\is-terminal-0.1.2.jar;C:\Users\USER\AppData\Local\Coursier\cache\v1\https\repo1.maven.org\maven2\org\apache\httpcomponents\httpclient\4.5.13\httpclient-4.5.13.jar;C:\Users\USER\AppData\Local\Coursier\cache\v1\https\repo1.maven.org\maven2\org\apache\httpcomponents\httpcore\4.4.15\httpcore-4.4.15.jar;C:\Users\USER\AppData\Local\Coursier\cache\v1\https\repo1.maven.org\maven2\com\google\code\findbugs\jsr305\3.0.2\jsr305-3.0.2.jar;C:\Users\USER\AppData\Local\Coursier\cache\v1\https\repo1.maven.org\maven2\io\opencensus\opencensus-api\0.31.1\opencensus-api-0.31.1.jar;C:\Users\USER\AppData\Local\Coursier\cache\v1\https\repo1.maven.org\maven2\io\opencensus\opencensus-contrib-http-util\0.31.1\opencensus-contrib-http-util-0.31.1.jar;C:\Users\USER\AppData\Local\Coursier\cache\v1\https\repo1.maven.org\maven2\com\google\auto\value\auto-value-annotations\1.9\auto-value-annotations-1.9.jar;C:\Users\USER\AppData\Local\Coursier\cache\v1\https\repo1.maven.org\maven2\com\google\auth\google-auth-library-credentials\1.10.0\google-auth-library-credentials-1.10.0.jar;C:\Users\USER\AppData\Local\Coursier\cache\v1\https\repo1.maven.org\maven2\com\google\http-client\google-http-client-gson\1.42.2\google-http-client-gson-1.42.2.jar;C:\Users\USER\AppData\Local\Coursier\cache\v1\https\repo1.maven.org\maven2\commons-codec\commons-codec\1.20.0\commons-codec-1.20.0.jar;C:\Users\USER\AppData\Local\Coursier\cache\v1\https\repo1.maven.org\maven2\org\apache\commons\commons-lang3\3.18.0\commons-lang3-3.18.0.jar;C:\Users\USER\AppData\Local\Coursier\cache\v1\https\repo1.maven.org\maven2\com\fasterxml\jackson\core\jackson-annotations\2.15.2\jackson-annotations-2.15.2.jar;C:\Users\USER\AppData\Local\Coursier\cache\v1\https\repo1.maven.org\maven2\com\fasterxml\jackson\core\jackson-core\2.15.2\jackson-core-2.15.2.jar;C:\Users\USER\AppData\Local\Coursier\cache\v1\https\repo1.maven.org\maven2\org\scala-lang\scala3-interfaces\3.3.7\scala3-interfaces-3.3.7.jar;C:\Users\USER\AppData\Local\Coursier\cache\v1\https\repo1.maven.org\maven2\org\scala-lang\tasty-core_3\3.3.7\tasty-core_3-3.3.7.jar;C:\Users\USER\AppData\Local\Coursier\cache\v1\https\repo1.maven.org\maven2\org\scala-lang\modules\scala-asm\9.8.0-scala-1\scala-asm-9.8.0-scala-1.jar;C:\Users\USER\AppData\Local\Coursier\cache\v1\https\repo1.maven.org\maven2\org\scala-sbt\compiler-interface\1.10.7\compiler-interface-1.10.7.jar;C:\Users\USER\AppData\Local\Coursier\cache\v1\https\repo1.maven.org\maven2\org\scalameta\parsers_2.13\4.15.2\parsers_2.13-4.15.2.jar;C:\Users\USER\AppData\Local\Coursier\cache\v1\https\repo1.maven.org\maven2\org\scala-lang\scala-compiler\2.13.15\scala-compiler-2.13.15.jar;C:\Users\USER\AppData\Local\Coursier\cache\v1\https\repo1.maven.org\maven2\com\thesamet\scalapb\lenses_2.13\0.11.17\lenses_2.13-0.11.17.jar;C:\Users\USER\AppData\Local\Coursier\cache\v1\https\repo1.maven.org\maven2\com\google\protobuf\protobuf-java\3.19.6\protobuf-java-3.19.6.jar;C:\Users\USER\AppData\Local\Coursier\cache\v1\https\repo1.maven.org\maven2\org\scala-native\nir_3\0.5.10\nir_3-0.5.10.jar;C:\Users\USER\AppData\Local\Coursier\cache\v1\https\repo1.maven.org\maven2\org\scala-native\util_3\0.5.10\util_3-0.5.10.jar;C:\Users\USER\AppData\Local\Coursier\cache\v1\https\repo1.maven.org\maven2\org\scala-js\scalajs-logging_3\1.2.0\scalajs-logging_3-1.2.0.jar;C:\Users\USER\AppData\Local\Coursier\cache\v1\https\repo1.maven.org\maven2\com\lihaoyi\unroll-annotation_2.13\0.1.12\unroll-annotation_2.13-0.1.12.jar;C:\Users\USER\AppData\Local\Coursier\cache\v1\https\repo1.maven.org\maven2\ch\epfl\scala\bloop-rifle_2.13\2.0.19\bloop-rifle_2.13-2.0.19.jar;C:\Users\USER\AppData\Local\Coursier\cache\v1\https\repo1.maven.org\maven2\io\get-coursier\coursier-jvm_2.13\2.1.25-M23\coursier-jvm_2.13-2.1.25-M23.jar;C:\Users\USER\AppData\Local\Coursier\cache\v1\https\repo1.maven.org\maven2\io\get-coursier\dependency_3\0.3.2\dependency_3-0.3.2.jar;C:\Users\USER\AppData\Local\Coursier\cache\v1\https\repo1.maven.org\maven2\org\eclipse\jgit\org.eclipse.jgit\7.5.0.202512021534-r\org.eclipse.jgit-7.5.0.202512021534-r.jar;C:\Users\USER\AppData\Local\Coursier\cache\v1\https\repo1.maven.org\maven2\org\scala-js\scalajs-env-jsdom-nodejs_2.13\1.1.1\scalajs-env-jsdom-nodejs_2.13-1.1.1.jar;C:\Users\USER\AppData\Local\Coursier\cache\v1\https\repo1.maven.org\maven2\org\eclipse\lsp4j\org.eclipse.lsp4j.generator\0.20.1\org.eclipse.lsp4j.generator-0.20.1.jar;C:\Users\USER\AppData\Local\Coursier\cache\v1\https\repo1.maven.org\maven2\org\eclipse\lsp4j\org.eclipse.lsp4j.jsonrpc\0.20.1\org.eclipse.lsp4j.jsonrpc-0.20.1.jar;C:\Users\USER\AppData\Local\Coursier\cache\v1\https\repo1.maven.org\maven2\commons-logging\commons-logging\1.2\commons-logging-1.2.jar;C:\Users\USER\AppData\Local\Coursier\cache\v1\https\repo1.maven.org\maven2\io\grpc\grpc-context\1.27.2\grpc-context-1.27.2.jar;C:\Users\USER\AppData\Local\Coursier\cache\v1\https\repo1.maven.org\maven2\com\google\code\gson\gson\2.10.1\gson-2.10.1.jar;C:\Users\USER\AppData\Local\Coursier\cache\v1\https\repo1.maven.org\maven2\org\scala-sbt\util-interface\1.10.7\util-interface-1.10.7.jar;C:\Users\USER\AppData\Local\Coursier\cache\v1\https\repo1.maven.org\maven2\org\scalameta\trees_2.13\4.15.2\trees_2.13-4.15.2.jar;C:\Users\USER\AppData\Local\Coursier\cache\v1\https\repo1.maven.org\maven2\io\github\java-diff-utils\java-diff-utils\4.12\java-diff-utils-4.12.jar;C:\Users\USER\AppData\Local\Coursier\cache\v1\https\repo1.maven.org\maven2\ch\epfl\scala\libdaemon_2.13\0.0.12\libdaemon_2.13-0.0.12.jar;C:\Users\USER\AppData\Local\Coursier\cache\v1\https\repo1.maven.org\maven2\io\github\alexarchambault\scala-cli\snailgun\snailgun-core_2.13\0.4.1-sc2\snailgun-core_2.13-0.4.1-sc2.jar;C:\Users\USER\AppData\Local\Coursier\cache\v1\https\repo1.maven.org\maven2\io\get-coursier\coursier_2.13\2.1.25-M23\coursier_2.13-2.1.25-M23.jar;C:\Users\USER\AppData\Local\Coursier\cache\v1\https\repo1.maven.org\maven2\io\get-coursier\coursier-archive-cache_2.13\2.1.25-M23\coursier-archive-cache_2.13-2.1.25-M23.jar;C:\Users\USER\AppData\Local\Coursier\cache\v1\https\repo1.maven.org\maven2\io\get-coursier\coursier-env_2.13\2.1.25-M23\coursier-env_2.13-2.1.25-M23.jar;C:\Users\USER\AppData\Local\Coursier\cache\v1\https\repo1.maven.org\maven2\io\get-coursier\coursier-exec\2.1.25-M23\coursier-exec-2.1.25-M23.jar;C:\Users\USER\AppData\Local\Coursier\cache\v1\https\repo1.maven.org\maven2\com\googlecode\javaewah\JavaEWAH\1.2.3\JavaEWAH-1.2.3.jar;C:\Users\USER\AppData\Local\Coursier\cache\v1\https\repo1.maven.org\maven2\org\eclipse\xtend\org.eclipse.xtend.lib\2.28.0\org.eclipse.xtend.lib-2.28.0.jar;C:\Users\USER\AppData\Local\Coursier\cache\v1\https\repo1.maven.org\maven2\org\scalameta\common_2.13\4.15.2\common_2.13-4.15.2.jar;C:\Users\USER\AppData\Local\Coursier\cache\v1\https\repo1.maven.org\maven2\org\scalameta\io_2.13\4.15.2\io_2.13-4.15.2.jar;C:\Users\USER\AppData\Local\Coursier\cache\v1\https\repo1.maven.org\maven2\org\codehaus\plexus\plexus-archiver\4.10.1\plexus-archiver-4.10.1.jar;C:\Users\USER\AppData\Local\Coursier\cache\v1\https\repo1.maven.org\maven2\org\codehaus\plexus\plexus-container-default\2.1.1\plexus-container-default-2.1.1.jar;C:\Users\USER\AppData\Local\Coursier\cache\v1\https\repo1.maven.org\maven2\org\apache\tika\tika-core\3.2.3\tika-core-3.2.3.jar;C:\Users\USER\AppData\Local\Coursier\cache\v1\https\repo1.maven.org\maven2\com\github\luben\zstd-jni\1.5.7-4\zstd-jni-1.5.7-4.jar;C:\Users\USER\AppData\Local\Coursier\cache\v1\https\repo1.maven.org\maven2\org\eclipse\xtext\org.eclipse.xtext.xbase.lib\2.28.0\org.eclipse.xtext.xbase.lib-2.28.0.jar;C:\Users\USER\AppData\Local\Coursier\cache\v1\https\repo1.maven.org\maven2\org\eclipse\xtend\org.eclipse.xtend.lib.macro\2.28.0\org.eclipse.xtend.lib.macro-2.28.0.jar;C:\Users\USER\AppData\Local\Coursier\cache\v1\https\repo1.maven.org\maven2\javax\inject\javax.inject\1\javax.inject-1.jar;C:\Users\USER\AppData\Local\Coursier\cache\v1\https\repo1.maven.org\maven2\org\codehaus\plexus\plexus-utils\4.0.2\plexus-utils-4.0.2.jar;C:\Users\USER\AppData\Local\Coursier\cache\v1\https\repo1.maven.org\maven2\org\codehaus\plexus\plexus-io\3.5.1\plexus-io-3.5.1.jar;C:\Users\USER\AppData\Local\Coursier\cache\v1\https\repo1.maven.org\maven2\io\airlift\aircompressor\0.27\aircompressor-0.27.jar;C:\Users\USER\AppData\Local\Coursier\cache\v1\https\repo1.maven.org\maven2\org\tukaani\xz\1.10\xz-1.10.jar;C:\Users\USER\AppData\Local\Coursier\cache\v1\https\repo1.maven.org\maven2\org\codehaus\plexus\plexus-classworlds\2.6.0\plexus-classworlds-2.6.0.jar;C:\Users\USER\AppData\Local\Coursier\cache\v1\https\repo1.maven.org\maven2\org\apache\xbean\xbean-reflect\3.7\xbean-reflect-3.7.jar, scala.cli.ScalaCli, bsp, C:\Users\USER\Desktop\TIENDAS SALES)
2026.06.04 15:31:08 INFO  tracing is disabled for protocol BSP, to enable tracing of incoming and outgoing JSON messages create an empty file at C:\Users\USER\Desktop\TIENDAS SALES\.metals\bsp.trace.json or C:\Users\USER\AppData\Local\scalameta\metals\cache\bsp.trace.json
2026.06.04 15:31:11 INFO  Scala CLI: Downloading https://repo1.maven.org/maven2/org/scala-sbt/util-cache_2.12/1.11.7/util-cache_2.12-1.11.7.jar
2026.06.04 15:31:11 INFO  Scala CLI: Downloading https://repo1.maven.org/maven2/org/scala-sbt/util-logging_2.12/1.11.7/util-logging_2.12-1.11.7.jar
2026.06.04 15:31:11 INFO  Scala CLI: Downloading https://repo1.maven.org/maven2/com/lihaoyi/pprint_2.12/0.9.6/pprint_2.12-0.9.6.jar
2026.06.04 15:31:11 INFO  Scala CLI: Downloading https://repo1.maven.org/maven2/com/chuusai/shapeless_2.12/2.3.3/shapeless_2.12-2.3.3.jar
2026.06.04 15:31:11 INFO  Scala CLI: Downloading https://repo1.maven.org/maven2/io/monix/monix-eval_2.12/3.2.0/monix-eval_2.12-3.2.0.jar
2026.06.04 15:31:11 INFO  Scala CLI: Downloading https://repo1.maven.org/maven2/io/monix/monix-reactive_2.12/3.2.0/monix-reactive_2.12-3.2.0.jar
2026.06.04 15:31:11 INFO  Scala CLI: Downloaded https://repo1.maven.org/maven2/com/lihaoyi/pprint_2.12/0.9.6/pprint_2.12-0.9.6.jar
2026.06.04 15:31:11 INFO  Scala CLI: Downloading https://repo1.maven.org/maven2/com/lihaoyi/fansi_2.12/0.5.1/fansi_2.12-0.5.1.jar
2026.06.04 15:31:11 INFO  Scala CLI: Downloaded https://repo1.maven.org/maven2/org/scala-sbt/util-cache_2.12/1.11.7/util-cache_2.12-1.11.7.jar
2026.06.04 15:31:11 INFO  Scala CLI: Downloading https://repo1.maven.org/maven2/com/lihaoyi/unroll-annotation_2.12/0.1.12/unroll-annotation_2.12-0.1.12.jar
2026.06.04 15:31:11 INFO  Scala CLI: Downloaded https://repo1.maven.org/maven2/io/monix/monix-eval_2.12/3.2.0/monix-eval_2.12-3.2.0.jar
2026.06.04 15:31:11 INFO  Scala CLI: Downloading https://repo1.maven.org/maven2/com/eed3si9n/shaded-apache-httpclient5/0.9.3/shaded-apache-httpclient5-0.9.3.jar
2026.06.04 15:31:12 INFO  no build target found for C:\Users\USER\Desktop\TIENDAS SALES\motor_scala\Ranking.scala. Using presentation compiler with project's scala-library version: 3.3.7
2026.06.04 15:31:12 INFO  Scala CLI: Downloaded https://repo1.maven.org/maven2/com/lihaoyi/unroll-annotation_2.12/0.1.12/unroll-annotation_2.12-0.1.12.jar
2026.06.04 15:31:12 INFO  Scala CLI: Downloading https://repo1.maven.org/maven2/org/scalaz/scalaz-core_2.12/7.3.8/scalaz-core_2.12-7.3.8.jar
2026.06.04 15:31:12 INFO  no build target found for C:\Users\USER\Desktop\TIENDAS SALES\motor_scala\Ranking.scala. Using presentation compiler with project's scala-library version: 3.3.7
2026.06.04 15:31:12 INFO  no build target found for C:\Users\USER\Desktop\TIENDAS SALES\motor_scala\Ranking.scala. Using presentation compiler with project's scala-library version: 3.3.7
2026.06.04 15:31:12 INFO  no build target found for C:\Users\USER\Desktop\TIENDAS SALES\motor_scala\Ranking.scala. Using presentation compiler with project's scala-library version: 3.3.7
jun. 04, 2026 3:31:13 P. M. org.eclipse.lsp4j.jsonrpc.RemoteEndpoint handleCancellation
ADVERTENCIA: Unmatched cancel notification for request id 10
jun. 04, 2026 3:31:13 P. M. org.eclipse.lsp4j.jsonrpc.RemoteEndpoint handleCancellation
ADVERTENCIA: Unmatched cancel notification for request id 11
2026.06.04 15:31:12 INFO  Scala CLI: Downloaded https://repo1.maven.org/maven2/org/scala-sbt/util-logging_2.12/1.11.7/util-logging_2.12-1.11.7.jar
2026.06.04 15:31:12 INFO  Scala CLI: Downloading https://repo1.maven.org/maven2/io/zipkin/brave/brave/5.18.1/brave-5.18.1.jar
2026.06.04 15:31:12 INFO  Scala CLI: Downloaded https://repo1.maven.org/maven2/com/eed3si9n/shaded-apache-httpclient5/0.9.3/shaded-apache-httpclient5-0.9.3.jar
2026.06.04 15:31:12 INFO  Scala CLI: Downloading https://repo1.maven.org/maven2/org/typelevel/cats-effect_2.12/2.1.3/cats-effect_2.12-2.1.3.jar
2026.06.04 15:31:12 INFO  Scala CLI: Downloaded https://repo1.maven.org/maven2/io/zipkin/brave/brave/5.18.1/brave-5.18.1.jar
2026.06.04 15:31:12 INFO  Scala CLI: Downloading https://repo1.maven.org/maven2/com/outr/moduload_2.12/1.1.5/moduload_2.12-1.1.5.jar
2026.06.04 15:31:12 INFO  Scala CLI: Downloaded https://repo1.maven.org/maven2/com/outr/moduload_2.12/1.1.5/moduload_2.12-1.1.5.jar
2026.06.04 15:31:12 INFO  Scala CLI: Downloading https://repo1.maven.org/maven2/org/scala-sbt/util-control_2.12/1.11.5/util-control_2.12-1.11.5.jar
2026.06.04 15:31:13 INFO  no build target found for C:\Users\USER\Desktop\TIENDAS SALES\motor_scala\Ranking.scala. Using presentation compiler with project's scala-library version: 3.3.7
2026.06.04 15:31:13 INFO  Scala CLI: Downloaded https://repo1.maven.org/maven2/org/scala-sbt/util-control_2.12/1.11.5/util-control_2.12-1.11.5.jar
2026.06.04 15:31:13 INFO  Scala CLI: Downloading https://repo1.maven.org/maven2/io/zipkin/zipkin2/zipkin/2.27.0/zipkin-2.27.0.jar
2026.06.04 15:31:13 INFO  Scala CLI: Downloaded https://repo1.maven.org/maven2/io/zipkin/zipkin2/zipkin/2.27.0/zipkin-2.27.0.jar
2026.06.04 15:31:13 INFO  Scala CLI: Downloading https://repo1.maven.org/maven2/com/typesafe/ssl-config-core_2.12/0.6.1/ssl-config-core_2.12-0.6.1.jar
2026.06.04 15:31:13 INFO  Scala CLI: Downloaded https://repo1.maven.org/maven2/com/typesafe/ssl-config-core_2.12/0.6.1/ssl-config-core_2.12-0.6.1.jar
2026.06.04 15:31:13 INFO  Scala CLI: Downloading https://repo1.maven.org/maven2/org/scalameta/parsers_2.12/4.13.8/parsers_2.12-4.13.8.jar
2026.06.04 15:31:15 INFO  Scala CLI: Downloaded https://repo1.maven.org/maven2/io/monix/monix-reactive_2.12/3.2.0/monix-reactive_2.12-3.2.0.jar
2026.06.04 15:31:15 INFO  Scala CLI: Downloading https://repo1.maven.org/maven2/io/monix/implicitbox_2.12/0.2.0/implicitbox_2.12-0.2.0.jar
2026.06.04 15:31:15 INFO  Scala CLI: Downloaded https://repo1.maven.org/maven2/io/monix/implicitbox_2.12/0.2.0/implicitbox_2.12-0.2.0.jar
2026.06.04 15:31:15 INFO  Scala CLI: Downloading https://repo1.maven.org/maven2/io/zipkin/reporter2/zipkin-sender-urlconnection/2.17.2/zipkin-sender-urlconnection-2.17.2.jar
2026.06.04 15:31:15 INFO  Scala CLI: Downloaded https://repo1.maven.org/maven2/io/zipkin/reporter2/zipkin-sender-urlconnection/2.17.2/zipkin-sender-urlconnection-2.17.2.jar
2026.06.04 15:31:15 INFO  Scala CLI: Downloading https://repo1.maven.org/maven2/org/scala-sbt/core-macros_2.12/1.11.7/core-macros_2.12-1.11.7.jar
2026.06.04 15:31:15 INFO  no build target found for C:\Users\USER\Desktop\TIENDAS SALES\motor_scala\Ranking.scala. Using presentation compiler with project's scala-library version: 3.3.7
2026.06.04 15:31:15 INFO  Scala CLI: Downloaded https://repo1.maven.org/maven2/org/typelevel/cats-effect_2.12/2.1.3/cats-effect_2.12-2.1.3.jar
2026.06.04 15:31:15 INFO  Scala CLI: Downloading https://repo1.maven.org/maven2/io/github/alexarchambault/bleep/nailgun-server/1.0.7/nailgun-server-1.0.7.jar
2026.06.04 15:31:15 INFO  Scala CLI: Downloaded https://repo1.maven.org/maven2/org/scala-sbt/core-macros_2.12/1.11.7/core-macros_2.12-1.11.7.jar
2026.06.04 15:31:15 INFO  Scala CLI: Downloading https://repo1.maven.org/maven2/org/scala-sbt/collections_2.12/1.11.7/collections_2.12-1.11.7.jar
2026.06.04 15:31:15 INFO  Scala CLI: Downloaded https://repo1.maven.org/maven2/org/scalameta/parsers_2.12/4.13.8/parsers_2.12-4.13.8.jar
2026.06.04 15:31:15 INFO  Scala CLI: Downloading https://repo1.maven.org/maven2/com/google/errorprone/error_prone_annotations/2.38.0/error_prone_annotations-2.38.0.jar
2026.06.04 15:31:16 INFO  Scala CLI: Downloaded https://repo1.maven.org/maven2/io/github/alexarchambault/bleep/nailgun-server/1.0.7/nailgun-server-1.0.7.jar
2026.06.04 15:31:16 INFO  Scala CLI: Downloading https://repo1.maven.org/maven2/org/scalameta/trees_2.12/4.13.8/trees_2.12-4.13.8.jar
2026.06.04 15:31:16 INFO  Scala CLI: Downloaded https://repo1.maven.org/maven2/com/google/errorprone/error_prone_annotations/2.38.0/error_prone_annotations-2.38.0.jar
2026.06.04 15:31:16 INFO  Scala CLI: Downloading https://repo1.maven.org/maven2/org/scalameta/io_2.12/4.13.8/io_2.12-4.13.8.jar
2026.06.04 15:31:16 INFO  Scala CLI: Downloaded https://repo1.maven.org/maven2/org/scalameta/io_2.12/4.13.8/io_2.12-4.13.8.jar
2026.06.04 15:31:16 INFO  Scala CLI: Downloading https://repo1.maven.org/maven2/io/monix/monix-execution_2.12/3.2.0/monix-execution_2.12-3.2.0.jar
2026.06.04 15:31:16 INFO  Scala CLI: Downloaded https://repo1.maven.org/maven2/com/chuusai/shapeless_2.12/2.3.3/shapeless_2.12-2.3.3.jar
2026.06.04 15:31:16 INFO  Scala CLI: Downloading https://repo1.maven.org/maven2/io/monix/monix-java_2.12/3.2.0/monix-java_2.12-3.2.0.jar
2026.06.04 15:31:16 INFO  Scala CLI: Downloaded https://repo1.maven.org/maven2/io/monix/monix-java_2.12/3.2.0/monix-java_2.12-3.2.0.jar
2026.06.04 15:31:16 INFO  Scala CLI: Downloading https://repo1.maven.org/maven2/ch/qos/logback/logback-classic/1.5.27/logback-classic-1.5.27.jar
2026.06.04 15:31:17 INFO  Scala CLI: Downloaded https://repo1.maven.org/maven2/org/scala-sbt/collections_2.12/1.11.7/collections_2.12-1.11.7.jar
2026.06.04 15:31:17 INFO  Scala CLI: Downloading https://repo1.maven.org/maven2/io/monix/monix-catnap_2.12/3.2.0/monix-catnap_2.12-3.2.0.jar
2026.06.04 15:31:17 INFO  Scala CLI: Downloaded https://repo1.maven.org/maven2/com/lihaoyi/fansi_2.12/0.5.1/fansi_2.12-0.5.1.jar
2026.06.04 15:31:17 INFO  Scala CLI: Downloading https://repo1.maven.org/maven2/ch/epfl/scala/scala-debug-adapter_2.12/4.2.8/scala-debug-adapter_2.12-4.2.8.jar
2026.06.04 15:31:17 INFO  Scala CLI: Downloaded https://repo1.maven.org/maven2/io/monix/monix-catnap_2.12/3.2.0/monix-catnap_2.12-3.2.0.jar
2026.06.04 15:31:17 INFO  Scala CLI: Downloading https://repo1.maven.org/maven2/org/scala-sbt/util-position_2.12/1.11.7/util-position_2.12-1.11.7.jar
2026.06.04 15:31:18 INFO  Scala CLI: Downloaded https://repo1.maven.org/maven2/org/scala-sbt/util-position_2.12/1.11.7/util-position_2.12-1.11.7.jar
2026.06.04 15:31:18 INFO  Scala CLI: Downloading https://repo1.maven.org/maven2/org/apache/logging/log4j/log4j-core/2.23.0/log4j-core-2.23.0.jar
2026.06.04 15:31:18 INFO  Scala CLI: Downloaded https://repo1.maven.org/maven2/ch/qos/logback/logback-classic/1.5.27/logback-classic-1.5.27.jar
2026.06.04 15:31:18 INFO  Scala CLI: Downloading https://repo1.maven.org/maven2/com/github/alexarchambault/case-app_2.12/2.0.6/case-app_2.12-2.0.6.jar
2026.06.04 15:31:18 INFO  Scala CLI: Downloaded https://repo1.maven.org/maven2/io/monix/monix-execution_2.12/3.2.0/monix-execution_2.12-3.2.0.jar
2026.06.04 15:31:18 INFO  Scala CLI: Downloading https://repo1.maven.org/maven2/net/java/dev/jna/jna-platform/4.4.0/jna-platform-4.4.0.jar
2026.06.04 15:31:20 INFO  Scala CLI: Downloaded https://repo1.maven.org/maven2/com/github/alexarchambault/case-app_2.12/2.0.6/case-app_2.12-2.0.6.jar
2026.06.04 15:31:20 INFO  Scala CLI: Downloading https://repo1.maven.org/maven2/io/github/alexarchambault/bleep/jsonrpc4s_2.12/0.1.1/jsonrpc4s_2.12-0.1.1.jar
2026.06.04 15:31:20 INFO  Scala CLI: Downloaded https://repo1.maven.org/maven2/org/apache/logging/log4j/log4j-core/2.23.0/log4j-core-2.23.0.jar
2026.06.04 15:31:20 INFO  Scala CLI: Downloading https://repo1.maven.org/maven2/net/java/dev/jna/jna/5.18.1/jna-5.18.1.jar
2026.06.04 15:31:20 INFO  Scala CLI: Downloaded https://repo1.maven.org/maven2/io/github/alexarchambault/bleep/jsonrpc4s_2.12/0.1.1/jsonrpc4s_2.12-0.1.1.jar
2026.06.04 15:31:21 INFO  Scala CLI: Downloaded https://repo1.maven.org/maven2/ch/epfl/scala/scala-debug-adapter_2.12/4.2.8/scala-debug-adapter_2.12-4.2.8.jar
2026.06.04 15:31:23 INFO  Scala CLI: Downloaded https://repo1.maven.org/maven2/net/java/dev/jna/jna-platform/4.4.0/jna-platform-4.4.0.jar
2026.06.04 15:31:24 INFO  Scala CLI: Downloaded https://repo1.maven.org/maven2/net/java/dev/jna/jna/5.18.1/jna-5.18.1.jar
2026.06.04 15:31:30 INFO  Scala CLI: Downloaded https://repo1.maven.org/maven2/org/scalameta/trees_2.12/4.13.8/trees_2.12-4.13.8.jar
2026.06.04 15:31:33 INFO  Scala CLI: Downloaded https://repo1.maven.org/maven2/org/scalaz/scalaz-core_2.12/7.3.8/scalaz-core_2.12-7.3.8.jar
2026.06.04 15:31:33 INFO  Scala CLI: Starting compilation server
2026.06.04 15:31:35 INFO  Scala CLI: Downloading https://repo1.maven.org/maven2/org/scala-lang/scala3-compiler_3/3.8.2/scala3-compiler_3-3.8.2.pom
2026.06.04 15:31:35 INFO  Scala CLI: Downloaded https://repo1.maven.org/maven2/org/scala-lang/scala3-compiler_3/3.8.2/scala3-compiler_3-3.8.2.pom
2026.06.04 15:31:35 INFO  Scala CLI: Downloading https://repo1.maven.org/maven2/org/scala-lang/tasty-core_3/3.8.2/tasty-core_3-3.8.2.pom
2026.06.04 15:31:35 INFO  Scala CLI: Downloading https://repo1.maven.org/maven2/org/scala-lang/scala3-library_3/3.8.2/scala3-library_3-3.8.2.pom
2026.06.04 15:31:35 INFO  Scala CLI: Downloading https://repo1.maven.org/maven2/org/scala-lang/scala3-interfaces/3.8.2/scala3-interfaces-3.8.2.pom
2026.06.04 15:31:35 INFO  Scala CLI: Downloading https://repo1.maven.org/maven2/org/scala-lang/modules/scala-asm/9.9.0-scala-1/scala-asm-9.9.0-scala-1.pom
2026.06.04 15:31:35 INFO  Scala CLI: Downloaded https://repo1.maven.org/maven2/org/scala-lang/tasty-core_3/3.8.2/tasty-core_3-3.8.2.pom
2026.06.04 15:31:35 INFO  Scala CLI: Downloaded https://repo1.maven.org/maven2/org/scala-lang/scala3-interfaces/3.8.2/scala3-interfaces-3.8.2.pom
2026.06.04 15:31:35 INFO  Scala CLI: Downloaded https://repo1.maven.org/maven2/org/scala-lang/modules/scala-asm/9.9.0-scala-1/scala-asm-9.9.0-scala-1.pom
2026.06.04 15:31:35 INFO  Scala CLI: Downloaded https://repo1.maven.org/maven2/org/scala-lang/scala3-library_3/3.8.2/scala3-library_3-3.8.2.pom
2026.06.04 15:31:35 INFO  Scala CLI: Downloading https://repo1.maven.org/maven2/org/scala-lang/scala-library/3.8.2/scala-library-3.8.2.pom
2026.06.04 15:31:35 INFO  Scala CLI: Downloaded https://repo1.maven.org/maven2/org/scala-lang/scala-library/3.8.2/scala-library-3.8.2.pom
2026.06.04 15:31:35 INFO  Scala CLI: Downloading https://repo1.maven.org/maven2/org/scala-lang/scala3-library_3/3.8.2/scala3-library_3-3.8.2.jar
2026.06.04 15:31:35 INFO  Scala CLI: Downloading https://repo1.maven.org/maven2/org/scala-lang/tasty-core_3/3.8.2/tasty-core_3-3.8.2.jar
2026.06.04 15:31:35 INFO  Scala CLI: Downloading https://repo1.maven.org/maven2/org/scala-lang/scala-library/3.8.2/scala-library-3.8.2.jar
2026.06.04 15:31:35 INFO  Scala CLI: Downloading https://repo1.maven.org/maven2/org/scala-lang/modules/scala-asm/9.9.0-scala-1/scala-asm-9.9.0-scala-1.jar
2026.06.04 15:31:35 INFO  Scala CLI: Downloading https://repo1.maven.org/maven2/org/scala-lang/scala3-compiler_3/3.8.2/scala3-compiler_3-3.8.2.jar
2026.06.04 15:31:35 INFO  Scala CLI: Downloading https://repo1.maven.org/maven2/org/scala-lang/scala3-interfaces/3.8.2/scala3-interfaces-3.8.2.jar
2026.06.04 15:31:35 INFO  Scala CLI: Downloaded https://repo1.maven.org/maven2/org/scala-lang/scala3-library_3/3.8.2/scala3-library_3-3.8.2.jar
2026.06.04 15:31:35 INFO  Scala CLI: Downloaded https://repo1.maven.org/maven2/org/scala-lang/scala3-interfaces/3.8.2/scala3-interfaces-3.8.2.jar
2026.06.04 15:31:35 INFO  Scala CLI: Downloaded https://repo1.maven.org/maven2/org/scala-lang/modules/scala-asm/9.9.0-scala-1/scala-asm-9.9.0-scala-1.jar
2026.06.04 15:31:36 INFO  Scala CLI: Downloaded https://repo1.maven.org/maven2/org/scala-lang/tasty-core_3/3.8.2/tasty-core_3-3.8.2.jar
2026.06.04 15:31:43 INFO  Scala CLI: Downloaded https://repo1.maven.org/maven2/org/scala-lang/scala-library/3.8.2/scala-library-3.8.2.jar
2026.06.04 15:31:56 INFO  Scala CLI: Downloaded https://repo1.maven.org/maven2/org/scala-lang/scala3-compiler_3/3.8.2/scala3-compiler_3-3.8.2.jar
2026.06.04 15:31:56 INFO  Scala CLI: Downloading https://repo.scala-lang.org/artifactory/maven-nightlies/org/scala-lang/scala3-sbt-bridge/3.8.2/scala3-sbt-bridge-3.8.2.pom
2026.06.04 15:31:56 INFO  Scala CLI: Failed to download https://repo.scala-lang.org/artifactory/maven-nightlies/org/scala-lang/scala3-sbt-bridge/3.8.2/scala3-sbt-bridge-3.8.2.pom
2026.06.04 15:31:56 INFO  Scala CLI: Downloading https://repo.scala-lang.org/artifactory/maven-nightlies/org/scala-lang/scala3-sbt-bridge/3.8.2/scala3-sbt-bridge-3.8.2.pom.sha1
2026.06.04 15:31:57 INFO  no build target found for C:\Users\USER\Desktop\TIENDAS SALES\motor_scala\Ranking.scala. Using presentation compiler with project's scala-library version: 3.3.7
2026.06.04 15:31:56 INFO  Scala CLI: Failed to download https://repo.scala-lang.org/artifactory/maven-nightlies/org/scala-lang/scala3-sbt-bridge/3.8.2/scala3-sbt-bridge-3.8.2.pom.sha1
2026.06.04 15:31:56 INFO  Scala CLI: Downloading https://repo1.maven.org/maven2/org/scala-lang/scala3-sbt-bridge/3.8.2/scala3-sbt-bridge-3.8.2.pom
2026.06.04 15:31:57 WARN  no build target for: C:\Users\USER\Desktop\TIENDAS SALES\motor_scala\Ranking.scala
2026.06.04 15:31:57 INFO  no build target found for C:\Users\USER\Desktop\TIENDAS SALES\motor_scala\Ranking.scala. Using presentation compiler with project's scala-library version: 3.3.7
2026.06.04 15:31:57 INFO  no build target found for C:\Users\USER\Desktop\TIENDAS SALES\motor_scala\Ranking.scala. Using presentation compiler with project's scala-library version: 3.3.7
2026.06.04 15:31:56 INFO  Scala CLI: Downloaded https://repo1.maven.org/maven2/org/scala-lang/scala3-sbt-bridge/3.8.2/scala3-sbt-bridge-3.8.2.pom
2026.06.04 15:31:57 INFO  Scala CLI: Downloading https://repo.scala-lang.org/artifactory/maven-nightlies/org/scala-lang/scala3-repl_3/3.8.2/scala3-repl_3-3.8.2.pom
2026.06.04 15:31:57 INFO  no build target found for C:\Users\USER\Desktop\TIENDAS SALES\motor_scala\Ranking.scala. Using presentation compiler with project's scala-library version: 3.3.7
2026.06.04 15:32:00 INFO  Scala CLI: Failed to download https://repo.scala-lang.org/artifactory/maven-nightlies/org/scala-lang/scala3-repl_3/3.8.2/scala3-repl_3-3.8.2.pom
2026.06.04 15:32:00 INFO  Scala CLI: Downloading https://repo.scala-lang.org/artifactory/maven-nightlies/org/scala-lang/scala3-repl_3/3.8.2/scala3-repl_3-3.8.2.pom.sha1
jun. 04, 2026 3:32:00 P. M. org.eclipse.lsp4j.jsonrpc.RemoteEndpoint handleCancellation
ADVERTENCIA: Unmatched cancel notification for request id 25
2026.06.04 15:32:00 INFO  no build target found for C:\Users\USER\Desktop\TIENDAS SALES\motor_scala\Ranking.scala. Using presentation compiler with project's scala-library version: 3.3.7
2026.06.04 15:32:00 INFO  no build target found for C:\Users\USER\Desktop\TIENDAS SALES\motor_scala\Ranking.scala. Using presentation compiler with project's scala-library version: 3.3.7
2026.06.04 15:32:00 INFO  no build target found for C:\Users\USER\Desktop\TIENDAS SALES\motor_scala\Ranking.scala. Using presentation compiler with project's scala-library version: 3.3.7
2026.06.04 15:32:00 INFO  Scala CLI: Failed to download https://repo.scala-lang.org/artifactory/maven-nightlies/org/scala-lang/scala3-repl_3/3.8.2/scala3-repl_3-3.8.2.pom.sha1
2026.06.04 15:32:00 INFO  Scala CLI: Downloading https://repo1.maven.org/maven2/org/scala-lang/scala3-repl_3/3.8.2/scala3-repl_3-3.8.2.pom
2026.06.04 15:32:00 INFO  no build target found for C:\Users\USER\Desktop\TIENDAS SALES\motor_scala\Ranking.scala. Using presentation compiler with project's scala-library version: 3.3.7
2026.06.04 15:32:00 INFO  no build target found for C:\Users\USER\Desktop\TIENDAS SALES\motor_scala\Ranking.scala. Using presentation compiler with project's scala-library version: 3.3.7
2026.06.04 15:32:01 INFO  Scala CLI: Downloaded https://repo1.maven.org/maven2/org/scala-lang/scala3-repl_3/3.8.2/scala3-repl_3-3.8.2.pom
2026.06.04 15:32:01 INFO  Scala CLI: Downloading https://repo.scala-lang.org/artifactory/maven-nightlies/com/lihaoyi/pprint_3/0.9.3/pprint_3-0.9.3.pom
2026.06.04 15:32:01 INFO  Scala CLI: Downloading https://repo.scala-lang.org/artifactory/maven-nightlies/com/lihaoyi/sourcecode_3/0.4.4/sourcecode_3-0.4.4.pom
2026.06.04 15:32:01 INFO  Scala CLI: Failed to download https://repo.scala-lang.org/artifactory/maven-nightlies/com/lihaoyi/pprint_3/0.9.3/pprint_3-0.9.3.pom
2026.06.04 15:32:01 INFO  Scala CLI: Downloading https://repo.scala-lang.org/artifactory/maven-nightlies/com/lihaoyi/pprint_3/0.9.3/pprint_3-0.9.3.pom.sha1
2026.06.04 15:32:01 INFO  Scala CLI: Failed to download https://repo.scala-lang.org/artifactory/maven-nightlies/com/lihaoyi/pprint_3/0.9.3/pprint_3-0.9.3.pom.sha1
2026.06.04 15:32:01 INFO  Scala CLI: Downloading https://repo1.maven.org/maven2/com/lihaoyi/pprint_3/0.9.3/pprint_3-0.9.3.pom
2026.06.04 15:32:01 INFO  Scala CLI: Downloaded https://repo1.maven.org/maven2/com/lihaoyi/pprint_3/0.9.3/pprint_3-0.9.3.pom
2026.06.04 15:32:01 INFO  Scala CLI: Failed to download https://repo.scala-lang.org/artifactory/maven-nightlies/com/lihaoyi/sourcecode_3/0.4.4/sourcecode_3-0.4.4.pom
2026.06.04 15:32:01 INFO  Scala CLI: Downloading https://repo.scala-lang.org/artifactory/maven-nightlies/com/lihaoyi/sourcecode_3/0.4.4/sourcecode_3-0.4.4.pom.sha1
2026.06.04 15:32:01 INFO  Scala CLI: Failed to download https://repo.scala-lang.org/artifactory/maven-nightlies/com/lihaoyi/sourcecode_3/0.4.4/sourcecode_3-0.4.4.pom.sha1
2026.06.04 15:32:01 INFO  Scala CLI: Downloading https://repo1.maven.org/maven2/com/lihaoyi/sourcecode_3/0.4.4/sourcecode_3-0.4.4.pom
2026.06.04 15:32:01 INFO  Scala CLI: Downloaded https://repo1.maven.org/maven2/com/lihaoyi/sourcecode_3/0.4.4/sourcecode_3-0.4.4.pom
2026.06.04 15:32:01 INFO  Scala CLI: Downloading https://repo1.maven.org/maven2/com/lihaoyi/sourcecode_3/0.4.4/sourcecode_3-0.4.4.jar
2026.06.04 15:32:01 INFO  Scala CLI: Downloading https://repo1.maven.org/maven2/org/scala-lang/scala3-repl_3/3.8.2/scala3-repl_3-3.8.2.jar
2026.06.04 15:32:01 INFO  Scala CLI: Downloading https://repo1.maven.org/maven2/com/lihaoyi/pprint_3/0.9.3/pprint_3-0.9.3.jar
2026.06.04 15:32:01 INFO  Scala CLI: Downloading https://repo1.maven.org/maven2/org/scala-lang/scala3-sbt-bridge/3.8.2/scala3-sbt-bridge-3.8.2.jar
2026.06.04 15:32:02 INFO  Scala CLI: Downloaded https://repo1.maven.org/maven2/com/lihaoyi/sourcecode_3/0.4.4/sourcecode_3-0.4.4.jar
2026.06.04 15:32:02 INFO  Scala CLI: Downloaded https://repo1.maven.org/maven2/org/scala-lang/scala3-sbt-bridge/3.8.2/scala3-sbt-bridge-3.8.2.jar
2026.06.04 15:32:02 INFO  Scala CLI: Downloaded https://repo1.maven.org/maven2/com/lihaoyi/pprint_3/0.9.3/pprint_3-0.9.3.jar
2026.06.04 15:32:02 INFO  Scala CLI: Downloaded https://repo1.maven.org/maven2/org/scala-lang/scala3-repl_3/3.8.2/scala3-repl_3-3.8.2.jar
2026.06.04 15:32:02 INFO  Scala CLI: Downloading https://repo1.maven.org/maven2/org/scala-lang/scala-library/3.8.2/scala-library-3.8.2-sources.jar
2026.06.04 15:32:02 INFO  Scala CLI: Downloading https://repo1.maven.org/maven2/org/scala-lang/scala3-library_3/3.8.2/scala3-library_3-3.8.2-sources.jar
2026.06.04 15:32:02 INFO  Scala CLI: Downloaded https://repo1.maven.org/maven2/org/scala-lang/scala3-library_3/3.8.2/scala3-library_3-3.8.2-sources.jar
2026.06.04 15:32:03 INFO  Scala CLI: Downloaded https://repo1.maven.org/maven2/org/scala-lang/scala-library/3.8.2/scala-library-3.8.2-sources.jar
2026.06.04 15:32:03 INFO  Scala CLI: Downloading https://repo1.maven.org/maven2/com/sourcegraph/semanticdb-javac/0.10.0/semanticdb-javac-0.10.0.pom
2026.06.04 15:32:03 INFO  Scala CLI: Downloaded https://repo1.maven.org/maven2/com/sourcegraph/semanticdb-javac/0.10.0/semanticdb-javac-0.10.0.pom
2026.06.04 15:32:03 INFO  Scala CLI: Downloading https://repo1.maven.org/maven2/com/sourcegraph/semanticdb-javac/0.10.0/semanticdb-javac-0.10.0.jar
2026.06.04 15:32:05 INFO  Scala CLI: Downloaded https://repo1.maven.org/maven2/com/sourcegraph/semanticdb-javac/0.10.0/semanticdb-javac-0.10.0.jar
2026.06.04 15:32:05 INFO  Connected to Scala CLI server v1.12.4
2026.06.04 15:32:06 ERROR Empty build targets. Expected at least one build target identifier.
2026.06.04 15:32:06 ERROR Empty build targets. Expected at least one build target identifier.
2026.06.04 15:32:06 ERROR Empty build targets. Expected at least one build target identifier.
2026.06.04 15:32:06 ERROR Empty build targets. Expected at least one build target identifier.
2026.06.04 15:32:06 INFO  compiling tiendas sales_d5c0a6989e (2 scala sources)
2026.06.04 15:32:07 ERROR 8 is not a valid choice for -java-output-version
2026.06.04 15:32:07 INFO  scalac -help  gives more information
2026.06.04 15:32:07 INFO  compiling tiendas sales_d5c0a6989e (2 scala sources)
2026.06.04 15:32:07 ERROR 8 is not a valid choice for -java-output-version
2026.06.04 15:32:07 INFO  scalac -help  gives more information
2026.06.04 15:32:08 WARN  Using H2 2.4.240 which is newer than the version Flyway has been verified with. The latest verified version of H2 is 2.3.232.
2026.06.04 15:32:11 INFO  no build target found for C:\Users\USER\Desktop\TIENDAS SALES\motor_scala\Ranking.scala. Using presentation compiler with project's scala-library version: 3.3.7
2026.06.04 15:32:15 INFO  no build target found for C:\Users\USER\Desktop\TIENDAS SALES\motor_scala\Ranking.scala. Using presentation compiler with project's scala-library version: 3.3.7
2026.06.04 15:32:15 INFO  no build target found for C:\Users\USER\Desktop\TIENDAS SALES\motor_scala\Ranking.scala. Using presentation compiler with project's scala-library version: 3.3.7
2026.06.04 15:32:15 INFO  no build target found for C:\Users\USER\Desktop\TIENDAS SALES\motor_scala\Ranking.scala. Using presentation compiler with project's scala-library version: 3.3.7
2026.06.04 15:32:15 INFO  no build target found for C:\Users\USER\Desktop\TIENDAS SALES\motor_scala\Ranking.scala. Using presentation compiler with project's scala-library version: 3.3.7
jun. 04, 2026 3:32:16 P. M. org.eclipse.lsp4j.jsonrpc.RemoteEndpoint handleCancellation
ADVERTENCIA: Unmatched cancel notification for request id 35
jun. 04, 2026 3:32:16 P. M. org.eclipse.lsp4j.jsonrpc.RemoteEndpoint handleCancellation
ADVERTENCIA: Unmatched cancel notification for request id 36
jun. 04, 2026 3:32:16 P. M. org.eclipse.lsp4j.jsonrpc.RemoteEndpoint handleCancellation
ADVERTENCIA: Unmatched cancel notification for request id 37
jun. 04, 2026 3:32:16 P. M. org.eclipse.lsp4j.jsonrpc.RemoteEndpoint handleCancellation
ADVERTENCIA: Unmatched cancel notification for request id 38
2026.06.04 15:32:15 INFO  no build target found for C:\Users\USER\Desktop\TIENDAS SALES\motor_scala\Ranking.scala. Using presentation compiler with project's scala-library version: 3.3.7
2026.06.04 15:32:16 INFO  no build target found for C:\Users\USER\Desktop\TIENDAS SALES\motor_scala\Ranking.scala. Using presentation compiler with project's scala-library version: 3.3.7
2026.06.04 15:32:17 INFO  time: indexed workspace in 11s
2026.06.04 15:32:17 INFO  Scala CLI started for C:\Users\USER\Desktop\TIENDAS SALES
2026.06.04 15:32:17 INFO  no build target found for C:\Users\USER\Desktop\TIENDAS SALES\motor_scala\Ranking.scala. Using presentation compiler with project's scala-library version: 3.3.7
2026.06.04 15:32:17 WARN  no build tool detected in workspace 'C:\Users\USER\Desktop\TIENDAS SALES'. The most common cause for this problem is that the editor was opened in the wrong working directory, for example if you use sbt then the workspace directory should contain build.sbt. 
2026.06.04 15:32:17 WARN  Build server is not auto-connectable.
2026.06.04 15:32:17 INFO  no build target found for C:\Users\USER\Desktop\TIENDAS SALES\motor_scala\Ranking.scala. Using presentation compiler with project's scala-library version: 3.3.7
2026.06.04 15:32:17 WARN  no build target for: C:\Users\USER\Desktop\TIENDAS SALES\motor_scala\Ranking.scala
2026.06.04 15:32:18 INFO  no build target found for C:\Users\USER\Desktop\TIENDAS SALES\motor_scala\Ranking.scala. Using presentation compiler with project's scala-library version: 3.3.7
jun. 04, 2026 3:33:41 P. M. org.eclipse.lsp4j.jsonrpc.services.GenericEndpoint notify
INFORMACIÓN: Unsupported notification method: $/setTrace
2026.06.04 15:35:32 INFO  no build target found for C:\Users\USER\Desktop\TIENDAS SALES\motor_scala\Ranking.scala. Using presentation compiler with project's scala-library version: 3.3.7
2026.06.04 15:35:32 WARN  no build target for: C:\Users\USER\Desktop\TIENDAS SALES\motor_scala\Ranking.scala
2026.06.04 15:35:32 INFO  no build target found for C:\Users\USER\Desktop\TIENDAS SALES\motor_scala\Ranking.scala. Using presentation compiler with project's scala-library version: 3.3.7
2026.06.04 15:35:32 INFO  no build target found for C:\Users\USER\Desktop\TIENDAS SALES\motor_scala\Ranking.scala. Using presentation compiler with project's scala-library version: 3.3.7
2026.06.04 15:35:32 INFO  no build target found for C:\Users\USER\Desktop\TIENDAS SALES\motor_scala\Ranking.scala. Using presentation compiler with project's scala-library version: 3.3.7
2026.06.04 15:35:32 INFO  no build target found for C:\Users\USER\Desktop\TIENDAS SALES\motor_scala\Ranking.scala. Using presentation compiler with project's scala-library version: 3.3.7
2026.06.04 15:35:32 INFO  no build target found for C:\Users\USER\Desktop\TIENDAS SALES\motor_scala\Ranking.scala. Using presentation compiler with project's scala-library version: 3.3.7
2026.06.04 15:36:21 INFO  no build target found for C:\Users\USER\Desktop\TIENDAS SALES\motor_scala\Ranking.scala. Using presentation compiler with project's scala-library version: 3.3.7
2026.06.04 15:36:21 WARN  no build target for: C:\Users\USER\Desktop\TIENDAS SALES\motor_scala\Ranking.scala
2026.06.04 15:36:21 INFO  no build target found for C:\Users\USER\Desktop\TIENDAS SALES\motor_scala\Ranking.scala. Using presentation compiler with project's scala-library version: 3.3.7
2026.06.04 15:36:21 INFO  no build target found for C:\Users\USER\Desktop\TIENDAS SALES\motor_scala\Ranking.scala. Using presentation compiler with project's scala-library version: 3.3.7
2026.06.04 15:36:21 INFO  no build target found for C:\Users\USER\Desktop\TIENDAS SALES\motor_scala\Ranking.scala. Using presentation compiler with project's scala-library version: 3.3.7
2026.06.04 15:36:21 INFO  no build target found for C:\Users\USER\Desktop\TIENDAS SALES\motor_scala\Ranking.scala. Using presentation compiler with project's scala-library version: 3.3.7
2026.06.04 15:36:22 INFO  no build target found for C:\Users\USER\Desktop\TIENDAS SALES\motor_scala\Ranking.scala. Using presentation compiler with project's scala-library version: 3.3.7
2026.06.04 15:36:23 INFO  no build target found for C:\Users\USER\Desktop\TIENDAS SALES\motor_scala\Ranking.scala. Using presentation compiler with project's scala-library version: 3.3.7
2026.06.04 15:36:23 INFO  no build target found for C:\Users\USER\Desktop\TIENDAS SALES\motor_scala\Ranking.scala. Using presentation compiler with project's scala-library version: 3.3.7
2026.06.04 15:44:23 INFO  no build target found for C:\Users\USER\Desktop\TIENDAS SALES\motor_scala\Ranking.scala. Using presentation compiler with project's scala-library version: 3.3.7
2026.06.04 15:44:23 WARN  no build target for: C:\Users\USER\Desktop\TIENDAS SALES\motor_scala\Ranking.scala
2026.06.04 15:44:23 INFO  no build target found for C:\Users\USER\Desktop\TIENDAS SALES\motor_scala\Ranking.scala. Using presentation compiler with project's scala-library version: 3.3.7
2026.06.04 15:44:23 INFO  no build target found for C:\Users\USER\Desktop\TIENDAS SALES\motor_scala\Ranking.scala. Using presentation compiler with project's scala-library version: 3.3.7
2026.06.04 15:44:23 INFO  no build target found for C:\Users\USER\Desktop\TIENDAS SALES\motor_scala\Ranking.scala. Using presentation compiler with project's scala-library version: 3.3.7
2026.06.04 15:44:23 INFO  no build target found for C:\Users\USER\Desktop\TIENDAS SALES\motor_scala\Ranking.scala. Using presentation compiler with project's scala-library version: 3.3.7
2026.06.04 15:44:24 INFO  no build target found for C:\Users\USER\Desktop\TIENDAS SALES\motor_scala\Ranking.scala. Using presentation compiler with project's scala-library version: 3.3.7
2026.06.04 15:44:24 INFO  no build target found for C:\Users\USER\Desktop\TIENDAS SALES\motor_scala\Ranking.scala. Using presentation compiler with project's scala-library version: 3.3.7
2026.06.04 15:44:24 INFO  no build target found for C:\Users\USER\Desktop\TIENDAS SALES\motor_scala\Ranking.scala. Using presentation compiler with project's scala-library version: 3.3.7
2026.06.04 15:44:26 INFO  no build target found for C:\Users\USER\Desktop\TIENDAS SALES\motor_scala\Ranking.scala. Using presentation compiler with project's scala-library version: 3.3.7
2026.06.04 15:44:27 INFO  no build target found for C:\Users\USER\Desktop\TIENDAS SALES\motor_scala\Ranking.scala. Using presentation compiler with project's scala-library version: 3.3.7
2026.06.04 15:44:27 INFO  no build target found for C:\Users\USER\Desktop\TIENDAS SALES\motor_scala\Ranking.scala. Using presentation compiler with project's scala-library version: 3.3.7
2026.06.04 15:44:27 INFO  no build target found for C:\Users\USER\Desktop\TIENDAS SALES\motor_scala\Ranking.scala. Using presentation compiler with project's scala-library version: 3.3.7
2026.06.04 15:44:27 INFO  no build target found for C:\Users\USER\Desktop\TIENDAS SALES\motor_scala\Ranking.scala. Using presentation compiler with project's scala-library version: 3.3.7
2026.06.04 15:44:30 INFO  no build target found for C:\Users\USER\Desktop\TIENDAS SALES\motor_scala\Ranking.scala. Using presentation compiler with project's scala-library version: 3.3.7
2026.06.04 15:44:32 WARN  no build target for: C:\Users\USER\Desktop\TIENDAS SALES\motor_scala\Ranking.scala
2026.06.04 15:44:32 INFO  no build target found for C:\Users\USER\Desktop\TIENDAS SALES\motor_scala\Ranking.scala. Using presentation compiler with project's scala-library version: 3.3.7
2026.06.04 15:44:32 INFO  no build target found for C:\Users\USER\Desktop\TIENDAS SALES\motor_scala\Ranking.scala. Using presentation compiler with project's scala-library version: 3.3.7
2026.06.04 15:44:32 INFO  no build target found for C:\Users\USER\Desktop\TIENDAS SALES\motor_scala\Ranking.scala. Using presentation compiler with project's scala-library version: 3.3.7
2026.06.04 15:44:39 INFO  no build target found for C:\Users\USER\Desktop\TIENDAS SALES\motor_scala\Ranking.scala. Using presentation compiler with project's scala-library version: 3.3.7
2026.06.04 15:44:39 INFO  no build target found for C:\Users\USER\Desktop\TIENDAS SALES\motor_scala\Ranking.scala. Using presentation compiler with project's scala-library version: 3.3.7
2026.06.04 15:44:53 INFO  no build target found for C:\Users\USER\Desktop\TIENDAS SALES\motor_scala\Ranking.scala. Using presentation compiler with project's scala-library version: 3.3.7
2026.06.04 15:44:53 WARN  no build target for: C:\Users\USER\Desktop\TIENDAS SALES\motor_scala\Ranking.scala
2026.06.04 15:44:53 INFO  no build target found for C:\Users\USER\Desktop\TIENDAS SALES\motor_scala\Ranking.scala. Using presentation compiler with project's scala-library version: 3.3.7
2026.06.04 15:44:53 INFO  no build target found for C:\Users\USER\Desktop\TIENDAS SALES\motor_scala\Ranking.scala. Using presentation compiler with project's scala-library version: 3.3.7
2026.06.04 15:44:53 INFO  no build target found for C:\Users\USER\Desktop\TIENDAS SALES\motor_scala\Ranking.scala. Using presentation compiler with project's scala-library version: 3.3.7
2026.06.04 15:44:53 INFO  no build target found for C:\Users\USER\Desktop\TIENDAS SALES\motor_scala\Ranking.scala. Using presentation compiler with project's scala-library version: 3.3.7
2026.06.04 15:44:54 INFO  no build target found for C:\Users\USER\Desktop\TIENDAS SALES\motor_scala\Ranking.scala. Using presentation compiler with project's scala-library version: 3.3.7
2026.06.04 15:45:11 INFO  no build target found for C:\Users\USER\Desktop\TIENDAS SALES\motor_scala\Ranking.scala. Using presentation compiler with project's scala-library version: 3.3.7
2026.06.04 15:46:32 INFO  no build target found for C:\Users\USER\Desktop\TIENDAS SALES\motor_scala\Ranking.scala. Using presentation compiler with project's scala-library version: 3.3.7
2026.06.04 15:49:11 WARN  no build target for: C:\Users\USER\Desktop\TIENDAS SALES\motor_scala\Ranking.scala
2026.06.04 15:49:11 INFO  no build target found for C:\Users\USER\Desktop\TIENDAS SALES\motor_scala\Ranking.scala. Using presentation compiler with project's scala-library version: 3.3.7
2026.06.04 15:49:11 INFO  no build target found for C:\Users\USER\Desktop\TIENDAS SALES\motor_scala\Ranking.scala. Using presentation compiler with project's scala-library version: 3.3.7
2026.06.04 15:49:11 INFO  no build target found for C:\Users\USER\Desktop\TIENDAS SALES\motor_scala\Ranking.scala. Using presentation compiler with project's scala-library version: 3.3.7
2026.06.04 15:49:11 INFO  no build target found for C:\Users\USER\Desktop\TIENDAS SALES\motor_scala\Ranking.scala. Using presentation compiler with project's scala-library version: 3.3.7
2026.06.04 15:49:11 INFO  no build target found for C:\Users\USER\Desktop\TIENDAS SALES\motor_scala\Ranking.scala. Using presentation compiler with project's scala-library version: 3.3.7
2026.06.04 15:49:12 INFO  no build target found for C:\Users\USER\Desktop\TIENDAS SALES\motor_scala\Ranking.scala. Using presentation compiler with project's scala-library version: 3.3.7
2026.06.04 15:49:12 INFO  no build target found for C:\Users\USER\Desktop\TIENDAS SALES\motor_scala\Ranking.scala. Using presentation compiler with project's scala-library version: 3.3.7
2026.06.04 15:49:12 INFO  no build target found for C:\Users\USER\Desktop\TIENDAS SALES\motor_scala\Ranking.scala. Using presentation compiler with project's scala-library version: 3.3.7
2026.06.04 15:49:55 INFO  no build target found for C:\Users\USER\Desktop\TIENDAS SALES\motor_scala\Ranking.scala. Using presentation compiler with project's scala-library version: 3.3.7
2026.06.04 15:49:55 INFO  no build target found for C:\Users\USER\Desktop\TIENDAS SALES\motor_scala\Ranking.scala. Using presentation compiler with project's scala-library version: 3.3.7
2026.06.04 15:49:56 INFO  no build target found for C:\Users\USER\Desktop\TIENDAS SALES\motor_scala\Ranking.scala. Using presentation compiler with project's scala-library version: 3.3.7
2026.06.04 15:49:55 INFO  no build target found for C:\Users\USER\Desktop\TIENDAS SALES\motor_scala\Ranking.scala. Using presentation compiler with project's scala-library version: 3.3.7
2026.06.04 15:49:58 INFO  no build target found for C:\Users\USER\Desktop\TIENDAS SALES\motor_scala\Ranking.scala. Using presentation compiler with project's scala-library version: 3.3.7
2026.06.04 15:50:00 INFO  no build target found for C:\Users\USER\Desktop\TIENDAS SALES\motor_scala\Ranking.scala. Using presentation compiler with project's scala-library version: 3.3.7
2026.06.04 15:50:11 WARN  no build target for: C:\Users\USER\Desktop\TIENDAS SALES\motor_scala\Ranking.scala
2026.06.04 15:50:11 INFO  no build target found for C:\Users\USER\Desktop\TIENDAS SALES\motor_scala\Ranking.scala. Using presentation compiler with project's scala-library version: 3.3.7
2026.06.04 15:51:33 INFO  no build target found for C:\Users\USER\Desktop\TIENDAS SALES\motor_scala\Ranking.scala. Using presentation compiler with project's scala-library version: 3.3.7
2026.06.04 15:51:33 WARN  no build target for: C:\Users\USER\Desktop\TIENDAS SALES\motor_scala\Ranking.scala
2026.06.04 15:51:33 INFO  no build target found for C:\Users\USER\Desktop\TIENDAS SALES\motor_scala\Ranking.scala. Using presentation compiler with project's scala-library version: 3.3.7
2026.06.04 15:51:33 INFO  no build target found for C:\Users\USER\Desktop\TIENDAS SALES\motor_scala\Ranking.scala. Using presentation compiler with project's scala-library version: 3.3.7
2026.06.04 15:51:33 INFO  no build target found for C:\Users\USER\Desktop\TIENDAS SALES\motor_scala\Ranking.scala. Using presentation compiler with project's scala-library version: 3.3.7
2026.06.04 15:51:33 INFO  no build target found for C:\Users\USER\Desktop\TIENDAS SALES\motor_scala\Ranking.scala. Using presentation compiler with project's scala-library version: 3.3.7
2026.06.04 15:51:34 INFO  no build target found for C:\Users\USER\Desktop\TIENDAS SALES\motor_scala\Ranking.scala. Using presentation compiler with project's scala-library version: 3.3.7
2026.06.04 15:51:35 INFO  no build target found for C:\Users\USER\Desktop\TIENDAS SALES\motor_scala\Ranking.scala. Using presentation compiler with project's scala-library version: 3.3.7
2026.06.04 15:51:36 INFO  no build target found for C:\Users\USER\Desktop\TIENDAS SALES\motor_scala\Ranking.scala. Using presentation compiler with project's scala-library version: 3.3.7
2026.06.04 15:51:35 INFO  no build target found for C:\Users\USER\Desktop\TIENDAS SALES\motor_scala\Ranking.scala. Using presentation compiler with project's scala-library version: 3.3.7
2026.06.04 15:51:36 INFO  no build target found for C:\Users\USER\Desktop\TIENDAS SALES\motor_scala\Ranking.scala. Using presentation compiler with project's scala-library version: 3.3.7
2026.06.04 15:51:35 INFO  no build target found for C:\Users\USER\Desktop\TIENDAS SALES\motor_scala\Ranking.scala. Using presentation compiler with project's scala-library version: 3.3.7
2026.06.04 15:51:36 INFO  no build target found for C:\Users\USER\Desktop\TIENDAS SALES\motor_scala\Ranking.scala. Using presentation compiler with project's scala-library version: 3.3.7
2026.06.04 15:53:20 WARN  no build target for: C:\Users\USER\Desktop\TIENDAS SALES\motor_scala\Ranking.scala
2026.06.04 15:53:21 INFO  no build target found for C:\Users\USER\Desktop\TIENDAS SALES\motor_scala\Ranking.scala. Using presentation compiler with project's scala-library version: 3.3.7
2026.06.04 15:53:21 WARN  no build target for: C:\Users\USER\Desktop\TIENDAS SALES\motor_scala\Ranking.scala
2026.06.04 15:53:21 INFO  no build target found for C:\Users\USER\Desktop\TIENDAS SALES\motor_scala\Ranking.scala. Using presentation compiler with project's scala-library version: 3.3.7
2026.06.04 15:53:21 INFO  no build target found for C:\Users\USER\Desktop\TIENDAS SALES\motor_scala\Ranking.scala. Using presentation compiler with project's scala-library version: 3.3.7
2026.06.04 15:53:21 INFO  no build target found for C:\Users\USER\Desktop\TIENDAS SALES\motor_scala\Ranking.scala. Using presentation compiler with project's scala-library version: 3.3.7
2026.06.04 15:53:26 INFO  no build target found for C:\Users\USER\Desktop\TIENDAS SALES\motor_scala\Ranking.scala. Using presentation compiler with project's scala-library version: 3.3.7
2026.06.04 15:53:26 INFO  no build target found for C:\Users\USER\Desktop\TIENDAS SALES\motor_scala\Ranking.scala. Using presentation compiler with project's scala-library version: 3.3.7
2026.06.04 15:53:26 INFO  no build target found for C:\Users\USER\Desktop\TIENDAS SALES\motor_scala\Ranking.scala. Using presentation compiler with project's scala-library version: 3.3.7
2026.06.04 15:53:26 INFO  no build target found for C:\Users\USER\Desktop\TIENDAS SALES\motor_scala\Ranking.scala. Using presentation compiler with project's scala-library version: 3.3.7
2026.06.04 15:53:27 INFO  no build target found for C:\Users\USER\Desktop\TIENDAS SALES\motor_scala\Ranking.scala. Using presentation compiler with project's scala-library version: 3.3.7
2026.06.04 15:53:27 INFO  no build target found for C:\Users\USER\Desktop\TIENDAS SALES\motor_scala\Ranking.scala. Using presentation compiler with project's scala-library version: 3.3.7
2026.06.04 15:53:27 INFO  no build target found for C:\Users\USER\Desktop\TIENDAS SALES\motor_scala\Ranking.scala. Using presentation compiler with project's scala-library version: 3.3.7
2026.06.04 15:53:27 WARN  Could not find semantic tokens for: file:///C:/Users/USER/Desktop/TIENDAS%20SALES/motor_scala/Ranking.scala
jun. 04, 2026 3:53:27 P. M. org.eclipse.lsp4j.jsonrpc.RemoteEndpoint handleCancellation
ADVERTENCIA: Unmatched cancel notification for request id 171
2026.06.04 15:53:27 INFO  no build target found for C:\Users\USER\Desktop\TIENDAS SALES\motor_scala\Ranking.scala. Using presentation compiler with project's scala-library version: 3.3.7
2026.06.04 15:53:27 INFO  no build target found for C:\Users\USER\Desktop\TIENDAS SALES\motor_scala\Ranking.scala. Using presentation compiler with project's scala-library version: 3.3.7
2026.06.04 15:53:28 INFO  no build target found for C:\Users\USER\Desktop\TIENDAS SALES\motor_scala\Ranking.scala. Using presentation compiler with project's scala-library version: 3.3.7
2026.06.04 15:53:31 WARN  no build target for: C:\Users\USER\Desktop\TIENDAS SALES\motor_scala\Ranking.scala
2026.06.04 15:53:31 INFO  no build target found for C:\Users\USER\Desktop\TIENDAS SALES\motor_scala\Ranking.scala. Using presentation compiler with project's scala-library version: 3.3.7
2026.06.04 15:54:37 INFO  no build target found for C:\Users\USER\Desktop\TIENDAS SALES\motor_scala\Ranking.scala. Using presentation compiler with project's scala-library version: 3.3.7
2026.06.04 15:54:37 WARN  no build target for: C:\Users\USER\Desktop\TIENDAS SALES\motor_scala\Ranking.scala
2026.06.04 15:54:37 INFO  no build target found for C:\Users\USER\Desktop\TIENDAS SALES\motor_scala\Ranking.scala. Using presentation compiler with project's scala-library version: 3.3.7
2026.06.04 15:54:37 INFO  no build target found for C:\Users\USER\Desktop\TIENDAS SALES\motor_scala\Ranking.scala. Using presentation compiler with project's scala-library version: 3.3.7
2026.06.04 15:54:37 INFO  no build target found for C:\Users\USER\Desktop\TIENDAS SALES\motor_scala\Ranking.scala. Using presentation compiler with project's scala-library version: 3.3.7
2026.06.04 15:54:38 INFO  no build target found for C:\Users\USER\Desktop\TIENDAS SALES\motor_scala\Ranking.scala. Using presentation compiler with project's scala-library version: 3.3.7
2026.06.04 15:54:38 INFO  no build target found for C:\Users\USER\Desktop\TIENDAS SALES\motor_scala\Ranking.scala. Using presentation compiler with project's scala-library version: 3.3.7
2026.06.04 15:54:39 INFO  no build target found for C:\Users\USER\Desktop\TIENDAS SALES\motor_scala\Ranking.scala. Using presentation compiler with project's scala-library version: 3.3.7
2026.06.04 15:54:39 INFO  no build target found for C:\Users\USER\Desktop\TIENDAS SALES\motor_scala\Ranking.scala. Using presentation compiler with project's scala-library version: 3.3.7
2026.06.04 15:54:40 INFO  no build target found for C:\Users\USER\Desktop\TIENDAS SALES\motor_scala\Ranking.scala. Using presentation compiler with project's scala-library version: 3.3.7
2026.06.04 15:54:39 INFO  no build target found for C:\Users\USER\Desktop\TIENDAS SALES\motor_scala\Ranking.scala. Using presentation compiler with project's scala-library version: 3.3.7
2026.06.04 15:54:40 INFO  no build target found for C:\Users\USER\Desktop\TIENDAS SALES\motor_scala\Ranking.scala. Using presentation compiler with project's scala-library version: 3.3.7
2026.06.04 15:54:43 WARN  no build target for: C:\Users\USER\Desktop\TIENDAS SALES\motor_scala\Ranking.scala
2026.06.04 15:54:43 INFO  no build target found for C:\Users\USER\Desktop\TIENDAS SALES\motor_scala\Ranking.scala. Using presentation compiler with project's scala-library version: 3.3.7
2026.06.04 15:54:57 INFO  no build target found for C:\Users\USER\Desktop\TIENDAS SALES\motor_scala\Ranking.scala. Using presentation compiler with project's scala-library version: 3.3.7
2026.06.04 15:56:24 WARN  no build target for: C:\Users\USER\Desktop\TIENDAS SALES\motor_scala\Ranking.scala
2026.06.04 15:56:24 INFO  no build target found for C:\Users\USER\Desktop\TIENDAS SALES\motor_scala\Ranking.scala. Using presentation compiler with project's scala-library version: 3.3.7
2026.06.04 15:56:24 INFO  no build target found for C:\Users\USER\Desktop\TIENDAS SALES\motor_scala\Ranking.scala. Using presentation compiler with project's scala-library version: 3.3.7
2026.06.04 15:56:24 INFO  no build target found for C:\Users\USER\Desktop\TIENDAS SALES\motor_scala\Ranking.scala. Using presentation compiler with project's scala-library version: 3.3.7
2026.06.04 15:56:24 INFO  no build target found for C:\Users\USER\Desktop\TIENDAS SALES\motor_scala\Ranking.scala. Using presentation compiler with project's scala-library version: 3.3.7
2026.06.04 15:56:24 INFO  no build target found for C:\Users\USER\Desktop\TIENDAS SALES\motor_scala\Ranking.scala. Using presentation compiler with project's scala-library version: 3.3.7
2026.06.04 15:56:24 INFO  no build target found for C:\Users\USER\Desktop\TIENDAS SALES\motor_scala\Ranking.scala. Using presentation compiler with project's scala-library version: 3.3.7
2026.06.04 15:56:26 INFO  no build target found for C:\Users\USER\Desktop\TIENDAS SALES\motor_scala\Ranking.scala. Using presentation compiler with project's scala-library version: 3.3.7
2026.06.04 15:56:26 INFO  no build target found for C:\Users\USER\Desktop\TIENDAS SALES\motor_scala\Ranking.scala. Using presentation compiler with project's scala-library version: 3.3.7
2026.06.04 15:56:26 INFO  no build target found for C:\Users\USER\Desktop\TIENDAS SALES\motor_scala\Ranking.scala. Using presentation compiler with project's scala-library version: 3.3.7
2026.06.04 15:56:26 INFO  no build target found for C:\Users\USER\Desktop\TIENDAS SALES\motor_scala\Ranking.scala. Using presentation compiler with project's scala-library version: 3.3.7
2026.06.04 15:56:26 INFO  no build target found for C:\Users\USER\Desktop\TIENDAS SALES\motor_scala\Ranking.scala. Using presentation compiler with project's scala-library version: 3.3.7
2026.06.04 15:56:47 INFO  no build target found for C:\Users\USER\Desktop\TIENDAS SALES\motor_scala\Ranking.scala. Using presentation compiler with project's scala-library version: 3.3.7
2026.06.04 15:58:19 WARN  no build target for: C:\Users\USER\Desktop\TIENDAS SALES\motor_scala\Ranking.scala
2026.06.04 15:58:19 INFO  no build target found for C:\Users\USER\Desktop\TIENDAS SALES\motor_scala\Ranking.scala. Using presentation compiler with project's scala-library version: 3.3.7
2026.06.04 16:00:24 INFO  no build target found for C:\Users\USER\Desktop\TIENDAS SALES\motor_scala\Ranking.scala. Using presentation compiler with project's scala-library version: 3.3.7
2026.06.04 16:00:24 INFO  no build target found for C:\Users\USER\Desktop\TIENDAS SALES\motor_scala\Ranking.scala. Using presentation compiler with project's scala-library version: 3.3.7
2026.06.04 16:00:26 INFO  no build target found for C:\Users\USER\Desktop\TIENDAS SALES\motor_scala\Ranking.scala. Using presentation compiler with project's scala-library version: 3.3.7
2026.06.04 16:00:26 INFO  no build target found for C:\Users\USER\Desktop\TIENDAS SALES\motor_scala\Ranking.scala. Using presentation compiler with project's scala-library version: 3.3.7
2026.06.04 16:00:26 INFO  no build target found for C:\Users\USER\Desktop\TIENDAS SALES\motor_scala\Ranking.scala. Using presentation compiler with project's scala-library version: 3.3.7
2026.06.04 16:00:26 INFO  no build target found for C:\Users\USER\Desktop\TIENDAS SALES\motor_scala\Ranking.scala. Using presentation compiler with project's scala-library version: 3.3.7
2026.06.04 16:00:26 INFO  no build target found for C:\Users\USER\Desktop\TIENDAS SALES\motor_scala\Ranking.scala. Using presentation compiler with project's scala-library version: 3.3.7
2026.06.04 16:00:26 INFO  no build target found for C:\Users\USER\Desktop\TIENDAS SALES\motor_scala\Ranking.scala. Using presentation compiler with project's scala-library version: 3.3.7
2026.06.04 16:00:26 INFO  no build target found for C:\Users\USER\Desktop\TIENDAS SALES\motor_scala\Ranking.scala. Using presentation compiler with project's scala-library version: 3.3.7
2026.06.04 16:00:27 INFO  no build target found for C:\Users\USER\Desktop\TIENDAS SALES\motor_scala\Ranking.scala. Using presentation compiler with project's scala-library version: 3.3.7
2026.06.04 16:00:27 INFO  no build target found for C:\Users\USER\Desktop\TIENDAS SALES\motor_scala\Ranking.scala. Using presentation compiler with project's scala-library version: 3.3.7
2026.06.04 16:00:27 INFO  no build target found for C:\Users\USER\Desktop\TIENDAS SALES\motor_scala\Ranking.scala. Using presentation compiler with project's scala-library version: 3.3.7
2026.06.04 16:00:27 INFO  no build target found for C:\Users\USER\Desktop\TIENDAS SALES\motor_scala\Ranking.scala. Using presentation compiler with project's scala-library version: 3.3.7
2026.06.04 16:00:29 WARN  no build target for: C:\Users\USER\Desktop\TIENDAS SALES\motor_scala\Ranking.scala
2026.06.04 16:00:29 INFO  no build target found for C:\Users\USER\Desktop\TIENDAS SALES\motor_scala\Ranking.scala. Using presentation compiler with project's scala-library version: 3.3.7
2026.06.04 16:00:29 INFO  no build target found for C:\Users\USER\Desktop\TIENDAS SALES\motor_scala\Ranking.scala. Using presentation compiler with project's scala-library version: 3.3.7
jun. 04, 2026 4:02:52 P. M. org.eclipse.lsp4j.jsonrpc.services.GenericEndpoint notify
INFORMACIÓN: Unsupported notification method: $/setTrace
2026.06.04 16:02:52 INFO  no build target found for C:\Users\USER\Desktop\TIENDAS SALES\motor_scala\Ranking.scala. Using presentation compiler with project's scala-library version: 3.3.7
2026.06.04 16:02:52 INFO  no build target found for C:\Users\USER\Desktop\TIENDAS SALES\motor_scala\Ranking.scala. Using presentation compiler with project's scala-library version: 3.3.7
2026.06.04 16:03:34 WARN  no build target for: C:\Users\USER\Desktop\TIENDAS SALES\motor_scala\Ranking.scala
2026.06.04 16:03:34 INFO  no build target found for C:\Users\USER\Desktop\TIENDAS SALES\motor_scala\Ranking.scala. Using presentation compiler with project's scala-library version: 3.3.7
2026.06.04 16:03:34 INFO  no build target found for C:\Users\USER\Desktop\TIENDAS SALES\motor_scala\Ranking.scala. Using presentation compiler with project's scala-library version: 3.3.7
2026.06.04 16:03:34 INFO  no build target found for C:\Users\USER\Desktop\TIENDAS SALES\motor_scala\Ranking.scala. Using presentation compiler with project's scala-library version: 3.3.7
2026.06.04 16:03:34 INFO  no build target found for C:\Users\USER\Desktop\TIENDAS SALES\motor_scala\Ranking.scala. Using presentation compiler with project's scala-library version: 3.3.7
2026.06.04 16:03:36 INFO  no build target found for C:\Users\USER\Desktop\TIENDAS SALES\motor_scala\Ranking.scala. Using presentation compiler with project's scala-library version: 3.3.7
2026.06.04 16:03:36 INFO  no build target found for C:\Users\USER\Desktop\TIENDAS SALES\motor_scala\Ranking.scala. Using presentation compiler with project's scala-library version: 3.3.7
2026.06.04 16:03:37 INFO  no build target found for C:\Users\USER\Desktop\TIENDAS SALES\motor_scala\Ranking.scala. Using presentation compiler with project's scala-library version: 3.3.7
jun. 04, 2026 4:03:37 P. M. org.eclipse.lsp4j.jsonrpc.RemoteEndpoint handleCancellation
ADVERTENCIA: Unmatched cancel notification for request id 270
2026.06.04 16:03:37 INFO  no build target found for C:\Users\USER\Desktop\TIENDAS SALES\motor_scala\Ranking.scala. Using presentation compiler with project's scala-library version: 3.3.7
2026.06.04 16:03:37 INFO  no build target found for C:\Users\USER\Desktop\TIENDAS SALES\motor_scala\Ranking.scala. Using presentation compiler with project's scala-library version: 3.3.7
2026.06.04 16:03:37 INFO  no build target found for C:\Users\USER\Desktop\TIENDAS SALES\motor_scala\Ranking.scala. Using presentation compiler with project's scala-library version: 3.3.7
2026.06.04 16:03:37 INFO  no build target found for C:\Users\USER\Desktop\TIENDAS SALES\motor_scala\Ranking.scala. Using presentation compiler with project's scala-library version: 3.3.7
2026.06.04 16:03:40 WARN  no build target for: C:\Users\USER\Desktop\TIENDAS SALES\motor_scala\Ranking.scala
2026.06.04 16:03:40 INFO  no build target found for C:\Users\USER\Desktop\TIENDAS SALES\motor_scala\Ranking.scala. Using presentation compiler with project's scala-library version: 3.3.7
2026.06.04 16:03:57 INFO  no build target found for C:\Users\USER\Desktop\TIENDAS SALES\motor_scala\Ranking.scala. Using presentation compiler with project's scala-library version: 3.3.7
jun. 04, 2026 4:04:11 P. M. org.eclipse.lsp4j.jsonrpc.services.GenericEndpoint notify
INFORMACIÓN: Unsupported notification method: $/setTrace
2026.06.04 16:04:12 INFO  no build target found for C:\Users\USER\Desktop\TIENDAS SALES\motor_scala\Ranking.scala. Using presentation compiler with project's scala-library version: 3.3.7
2026.06.04 16:05:12 WARN  no build target for: C:\Users\USER\Desktop\TIENDAS SALES\motor_scala\Ranking.scala
2026.06.04 16:05:12 INFO  no build target found for C:\Users\USER\Desktop\TIENDAS SALES\motor_scala\Ranking.scala. Using presentation compiler with project's scala-library version: 3.3.7
2026.06.04 16:05:12 INFO  no build target found for C:\Users\USER\Desktop\TIENDAS SALES\motor_scala\Ranking.scala. Using presentation compiler with project's scala-library version: 3.3.7
2026.06.04 16:05:12 INFO  no build target found for C:\Users\USER\Desktop\TIENDAS SALES\motor_scala\Ranking.scala. Using presentation compiler with project's scala-library version: 3.3.7
2026.06.04 16:05:12 INFO  no build target found for C:\Users\USER\Desktop\TIENDAS SALES\motor_scala\Ranking.scala. Using presentation compiler with project's scala-library version: 3.3.7
2026.06.04 16:05:13 INFO  no build target found for C:\Users\USER\Desktop\TIENDAS SALES\motor_scala\Ranking.scala. Using presentation compiler with project's scala-library version: 3.3.7
2026.06.04 16:05:13 INFO  no build target found for C:\Users\USER\Desktop\TIENDAS SALES\motor_scala\Ranking.scala. Using presentation compiler with project's scala-library version: 3.3.7
2026.06.04 16:05:14 INFO  no build target found for C:\Users\USER\Desktop\TIENDAS SALES\motor_scala\Ranking.scala. Using presentation compiler with project's scala-library version: 3.3.7
2026.06.04 16:05:13 INFO  no build target found for C:\Users\USER\Desktop\TIENDAS SALES\motor_scala\Ranking.scala. Using presentation compiler with project's scala-library version: 3.3.7
2026.06.04 16:05:14 INFO  no build target found for C:\Users\USER\Desktop\TIENDAS SALES\motor_scala\Ranking.scala. Using presentation compiler with project's scala-library version: 3.3.7
2026.06.04 16:05:37 WARN  no build target for: C:\Users\USER\Desktop\TIENDAS SALES\motor_scala\Ranking.scala
2026.06.04 16:05:37 INFO  no build target found for C:\Users\USER\Desktop\TIENDAS SALES\motor_scala\Ranking.scala. Using presentation compiler with project's scala-library version: 3.3.7
2026.06.04 16:06:40 INFO  no build target found for C:\Users\USER\Desktop\TIENDAS SALES\motor_scala\Ranking.scala. Using presentation compiler with project's scala-library version: 3.3.7
jun. 04, 2026 4:06:54 P. M. org.eclipse.lsp4j.jsonrpc.services.GenericEndpoint notify
INFORMACIÓN: Unsupported notification method: $/setTrace
2026.06.04 16:06:54 INFO  no build target found for C:\Users\USER\Desktop\TIENDAS SALES\motor_scala\Ranking.scala. Using presentation compiler with project's scala-library version: 3.3.7
2026.06.04 16:07:47 WARN  no build target for: C:\Users\USER\Desktop\TIENDAS SALES\motor_scala\Ranking.scala
2026.06.04 16:07:47 INFO  no build target found for C:\Users\USER\Desktop\TIENDAS SALES\motor_scala\Ranking.scala. Using presentation compiler with project's scala-library version: 3.3.7
2026.06.04 16:07:47 INFO  no build target found for C:\Users\USER\Desktop\TIENDAS SALES\motor_scala\Ranking.scala. Using presentation compiler with project's scala-library version: 3.3.7
2026.06.04 16:07:47 INFO  no build target found for C:\Users\USER\Desktop\TIENDAS SALES\motor_scala\Ranking.scala. Using presentation compiler with project's scala-library version: 3.3.7
2026.06.04 16:07:47 INFO  no build target found for C:\Users\USER\Desktop\TIENDAS SALES\motor_scala\Ranking.scala. Using presentation compiler with project's scala-library version: 3.3.7
2026.06.04 16:07:47 INFO  no build target found for C:\Users\USER\Desktop\TIENDAS SALES\motor_scala\Ranking.scala. Using presentation compiler with project's scala-library version: 3.3.7
2026.06.04 16:07:48 INFO  no build target found for C:\Users\USER\Desktop\TIENDAS SALES\motor_scala\Ranking.scala. Using presentation compiler with project's scala-library version: 3.3.7
2026.06.04 16:07:49 INFO  no build target found for C:\Users\USER\Desktop\TIENDAS SALES\motor_scala\Ranking.scala. Using presentation compiler with project's scala-library version: 3.3.7
2026.06.04 16:07:48 INFO  no build target found for C:\Users\USER\Desktop\TIENDAS SALES\motor_scala\Ranking.scala. Using presentation compiler with project's scala-library version: 3.3.7
2026.06.04 16:07:49 INFO  no build target found for C:\Users\USER\Desktop\TIENDAS SALES\motor_scala\Ranking.scala. Using presentation compiler with project's scala-library version: 3.3.7
2026.06.04 16:07:52 WARN  no build target for: C:\Users\USER\Desktop\TIENDAS SALES\motor_scala\Ranking.scala
2026.06.04 16:07:52 INFO  no build target found for C:\Users\USER\Desktop\TIENDAS SALES\motor_scala\Ranking.scala. Using presentation compiler with project's scala-library version: 3.3.7
jun. 04, 2026 4:08:29 P. M. org.eclipse.lsp4j.jsonrpc.services.GenericEndpoint notify
INFORMACIÓN: Unsupported notification method: $/setTrace
2026.06.04 16:08:29 INFO  no build target found for C:\Users\USER\Desktop\TIENDAS SALES\motor_scala\Ranking.scala. Using presentation compiler with project's scala-library version: 3.3.7
2026.06.04 16:08:29 INFO  no build target found for C:\Users\USER\Desktop\TIENDAS SALES\motor_scala\Ranking.scala. Using presentation compiler with project's scala-library version: 3.3.7
2026.06.04 16:40:26 INFO  no build target found for C:\Users\USER\Desktop\TIENDAS SALES\motor_scala\Ranking.scala. Using presentation compiler with project's scala-library version: 3.3.7
2026.06.04 16:40:26 WARN  no build target for: C:\Users\USER\Desktop\TIENDAS SALES\motor_scala\Ranking.scala
2026.06.04 16:40:26 INFO  no build target found for C:\Users\USER\Desktop\TIENDAS SALES\motor_scala\Ranking.scala. Using presentation compiler with project's scala-library version: 3.3.7
2026.06.04 16:40:26 INFO  no build target found for C:\Users\USER\Desktop\TIENDAS SALES\motor_scala\Ranking.scala. Using presentation compiler with project's scala-library version: 3.3.7
2026.06.04 16:40:26 INFO  no build target found for C:\Users\USER\Desktop\TIENDAS SALES\motor_scala\Ranking.scala. Using presentation compiler with project's scala-library version: 3.3.7
2026.06.04 16:40:26 INFO  no build target found for C:\Users\USER\Desktop\TIENDAS SALES\motor_scala\Ranking.scala. Using presentation compiler with project's scala-library version: 3.3.7
2026.06.04 16:40:27 INFO  no build target found for C:\Users\USER\Desktop\TIENDAS SALES\motor_scala\Ranking.scala. Using presentation compiler with project's scala-library version: 3.3.7
2026.06.04 16:40:28 INFO  no build target found for C:\Users\USER\Desktop\TIENDAS SALES\motor_scala\Ranking.scala. Using presentation compiler with project's scala-library version: 3.3.7
2026.06.04 16:40:27 INFO  no build target found for C:\Users\USER\Desktop\TIENDAS SALES\motor_scala\Ranking.scala. Using presentation compiler with project's scala-library version: 3.3.7
2026.06.04 16:40:29 INFO  no build target found for C:\Users\USER\Desktop\TIENDAS SALES\motor_scala\Ranking.scala. Using presentation compiler with project's scala-library version: 3.3.7
2026.06.04 16:41:57 INFO  no build target found for C:\Users\USER\Desktop\TIENDAS SALES\motor_scala\Ranking.scala. Using presentation compiler with project's scala-library version: 3.3.7
2026.06.04 16:41:57 INFO  no build target found for C:\Users\USER\Desktop\TIENDAS SALES\motor_scala\Ranking.scala. Using presentation compiler with project's scala-library version: 3.3.7
2026.06.04 16:41:57 INFO  no build target found for C:\Users\USER\Desktop\TIENDAS SALES\motor_scala\Ranking.scala. Using presentation compiler with project's scala-library version: 3.3.7
2026.06.04 16:41:57 INFO  no build target found for C:\Users\USER\Desktop\TIENDAS SALES\motor_scala\Ranking.scala. Using presentation compiler with project's scala-library version: 3.3.7
2026.06.04 16:41:58 INFO  no build target found for C:\Users\USER\Desktop\TIENDAS SALES\motor_scala\Ranking.scala. Using presentation compiler with project's scala-library version: 3.3.7
2026.06.04 16:41:58 INFO  no build target found for C:\Users\USER\Desktop\TIENDAS SALES\motor_scala\Ranking.scala. Using presentation compiler with project's scala-library version: 3.3.7
2026.06.04 16:41:59 INFO  no build target found for C:\Users\USER\Desktop\TIENDAS SALES\motor_scala\Ranking.scala. Using presentation compiler with project's scala-library version: 3.3.7
2026.06.04 16:41:58 INFO  no build target found for C:\Users\USER\Desktop\TIENDAS SALES\motor_scala\Ranking.scala. Using presentation compiler with project's scala-library version: 3.3.7
2026.06.04 16:41:59 INFO  no build target found for C:\Users\USER\Desktop\TIENDAS SALES\motor_scala\Ranking.scala. Using presentation compiler with project's scala-library version: 3.3.7
2026.06.04 16:41:58 INFO  no build target found for C:\Users\USER\Desktop\TIENDAS SALES\motor_scala\Ranking.scala. Using presentation compiler with project's scala-library version: 3.3.7
2026.06.04 16:42:00 INFO  no build target found for C:\Users\USER\Desktop\TIENDAS SALES\motor_scala\Ranking.scala. Using presentation compiler with project's scala-library version: 3.3.7
2026.06.04 16:42:04 INFO  no build target found for C:\Users\USER\Desktop\TIENDAS SALES\motor_scala\Ranking.scala. Using presentation compiler with project's scala-library version: 3.3.7
2026.06.04 16:42:04 INFO  no build target found for C:\Users\USER\Desktop\TIENDAS SALES\motor_scala\Ranking.scala. Using presentation compiler with project's scala-library version: 3.3.7
2026.06.04 16:42:04 INFO  no build target found for C:\Users\USER\Desktop\TIENDAS SALES\motor_scala\Ranking.scala. Using presentation compiler with project's scala-library version: 3.3.7
2026.06.04 16:42:04 INFO  no build target found for C:\Users\USER\Desktop\TIENDAS SALES\motor_scala\Ranking.scala. Using presentation compiler with project's scala-library version: 3.3.7
2026.06.04 16:42:05 INFO  no build target found for C:\Users\USER\Desktop\TIENDAS SALES\motor_scala\Ranking.scala. Using presentation compiler with project's scala-library version: 3.3.7
2026.06.04 16:42:05 INFO  no build target found for C:\Users\USER\Desktop\TIENDAS SALES\motor_scala\Ranking.scala. Using presentation compiler with project's scala-library version: 3.3.7
2026.06.04 16:42:06 INFO  no build target found for C:\Users\USER\Desktop\TIENDAS SALES\motor_scala\Ranking.scala. Using presentation compiler with project's scala-library version: 3.3.7
2026.06.04 16:42:06 INFO  no build target found for C:\Users\USER\Desktop\TIENDAS SALES\motor_scala\Ranking.scala. Using presentation compiler with project's scala-library version: 3.3.7
2026.06.04 16:42:06 INFO  no build target found for C:\Users\USER\Desktop\TIENDAS SALES\motor_scala\Ranking.scala. Using presentation compiler with project's scala-library version: 3.3.7
2026.06.04 16:42:06 INFO  no build target found for C:\Users\USER\Desktop\TIENDAS SALES\motor_scala\Ranking.scala. Using presentation compiler with project's scala-library version: 3.3.7
2026.06.04 16:42:06 INFO  no build target found for C:\Users\USER\Desktop\TIENDAS SALES\motor_scala\Ranking.scala. Using presentation compiler with project's scala-library version: 3.3.7
2026.06.04 16:42:06 INFO  no build target found for C:\Users\USER\Desktop\TIENDAS SALES\motor_scala\Ranking.scala. Using presentation compiler with project's scala-library version: 3.3.7
2026.06.04 16:42:07 INFO  no build target found for C:\Users\USER\Desktop\TIENDAS SALES\motor_scala\Ranking.scala. Using presentation compiler with project's scala-library version: 3.3.7
2026.06.04 16:42:07 INFO  no build target found for C:\Users\USER\Desktop\TIENDAS SALES\motor_scala\Ranking.scala. Using presentation compiler with project's scala-library version: 3.3.7
2026.06.04 16:42:07 INFO  no build target found for C:\Users\USER\Desktop\TIENDAS SALES\motor_scala\Ranking.scala. Using presentation compiler with project's scala-library version: 3.3.7
2026.06.04 16:42:07 INFO  no build target found for C:\Users\USER\Desktop\TIENDAS SALES\motor_scala\Ranking.scala. Using presentation compiler with project's scala-library version: 3.3.7
2026.06.04 16:42:07 INFO  no build target found for C:\Users\USER\Desktop\TIENDAS SALES\motor_scala\Ranking.scala. Using presentation compiler with project's scala-library version: 3.3.7
2026.06.04 16:42:08 INFO  no build target found for C:\Users\USER\Desktop\TIENDAS SALES\motor_scala\Ranking.scala. Using presentation compiler with project's scala-library version: 3.3.7
2026.06.04 16:42:08 INFO  no build target found for C:\Users\USER\Desktop\TIENDAS SALES\motor_scala\Ranking.scala. Using presentation compiler with project's scala-library version: 3.3.7
2026.06.04 16:42:07 INFO  no build target found for C:\Users\USER\Desktop\TIENDAS SALES\motor_scala\Ranking.scala. Using presentation compiler with project's scala-library version: 3.3.7
2026.06.04 16:42:09 INFO  no build target found for C:\Users\USER\Desktop\TIENDAS SALES\motor_scala\Ranking.scala. Using presentation compiler with project's scala-library version: 3.3.7
2026.06.04 16:42:09 INFO  no build target found for C:\Users\USER\Desktop\TIENDAS SALES\motor_scala\Ranking.scala. Using presentation compiler with project's scala-library version: 3.3.7
2026.06.04 16:42:09 INFO  Created report: Optional[file:///C:/Users/USER/Desktop/TIENDAS%20SALES/motor_scala/Ranking.scala]
2026.06.04 16:42:09 INFO  empty definition using pc, found symbol in pc:  (full report at: "C:\Users\USER\Desktop\TIENDAS SALES\.metals\.reports\metals-full\2026-06-04\r_empty-definition_16-42-09-486.md")
2026.06.04 16:42:09 INFO  no build target found for C:\Users\USER\Desktop\TIENDAS SALES\motor_scala\Ranking.scala. Using presentation compiler with project's scala-library version: 3.3.7
2026.06.04 16:42:09 INFO  no build target found for C:\Users\USER\Desktop\TIENDAS SALES\motor_scala\Ranking.scala. Using presentation compiler with project's scala-library version: 3.3.7
2026.06.04 16:42:09 INFO  no build target found for C:\Users\USER\Desktop\TIENDAS SALES\motor_scala\Ranking.scala. Using presentation compiler with project's scala-library version: 3.3.7
2026.06.04 16:42:09 INFO  no build target found for C:\Users\USER\Desktop\TIENDAS SALES\motor_scala\Ranking.scala. Using presentation compiler with project's scala-library version: 3.3.7
2026.06.04 16:42:09 INFO  no build target found for C:\Users\USER\Desktop\TIENDAS SALES\motor_scala\Ranking.scala. Using presentation compiler with project's scala-library version: 3.3.7
2026.06.04 16:42:09 INFO  no build target found for C:\Users\USER\Desktop\TIENDAS SALES\motor_scala\Ranking.scala. Using presentation compiler with project's scala-library version: 3.3.7
2026.06.04 16:42:10 INFO  no build target found for C:\Users\USER\Desktop\TIENDAS SALES\motor_scala\Ranking.scala. Using presentation compiler with project's scala-library version: 3.3.7
2026.06.04 16:42:10 INFO  no build target found for C:\Users\USER\Desktop\TIENDAS SALES\motor_scala\Ranking.scala. Using presentation compiler with project's scala-library version: 3.3.7
2026.06.04 16:42:10 INFO  no build target found for C:\Users\USER\Desktop\TIENDAS SALES\motor_scala\Ranking.scala. Using presentation compiler with project's scala-library version: 3.3.7
2026.06.04 16:42:10 INFO  no build target found for C:\Users\USER\Desktop\TIENDAS SALES\motor_scala\Ranking.scala. Using presentation compiler with project's scala-library version: 3.3.7
2026.06.04 16:42:11 INFO  no build target found for C:\Users\USER\Desktop\TIENDAS SALES\motor_scala\Ranking.scala. Using presentation compiler with project's scala-library version: 3.3.7
2026.06.04 16:42:11 INFO  no build target found for C:\Users\USER\Desktop\TIENDAS SALES\motor_scala\Ranking.scala. Using presentation compiler with project's scala-library version: 3.3.7
2026.06.04 16:42:11 INFO  no build target found for C:\Users\USER\Desktop\TIENDAS SALES\motor_scala\Ranking.scala. Using presentation compiler with project's scala-library version: 3.3.7
2026.06.04 16:42:11 INFO  no build target found for C:\Users\USER\Desktop\TIENDAS SALES\motor_scala\Ranking.scala. Using presentation compiler with project's scala-library version: 3.3.7
2026.06.04 16:42:11 INFO  no build target found for C:\Users\USER\Desktop\TIENDAS SALES\motor_scala\Ranking.scala. Using presentation compiler with project's scala-library version: 3.3.7
2026.06.04 16:42:11 INFO  no build target found for C:\Users\USER\Desktop\TIENDAS SALES\motor_scala\Ranking.scala. Using presentation compiler with project's scala-library version: 3.3.7
2026.06.04 16:42:11 INFO  no build target found for C:\Users\USER\Desktop\TIENDAS SALES\motor_scala\Ranking.scala. Using presentation compiler with project's scala-library version: 3.3.7
2026.06.04 16:42:14 INFO  no build target found for C:\Users\USER\Desktop\TIENDAS SALES\motor_scala\Ranking.scala. Using presentation compiler with project's scala-library version: 3.3.7
2026.06.04 16:42:22 INFO  no build target found for C:\Users\USER\Desktop\TIENDAS SALES\motor_scala\Estadisticas.scala. Using presentation compiler with project's scala-library version: 3.3.7
2026.06.04 16:42:22 WARN  no build target for: C:\Users\USER\Desktop\TIENDAS SALES\motor_scala\Estadisticas.scala
2026.06.04 16:42:22 INFO  no build target found for C:\Users\USER\Desktop\TIENDAS SALES\motor_scala\Estadisticas.scala. Using presentation compiler with project's scala-library version: 3.3.7
2026.06.04 16:42:22 INFO  no build target found for C:\Users\USER\Desktop\TIENDAS SALES\motor_scala\Estadisticas.scala. Using presentation compiler with project's scala-library version: 3.3.7
2026.06.04 16:42:22 INFO  no build target found for C:\Users\USER\Desktop\TIENDAS SALES\motor_scala\Estadisticas.scala. Using presentation compiler with project's scala-library version: 3.3.7
2026.06.04 16:42:22 INFO  no build target found for C:\Users\USER\Desktop\TIENDAS SALES\motor_scala\Estadisticas.scala. Using presentation compiler with project's scala-library version: 3.3.7
2026.06.04 16:42:23 INFO  no build target found for C:\Users\USER\Desktop\TIENDAS SALES\motor_scala\Estadisticas.scala. Using presentation compiler with project's scala-library version: 3.3.7
2026.06.04 16:42:23 INFO  no build target found for C:\Users\USER\Desktop\TIENDAS SALES\motor_scala\Estadisticas.scala. Using presentation compiler with project's scala-library version: 3.3.7
2026.06.04 16:42:23 INFO  no build target found for C:\Users\USER\Desktop\TIENDAS SALES\motor_scala\Estadisticas.scala. Using presentation compiler with project's scala-library version: 3.3.7
2026.06.04 16:42:25 INFO  no build target found for C:\Users\USER\Desktop\TIENDAS SALES\motor_scala\Estadisticas.scala. Using presentation compiler with project's scala-library version: 3.3.7
2026.06.04 16:42:25 INFO  no build target found for C:\Users\USER\Desktop\TIENDAS SALES\motor_scala\Estadisticas.scala. Using presentation compiler with project's scala-library version: 3.3.7
2026.06.04 16:42:25 INFO  no build target found for C:\Users\USER\Desktop\TIENDAS SALES\motor_scala\Estadisticas.scala. Using presentation compiler with project's scala-library version: 3.3.7
2026.06.04 16:42:25 WARN  Could not find semantic tokens for: file:///C:/Users/USER/Desktop/TIENDAS%20SALES/motor_scala/Estadisticas.scala
2026.06.04 16:42:25 INFO  no build target found for C:\Users\USER\Desktop\TIENDAS SALES\motor_scala\Estadisticas.scala. Using presentation compiler with project's scala-library version: 3.3.7
2026.06.04 16:42:25 INFO  no build target found for C:\Users\USER\Desktop\TIENDAS SALES\motor_scala\Estadisticas.scala. Using presentation compiler with project's scala-library version: 3.3.7
2026.06.04 16:42:25 INFO  no build target found for C:\Users\USER\Desktop\TIENDAS SALES\motor_scala\Estadisticas.scala. Using presentation compiler with project's scala-library version: 3.3.7
2026.06.04 16:42:26 INFO  no build target found for C:\Users\USER\Desktop\TIENDAS SALES\motor_scala\Estadisticas.scala. Using presentation compiler with project's scala-library version: 3.3.7
2026.06.04 16:42:33 INFO  no build target found for C:\Users\USER\Desktop\TIENDAS SALES\motor_scala\Estadisticas.scala. Using presentation compiler with project's scala-library version: 3.3.7
2026.06.04 16:42:39 WARN  no build target for: C:\Users\USER\Desktop\TIENDAS SALES\motor_scala\Ranking.scala
2026.06.04 16:42:39 WARN  no build target for: C:\Users\USER\Desktop\TIENDAS SALES\motor_scala\Estadisticas.scala
2026.06.04 16:42:39 INFO  no build target found for C:\Users\USER\Desktop\TIENDAS SALES\motor_scala\Estadisticas.scala. Using presentation compiler with project's scala-library version: 3.3.7
2026.06.04 16:42:40 INFO  no build target found for C:\Users\USER\Desktop\TIENDAS SALES\motor_scala\Estadisticas.scala. Using presentation compiler with project's scala-library version: 3.3.7
2026.06.04 16:44:22 INFO  no build target found for C:\Users\USER\Desktop\TIENDAS SALES\motor_scala\Estadisticas.scala. Using presentation compiler with project's scala-library version: 3.3.7
jun. 04, 2026 4:46:46 P. M. org.eclipse.lsp4j.jsonrpc.services.GenericEndpoint notify
INFORMACIÓN: Unsupported notification method: $/setTrace
jun. 04, 2026 4:50:13 P. M. org.eclipse.lsp4j.jsonrpc.services.GenericEndpoint notify
INFORMACIÓN: Unsupported notification method: $/setTrace
2026.06.04 16:51:13 INFO  no build target found for C:\Users\USER\Desktop\TIENDAS SALES\motor_scala\Estadisticas.scala. Using presentation compiler with project's scala-library version: 3.3.7
2026.06.04 16:51:13 WARN  no build target for: C:\Users\USER\Desktop\TIENDAS SALES\motor_scala\Estadisticas.scala
2026.06.04 16:51:13 INFO  no build target found for C:\Users\USER\Desktop\TIENDAS SALES\motor_scala\Estadisticas.scala. Using presentation compiler with project's scala-library version: 3.3.7
2026.06.04 16:51:13 INFO  no build target found for C:\Users\USER\Desktop\TIENDAS SALES\motor_scala\Estadisticas.scala. Using presentation compiler with project's scala-library version: 3.3.7
2026.06.04 16:51:13 INFO  no build target found for C:\Users\USER\Desktop\TIENDAS SALES\motor_scala\Estadisticas.scala. Using presentation compiler with project's scala-library version: 3.3.7
2026.06.04 16:51:13 INFO  no build target found for C:\Users\USER\Desktop\TIENDAS SALES\motor_scala\Estadisticas.scala. Using presentation compiler with project's scala-library version: 3.3.7
2026.06.04 16:51:15 INFO  no build target found for C:\Users\USER\Desktop\TIENDAS SALES\motor_scala\Estadisticas.scala. Using presentation compiler with project's scala-library version: 3.3.7
2026.06.04 16:51:15 INFO  no build target found for C:\Users\USER\Desktop\TIENDAS SALES\motor_scala\Estadisticas.scala. Using presentation compiler with project's scala-library version: 3.3.7
2026.06.04 16:51:19 INFO  no build target found for C:\Users\USER\Desktop\TIENDAS SALES\motor_scala\Estadisticas.scala. Using presentation compiler with project's scala-library version: 3.3.7
2026.06.04 16:51:44 INFO  no build target found for C:\Users\USER\Desktop\TIENDAS SALES\motor_scala\Estadisticas.scala. Using presentation compiler with project's scala-library version: 3.3.7
2026.06.04 16:51:44 INFO  no build target found for C:\Users\USER\Desktop\TIENDAS SALES\motor_scala\Estadisticas.scala. Using presentation compiler with project's scala-library version: 3.3.7
2026.06.04 16:51:45 INFO  no build target found for C:\Users\USER\Desktop\TIENDAS SALES\motor_scala\Estadisticas.scala. Using presentation compiler with project's scala-library version: 3.3.7
2026.06.04 16:51:45 INFO  no build target found for C:\Users\USER\Desktop\TIENDAS SALES\motor_scala\Estadisticas.scala. Using presentation compiler with project's scala-library version: 3.3.7
2026.06.04 16:51:45 INFO  no build target found for C:\Users\USER\Desktop\TIENDAS SALES\motor_scala\Estadisticas.scala. Using presentation compiler with project's scala-library version: 3.3.7
2026.06.04 16:51:45 INFO  Created report: Optional[file:///C:/Users/USER/Desktop/TIENDAS%20SALES/motor_scala/Estadisticas.scala]
2026.06.04 16:51:45 INFO  empty definition using pc, found symbol in pc: scala/io/Source. (full report at: "C:\Users\USER\Desktop\TIENDAS SALES\.metals\.reports\metals-full\2026-06-04\r_empty-definition_16-51-45-560.md")
2026.06.04 16:51:45 INFO  no build target found for C:\Users\USER\Desktop\TIENDAS SALES\motor_scala\Estadisticas.scala. Using presentation compiler with project's scala-library version: 3.3.7
2026.06.04 16:51:45 INFO  no build target found for C:\Users\USER\Desktop\TIENDAS SALES\motor_scala\Estadisticas.scala. Using presentation compiler with project's scala-library version: 3.3.7
2026.06.04 16:51:45 INFO  no build target found for C:\Users\USER\Desktop\TIENDAS SALES\motor_scala\Estadisticas.scala. Using presentation compiler with project's scala-library version: 3.3.7
2026.06.04 16:51:57 INFO  no build target found for C:\Users\USER\Desktop\TIENDAS SALES\motor_scala\Ranking.scala. Using presentation compiler with project's scala-library version: 3.3.7
2026.06.04 16:51:57 WARN  no build target for: C:\Users\USER\Desktop\TIENDAS SALES\motor_scala\Ranking.scala
2026.06.04 16:51:57 INFO  no build target found for C:\Users\USER\Desktop\TIENDAS SALES\motor_scala\Ranking.scala. Using presentation compiler with project's scala-library version: 3.3.7
2026.06.04 16:51:57 INFO  no build target found for C:\Users\USER\Desktop\TIENDAS SALES\motor_scala\Ranking.scala. Using presentation compiler with project's scala-library version: 3.3.7
2026.06.04 16:51:59 INFO  no build target found for C:\Users\USER\Desktop\TIENDAS SALES\motor_scala\Ranking.scala. Using presentation compiler with project's scala-library version: 3.3.7
2026.06.04 16:51:59 INFO  no build target found for C:\Users\USER\Desktop\TIENDAS SALES\motor_scala\Ranking.scala. Using presentation compiler with project's scala-library version: 3.3.7
2026.06.04 16:51:59 INFO  no build target found for C:\Users\USER\Desktop\TIENDAS SALES\motor_scala\Ranking.scala. Using presentation compiler with project's scala-library version: 3.3.7
2026.06.04 16:51:59 INFO  no build target found for C:\Users\USER\Desktop\TIENDAS SALES\motor_scala\Ranking.scala. Using presentation compiler with project's scala-library version: 3.3.7
2026.06.04 16:51:59 INFO  no build target found for C:\Users\USER\Desktop\TIENDAS SALES\motor_scala\Ranking.scala. Using presentation compiler with project's scala-library version: 3.3.7
2026.06.04 16:51:59 INFO  no build target found for C:\Users\USER\Desktop\TIENDAS SALES\motor_scala\Ranking.scala. Using presentation compiler with project's scala-library version: 3.3.7
2026.06.04 16:52:00 WARN  Running javac-semanticdb failed for jar:file:///C:/Program%20Files/Eclipse%20Adoptium/jdk-8.0.492.9-hotspot/src.zip!/java/lang/String.java. Output:

2026.06.04 16:52:00 WARN  Using H2 2.4.240 which is newer than the version Flyway has been verified with. The latest verified version of H2 is 2.3.232.
2026.06.04 16:52:00 INFO  no build target found for /java/lang/String.java. Using fallback presentation compiler.
2026.06.04 16:52:00 WARN  Running javac-semanticdb failed for jar:file:///C:/Program%20Files/Eclipse%20Adoptium/jdk-8.0.492.9-hotspot/src.zip!/java/lang/String.java. Output:

2026.06.04 16:55:04 INFO  no build target found for C:\Users\USER\Desktop\TIENDAS SALES\motor_scala\Estadisticas.scala. Using presentation compiler with project's scala-library version: 3.3.7
2026.06.04 16:55:04 WARN  no build target for: C:\Users\USER\Desktop\TIENDAS SALES\motor_scala\Estadisticas.scala
2026.06.04 16:55:04 INFO  no build target found for C:\Users\USER\Desktop\TIENDAS SALES\motor_scala\Estadisticas.scala. Using presentation compiler with project's scala-library version: 3.3.7
2026.06.04 16:55:04 INFO  no build target found for C:\Users\USER\Desktop\TIENDAS SALES\motor_scala\Estadisticas.scala. Using presentation compiler with project's scala-library version: 3.3.7
2026.06.04 16:55:04 INFO  no build target found for C:\Users\USER\Desktop\TIENDAS SALES\motor_scala\Estadisticas.scala. Using presentation compiler with project's scala-library version: 3.3.7
2026.06.04 16:55:05 INFO  no build target found for C:\Users\USER\Desktop\TIENDAS SALES\motor_scala\Estadisticas.scala. Using presentation compiler with project's scala-library version: 3.3.7
2026.06.04 16:55:11 INFO  no build target found for C:\Users\USER\Desktop\TIENDAS SALES\motor_scala\Ranking.scala. Using presentation compiler with project's scala-library version: 3.3.7
2026.06.04 16:55:11 WARN  no build target for: C:\Users\USER\Desktop\TIENDAS SALES\motor_scala\Ranking.scala
2026.06.04 16:55:11 INFO  no build target found for C:\Users\USER\Desktop\TIENDAS SALES\motor_scala\Ranking.scala. Using presentation compiler with project's scala-library version: 3.3.7
2026.06.04 16:55:11 INFO  no build target found for C:\Users\USER\Desktop\TIENDAS SALES\motor_scala\Ranking.scala. Using presentation compiler with project's scala-library version: 3.3.7
2026.06.04 16:55:11 INFO  no build target found for C:\Users\USER\Desktop\TIENDAS SALES\motor_scala\Ranking.scala. Using presentation compiler with project's scala-library version: 3.3.7
2026.06.04 16:55:22 INFO  no build target found for C:\Users\USER\Desktop\TIENDAS SALES\motor_scala\Ranking.scala. Using presentation compiler with project's scala-library version: 3.3.7
2026.06.04 16:55:22 INFO  no build target found for C:\Users\USER\Desktop\TIENDAS SALES\motor_scala\Ranking.scala. Using presentation compiler with project's scala-library version: 3.3.7
2026.06.04 16:55:22 INFO  no build target found for C:\Users\USER\Desktop\TIENDAS SALES\motor_scala\Ranking.scala. Using presentation compiler with project's scala-library version: 3.3.7
2026.06.04 16:55:22 INFO  no build target found for C:\Users\USER\Desktop\TIENDAS SALES\motor_scala\Ranking.scala. Using presentation compiler with project's scala-library version: 3.3.7
2026.06.04 16:55:24 INFO  no build target found for C:\Users\USER\Desktop\TIENDAS SALES\motor_scala\Ranking.scala. Using presentation compiler with project's scala-library version: 3.3.7
2026.06.04 16:55:25 INFO  no build target found for C:\Users\USER\Desktop\TIENDAS SALES\motor_scala\Ranking.scala. Using presentation compiler with project's scala-library version: 3.3.7
2026.06.04 16:55:25 INFO  no build target found for C:\Users\USER\Desktop\TIENDAS SALES\motor_scala\Ranking.scala. Using presentation compiler with project's scala-library version: 3.3.7
2026.06.04 16:55:25 INFO  no build target found for C:\Users\USER\Desktop\TIENDAS SALES\motor_scala\Ranking.scala. Using presentation compiler with project's scala-library version: 3.3.7
2026.06.04 16:55:26 INFO  no build target found for C:\Users\USER\Desktop\TIENDAS SALES\motor_scala\Ranking.scala. Using presentation compiler with project's scala-library version: 3.3.7
2026.06.04 16:55:25 INFO  no build target found for C:\Users\USER\Desktop\TIENDAS SALES\motor_scala\Ranking.scala. Using presentation compiler with project's scala-library version: 3.3.7
2026.06.04 16:55:26 INFO  no build target found for C:\Users\USER\Desktop\TIENDAS SALES\motor_scala\Ranking.scala. Using presentation compiler with project's scala-library version: 3.3.7
2026.06.04 16:55:27 INFO  no build target found for C:\Users\USER\Desktop\TIENDAS SALES\motor_scala\Ranking.scala. Using presentation compiler with project's scala-library version: 3.3.7
2026.06.04 16:55:48 INFO  no build target found for C:\Users\USER\Desktop\TIENDAS SALES\motor_scala\Ranking.scala. Using presentation compiler with project's scala-library version: 3.3.7
2026.06.04 16:55:50 WARN  no build target for: C:\Users\USER\Desktop\TIENDAS SALES\motor_scala\Ranking.scala
2026.06.04 16:55:50 INFO  no build target found for C:\Users\USER\Desktop\TIENDAS SALES\motor_scala\Ranking.scala. Using presentation compiler with project's scala-library version: 3.3.7
2026.06.04 16:55:54 INFO  no build target found for C:\Users\USER\Desktop\TIENDAS SALES\motor_scala\Ranking.scala. Using presentation compiler with project's scala-library version: 3.3.7
jun. 04, 2026 4:58:04 P. M. org.eclipse.lsp4j.jsonrpc.services.GenericEndpoint notify
INFORMACIÓN: Unsupported notification method: $/setTrace
2026.06.04 17:02:34 INFO  no build target found for C:\Users\USER\Desktop\TIENDAS SALES\motor_scala\Ranking.scala. Using presentation compiler with project's scala-library version: 3.3.7
2026.06.04 17:02:34 WARN  no build target for: C:\Users\USER\Desktop\TIENDAS SALES\motor_scala\Ranking.scala
2026.06.04 17:02:34 INFO  no build target found for C:\Users\USER\Desktop\TIENDAS SALES\motor_scala\Ranking.scala. Using presentation compiler with project's scala-library version: 3.3.7
2026.06.04 17:02:34 INFO  no build target found for C:\Users\USER\Desktop\TIENDAS SALES\motor_scala\Ranking.scala. Using presentation compiler with project's scala-library version: 3.3.7
2026.06.04 17:02:34 INFO  no build target found for C:\Users\USER\Desktop\TIENDAS SALES\motor_scala\Ranking.scala. Using presentation compiler with project's scala-library version: 3.3.7
2026.06.04 17:02:34 INFO  no build target found for C:\Users\USER\Desktop\TIENDAS SALES\motor_scala\Ranking.scala. Using presentation compiler with project's scala-library version: 3.3.7
2026.06.04 17:02:34 INFO  no build target found for C:\Users\USER\Desktop\TIENDAS SALES\motor_scala\Ranking.scala. Using presentation compiler with project's scala-library version: 3.3.7
2026.06.04 17:02:36 INFO  no build target found for C:\Users\USER\Desktop\TIENDAS SALES\motor_scala\Ranking.scala. Using presentation compiler with project's scala-library version: 3.3.7
2026.06.04 17:02:36 INFO  no build target found for C:\Users\USER\Desktop\TIENDAS SALES\motor_scala\Ranking.scala. Using presentation compiler with project's scala-library version: 3.3.7
2026.06.04 17:02:36 INFO  no build target found for C:\Users\USER\Desktop\TIENDAS SALES\motor_scala\Ranking.scala. Using presentation compiler with project's scala-library version: 3.3.7
2026.06.04 17:02:37 INFO  no build target found for C:\Users\USER\Desktop\TIENDAS SALES\motor_scala\Ranking.scala. Using presentation compiler with project's scala-library version: 3.3.7
2026.06.04 17:02:38 INFO  no build target found for C:\Users\USER\Desktop\TIENDAS SALES\motor_scala\Ranking.scala. Using presentation compiler with project's scala-library version: 3.3.7
2026.06.04 17:02:37 INFO  no build target found for C:\Users\USER\Desktop\TIENDAS SALES\motor_scala\Ranking.scala. Using presentation compiler with project's scala-library version: 3.3.7
2026.06.04 17:02:38 INFO  no build target found for C:\Users\USER\Desktop\TIENDAS SALES\motor_scala\Ranking.scala. Using presentation compiler with project's scala-library version: 3.3.7
2026.06.04 17:02:38 INFO  no build target found for C:\Users\USER\Desktop\TIENDAS SALES\motor_scala\Ranking.scala. Using presentation compiler with project's scala-library version: 3.3.7
2026.06.04 17:02:37 INFO  no build target found for C:\Users\USER\Desktop\TIENDAS SALES\motor_scala\Ranking.scala. Using presentation compiler with project's scala-library version: 3.3.7
2026.06.04 17:02:38 INFO  no build target found for C:\Users\USER\Desktop\TIENDAS SALES\motor_scala\Ranking.scala. Using presentation compiler with project's scala-library version: 3.3.7
2026.06.04 17:02:38 INFO  no build target found for C:\Users\USER\Desktop\TIENDAS SALES\motor_scala\Ranking.scala. Using presentation compiler with project's scala-library version: 3.3.7
2026.06.04 17:02:38 INFO  no build target found for C:\Users\USER\Desktop\TIENDAS SALES\motor_scala\Ranking.scala. Using presentation compiler with project's scala-library version: 3.3.7
2026.06.04 17:02:38 INFO  no build target found for C:\Users\USER\Desktop\TIENDAS SALES\motor_scala\Ranking.scala. Using presentation compiler with project's scala-library version: 3.3.7
2026.06.04 17:02:38 INFO  no build target found for C:\Users\USER\Desktop\TIENDAS SALES\motor_scala\Ranking.scala. Using presentation compiler with project's scala-library version: 3.3.7
2026.06.04 17:02:39 INFO  no build target found for C:\Users\USER\Desktop\TIENDAS SALES\motor_scala\Ranking.scala. Using presentation compiler with project's scala-library version: 3.3.7
2026.06.04 17:02:42 INFO  no build target found for C:\Users\USER\Desktop\TIENDAS SALES\motor_scala\Ranking.scala. Using presentation compiler with project's scala-library version: 3.3.7
2026.06.04 17:02:42 INFO  no build target found for C:\Users\USER\Desktop\TIENDAS SALES\motor_scala\Ranking.scala. Using presentation compiler with project's scala-library version: 3.3.7
2026.06.04 17:02:43 INFO  no build target found for C:\Users\USER\Desktop\TIENDAS SALES\motor_scala\Ranking.scala. Using presentation compiler with project's scala-library version: 3.3.7
2026.06.04 17:02:43 INFO  Created report: Optional[file:///C:/Users/USER/Desktop/TIENDAS%20SALES/motor_scala/Ranking.scala]
2026.06.04 17:02:43 INFO  empty definition using pc, found symbol in pc:  (full report at: "C:\Users\USER\Desktop\TIENDAS SALES\.metals\.reports\metals-full\2026-06-04\r_empty-definition_17-02-43-139.md")
2026.06.04 17:03:04 INFO  no build target found for C:\Users\USER\Desktop\TIENDAS SALES\motor_scala\Estadisticas.scala. Using presentation compiler with project's scala-library version: 3.3.7
2026.06.04 17:03:04 WARN  no build target for: C:\Users\USER\Desktop\TIENDAS SALES\motor_scala\Estadisticas.scala
2026.06.04 17:03:04 INFO  no build target found for C:\Users\USER\Desktop\TIENDAS SALES\motor_scala\Estadisticas.scala. Using presentation compiler with project's scala-library version: 3.3.7
2026.06.04 17:03:04 INFO  no build target found for C:\Users\USER\Desktop\TIENDAS SALES\motor_scala\Estadisticas.scala. Using presentation compiler with project's scala-library version: 3.3.7
2026.06.04 17:03:04 INFO  no build target found for C:\Users\USER\Desktop\TIENDAS SALES\motor_scala\Estadisticas.scala. Using presentation compiler with project's scala-library version: 3.3.7
2026.06.04 17:03:05 INFO  no build target found for C:\Users\USER\Desktop\TIENDAS SALES\motor_scala\Estadisticas.scala. Using presentation compiler with project's scala-library version: 3.3.7
2026.06.04 17:03:06 INFO  no build target found for C:\Users\USER\Desktop\TIENDAS SALES\motor_scala\Estadisticas.scala. Using presentation compiler with project's scala-library version: 3.3.7
2026.06.04 17:03:06 INFO  no build target found for C:\Users\USER\Desktop\TIENDAS SALES\motor_scala\Estadisticas.scala. Using presentation compiler with project's scala-library version: 3.3.7
2026.06.04 17:03:07 INFO  no build target found for C:\Users\USER\Desktop\TIENDAS SALES\motor_scala\Estadisticas.scala. Using presentation compiler with project's scala-library version: 3.3.7
2026.06.04 17:03:07 INFO  no build target found for C:\Users\USER\Desktop\TIENDAS SALES\motor_scala\Estadisticas.scala. Using presentation compiler with project's scala-library version: 3.3.7
2026.06.04 17:03:58 INFO  no build target found for C:\Users\USER\Desktop\TIENDAS SALES\motor_scala\Estadisticas.scala. Using presentation compiler with project's scala-library version: 3.3.7
2026.06.04 17:03:58 WARN  no build target for: C:\Users\USER\Desktop\TIENDAS SALES\motor_scala\Estadisticas.scala
2026.06.04 17:03:58 INFO  no build target found for C:\Users\USER\Desktop\TIENDAS SALES\motor_scala\Estadisticas.scala. Using presentation compiler with project's scala-library version: 3.3.7
2026.06.04 17:03:58 INFO  no build target found for C:\Users\USER\Desktop\TIENDAS SALES\motor_scala\Estadisticas.scala. Using presentation compiler with project's scala-library version: 3.3.7
2026.06.04 17:03:58 INFO  no build target found for C:\Users\USER\Desktop\TIENDAS SALES\motor_scala\Estadisticas.scala. Using presentation compiler with project's scala-library version: 3.3.7
2026.06.04 17:04:08 INFO  no build target found for C:\Users\USER\Desktop\TIENDAS SALES\motor_scala\Estadisticas.scala. Using presentation compiler with project's scala-library version: 3.3.7
2026.06.04 17:04:09 INFO  no build target found for C:\Users\USER\Desktop\TIENDAS SALES\motor_scala\Ranking.scala. Using presentation compiler with project's scala-library version: 3.3.7
2026.06.04 17:04:09 WARN  no build target for: C:\Users\USER\Desktop\TIENDAS SALES\motor_scala\Ranking.scala
2026.06.04 17:04:09 INFO  no build target found for C:\Users\USER\Desktop\TIENDAS SALES\motor_scala\Ranking.scala. Using presentation compiler with project's scala-library version: 3.3.7
2026.06.04 17:04:09 INFO  no build target found for C:\Users\USER\Desktop\TIENDAS SALES\motor_scala\Ranking.scala. Using presentation compiler with project's scala-library version: 3.3.7
2026.06.04 17:04:09 INFO  no build target found for C:\Users\USER\Desktop\TIENDAS SALES\motor_scala\Ranking.scala. Using presentation compiler with project's scala-library version: 3.3.7
2026.06.04 17:04:09 INFO  no build target found for C:\Users\USER\Desktop\TIENDAS SALES\motor_scala\Ranking.scala. Using presentation compiler with project's scala-library version: 3.3.7
2026.06.04 17:04:11 INFO  no build target found for C:\Users\USER\Desktop\TIENDAS SALES\motor_scala\Ranking.scala. Using presentation compiler with project's scala-library version: 3.3.7
2026.06.04 17:04:11 INFO  no build target found for C:\Users\USER\Desktop\TIENDAS SALES\motor_scala\Ranking.scala. Using presentation compiler with project's scala-library version: 3.3.7
2026.06.04 17:04:12 INFO  no build target found for C:\Users\USER\Desktop\TIENDAS SALES\motor_scala\Ranking.scala. Using presentation compiler with project's scala-library version: 3.3.7
2026.06.04 17:04:13 INFO  no build target found for C:\Users\USER\Desktop\TIENDAS SALES\motor_scala\Ranking.scala. Using presentation compiler with project's scala-library version: 3.3.7
2026.06.04 17:04:13 INFO  no build target found for C:\Users\USER\Desktop\TIENDAS SALES\motor_scala\Ranking.scala. Using presentation compiler with project's scala-library version: 3.3.7
2026.06.04 17:04:15 INFO  no build target found for C:\Users\USER\Desktop\TIENDAS SALES\motor_scala\Ranking.scala. Using presentation compiler with project's scala-library version: 3.3.7
2026.06.04 17:04:15 INFO  no build target found for C:\Users\USER\Desktop\TIENDAS SALES\motor_scala\Ranking.scala. Using presentation compiler with project's scala-library version: 3.3.7
2026.06.04 17:04:15 INFO  no build target found for C:\Users\USER\Desktop\TIENDAS SALES\motor_scala\Ranking.scala. Using presentation compiler with project's scala-library version: 3.3.7
2026.06.04 17:04:15 INFO  no build target found for C:\Users\USER\Desktop\TIENDAS SALES\motor_scala\Ranking.scala. Using presentation compiler with project's scala-library version: 3.3.7
2026.06.04 17:04:15 INFO  no build target found for C:\Users\USER\Desktop\TIENDAS SALES\motor_scala\Ranking.scala. Using presentation compiler with project's scala-library version: 3.3.7
2026.06.04 17:04:15 INFO  no build target found for C:\Users\USER\Desktop\TIENDAS SALES\motor_scala\Ranking.scala. Using presentation compiler with project's scala-library version: 3.3.7
2026.06.04 17:04:20 WARN  no build target for: C:\Users\USER\Desktop\TIENDAS SALES\motor_scala\Ranking.scala
2026.06.04 17:04:20 INFO  no build target found for C:\Users\USER\Desktop\TIENDAS SALES\motor_scala\Ranking.scala. Using presentation compiler with project's scala-library version: 3.3.7
2026.06.04 17:04:37 INFO  no build target found for C:\Users\USER\Desktop\TIENDAS SALES\motor_scala\Estadisticas.scala. Using presentation compiler with project's scala-library version: 3.3.7
2026.06.04 17:04:37 WARN  no build target for: C:\Users\USER\Desktop\TIENDAS SALES\motor_scala\Estadisticas.scala
2026.06.04 17:04:37 INFO  no build target found for C:\Users\USER\Desktop\TIENDAS SALES\motor_scala\Estadisticas.scala. Using presentation compiler with project's scala-library version: 3.3.7
2026.06.04 17:04:37 INFO  no build target found for C:\Users\USER\Desktop\TIENDAS SALES\motor_scala\Estadisticas.scala. Using presentation compiler with project's scala-library version: 3.3.7
2026.06.04 17:04:37 INFO  no build target found for C:\Users\USER\Desktop\TIENDAS SALES\motor_scala\Estadisticas.scala. Using presentation compiler with project's scala-library version: 3.3.7
2026.06.04 17:04:38 INFO  no build target found for C:\Users\USER\Desktop\TIENDAS SALES\motor_scala\Estadisticas.scala. Using presentation compiler with project's scala-library version: 3.3.7
2026.06.04 17:04:38 INFO  no build target found for C:\Users\USER\Desktop\TIENDAS SALES\motor_scala\Estadisticas.scala. Using presentation compiler with project's scala-library version: 3.3.7
2026.06.04 17:04:38 INFO  no build target found for C:\Users\USER\Desktop\TIENDAS SALES\motor_scala\Estadisticas.scala. Using presentation compiler with project's scala-library version: 3.3.7
2026.06.04 17:04:38 INFO  no build target found for C:\Users\USER\Desktop\TIENDAS SALES\motor_scala\Estadisticas.scala. Using presentation compiler with project's scala-library version: 3.3.7
2026.06.04 17:04:40 INFO  no build target found for C:\Users\USER\Desktop\TIENDAS SALES\motor_scala\Estadisticas.scala. Using presentation compiler with project's scala-library version: 3.3.7
2026.06.04 17:04:40 INFO  no build target found for C:\Users\USER\Desktop\TIENDAS SALES\motor_scala\Estadisticas.scala. Using presentation compiler with project's scala-library version: 3.3.7
2026.06.04 17:04:41 INFO  no build target found for C:\Users\USER\Desktop\TIENDAS SALES\motor_scala\Estadisticas.scala. Using presentation compiler with project's scala-library version: 3.3.7
2026.06.04 17:04:41 INFO  no build target found for C:\Users\USER\Desktop\TIENDAS SALES\motor_scala\Estadisticas.scala. Using presentation compiler with project's scala-library version: 3.3.7
2026.06.04 17:04:41 INFO  no build target found for C:\Users\USER\Desktop\TIENDAS SALES\motor_scala\Estadisticas.scala. Using presentation compiler with project's scala-library version: 3.3.7
2026.06.04 17:04:41 INFO  no build target found for C:\Users\USER\Desktop\TIENDAS SALES\motor_scala\Estadisticas.scala. Using presentation compiler with project's scala-library version: 3.3.7
2026.06.04 17:04:41 INFO  no build target found for C:\Users\USER\Desktop\TIENDAS SALES\motor_scala\Estadisticas.scala. Using presentation compiler with project's scala-library version: 3.3.7
2026.06.04 17:04:42 INFO  no build target found for C:\Users\USER\Desktop\TIENDAS SALES\motor_scala\Estadisticas.scala. Using presentation compiler with project's scala-library version: 3.3.7
2026.06.04 17:04:42 INFO  no build target found for C:\Users\USER\Desktop\TIENDAS SALES\motor_scala\Estadisticas.scala. Using presentation compiler with project's scala-library version: 3.3.7
2026.06.04 17:04:42 INFO  no build target found for C:\Users\USER\Desktop\TIENDAS SALES\motor_scala\Estadisticas.scala. Using presentation compiler with project's scala-library version: 3.3.7
2026.06.04 17:04:42 INFO  no build target found for C:\Users\USER\Desktop\TIENDAS SALES\motor_scala\Estadisticas.scala. Using presentation compiler with project's scala-library version: 3.3.7
2026.06.04 17:04:43 INFO  no build target found for C:\Users\USER\Desktop\TIENDAS SALES\motor_scala\Estadisticas.scala. Using presentation compiler with project's scala-library version: 3.3.7
2026.06.04 17:04:43 INFO  no build target found for C:\Users\USER\Desktop\TIENDAS SALES\motor_scala\Estadisticas.scala. Using presentation compiler with project's scala-library version: 3.3.7
2026.06.04 17:04:43 INFO  no build target found for C:\Users\USER\Desktop\TIENDAS SALES\motor_scala\Estadisticas.scala. Using presentation compiler with project's scala-library version: 3.3.7
2026.06.04 17:04:43 INFO  no build target found for C:\Users\USER\Desktop\TIENDAS SALES\motor_scala\Estadisticas.scala. Using presentation compiler with project's scala-library version: 3.3.7
2026.06.04 17:04:43 INFO  no build target found for C:\Users\USER\Desktop\TIENDAS SALES\motor_scala\Estadisticas.scala. Using presentation compiler with project's scala-library version: 3.3.7
2026.06.04 17:04:44 INFO  no build target found for C:\Users\USER\Desktop\TIENDAS SALES\motor_scala\Estadisticas.scala. Using presentation compiler with project's scala-library version: 3.3.7
2026.06.04 17:04:44 INFO  no build target found for C:\Users\USER\Desktop\TIENDAS SALES\motor_scala\Estadisticas.scala. Using presentation compiler with project's scala-library version: 3.3.7
2026.06.04 17:04:44 INFO  no build target found for C:\Users\USER\Desktop\TIENDAS SALES\motor_scala\Estadisticas.scala. Using presentation compiler with project's scala-library version: 3.3.7
2026.06.04 17:04:44 INFO  no build target found for C:\Users\USER\Desktop\TIENDAS SALES\motor_scala\Estadisticas.scala. Using presentation compiler with project's scala-library version: 3.3.7
2026.06.04 17:04:44 INFO  no build target found for C:\Users\USER\Desktop\TIENDAS SALES\motor_scala\Estadisticas.scala. Using presentation compiler with project's scala-library version: 3.3.7
2026.06.04 17:04:45 INFO  no build target found for C:\Users\USER\Desktop\TIENDAS SALES\motor_scala\Estadisticas.scala. Using presentation compiler with project's scala-library version: 3.3.7
2026.06.04 17:04:45 INFO  no build target found for C:\Users\USER\Desktop\TIENDAS SALES\motor_scala\Estadisticas.scala. Using presentation compiler with project's scala-library version: 3.3.7
2026.06.04 17:04:45 INFO  no build target found for C:\Users\USER\Desktop\TIENDAS SALES\motor_scala\Estadisticas.scala. Using presentation compiler with project's scala-library version: 3.3.7
2026.06.04 17:04:46 INFO  no build target found for C:\Users\USER\Desktop\TIENDAS SALES\motor_scala\Estadisticas.scala. Using presentation compiler with project's scala-library version: 3.3.7
2026.06.04 17:04:46 INFO  no build target found for C:\Users\USER\Desktop\TIENDAS SALES\motor_scala\Estadisticas.scala. Using presentation compiler with project's scala-library version: 3.3.7
2026.06.04 17:04:45 INFO  no build target found for C:\Users\USER\Desktop\TIENDAS SALES\motor_scala\Estadisticas.scala. Using presentation compiler with project's scala-library version: 3.3.7
2026.06.04 17:04:45 INFO  no build target found for C:\Users\USER\Desktop\TIENDAS SALES\motor_scala\Estadisticas.scala. Using presentation compiler with project's scala-library version: 3.3.7
2026.06.04 17:04:46 INFO  no build target found for C:\Users\USER\Desktop\TIENDAS SALES\motor_scala\Estadisticas.scala. Using presentation compiler with project's scala-library version: 3.3.7
2026.06.04 17:04:45 INFO  no build target found for C:\Users\USER\Desktop\TIENDAS SALES\motor_scala\Estadisticas.scala. Using presentation compiler with project's scala-library version: 3.3.7
2026.06.04 17:04:45 INFO  no build target found for C:\Users\USER\Desktop\TIENDAS SALES\motor_scala\Estadisticas.scala. Using presentation compiler with project's scala-library version: 3.3.7
2026.06.04 17:04:46 INFO  no build target found for C:\Users\USER\Desktop\TIENDAS SALES\motor_scala\Estadisticas.scala. Using presentation compiler with project's scala-library version: 3.3.7
2026.06.04 17:04:50 INFO  no build target found for C:\Users\USER\Desktop\TIENDAS SALES\motor_scala\Estadisticas.scala. Using presentation compiler with project's scala-library version: 3.3.7
2026.06.04 17:04:50 INFO  no build target found for C:\Users\USER\Desktop\TIENDAS SALES\motor_scala\Estadisticas.scala. Using presentation compiler with project's scala-library version: 3.3.7
2026.06.04 17:04:51 INFO  no build target found for C:\Users\USER\Desktop\TIENDAS SALES\motor_scala\Estadisticas.scala. Using presentation compiler with project's scala-library version: 3.3.7
2026.06.04 17:04:52 INFO  no build target found for C:\Users\USER\Desktop\TIENDAS SALES\motor_scala\Estadisticas.scala. Using presentation compiler with project's scala-library version: 3.3.7
2026.06.04 17:04:51 INFO  no build target found for C:\Users\USER\Desktop\TIENDAS SALES\motor_scala\Estadisticas.scala. Using presentation compiler with project's scala-library version: 3.3.7
2026.06.04 17:04:51 INFO  no build target found for C:\Users\USER\Desktop\TIENDAS SALES\motor_scala\Estadisticas.scala. Using presentation compiler with project's scala-library version: 3.3.7
2026.06.04 17:04:52 INFO  no build target found for C:\Users\USER\Desktop\TIENDAS SALES\motor_scala\Estadisticas.scala. Using presentation compiler with project's scala-library version: 3.3.7
2026.06.04 17:04:51 INFO  no build target found for C:\Users\USER\Desktop\TIENDAS SALES\motor_scala\Estadisticas.scala. Using presentation compiler with project's scala-library version: 3.3.7
2026.06.04 17:04:51 INFO  no build target found for C:\Users\USER\Desktop\TIENDAS SALES\motor_scala\Estadisticas.scala. Using presentation compiler with project's scala-library version: 3.3.7
2026.06.04 17:04:52 INFO  no build target found for C:\Users\USER\Desktop\TIENDAS SALES\motor_scala\Estadisticas.scala. Using presentation compiler with project's scala-library version: 3.3.7
2026.06.04 17:04:52 INFO  no build target found for C:\Users\USER\Desktop\TIENDAS SALES\motor_scala\Estadisticas.scala. Using presentation compiler with project's scala-library version: 3.3.7
2026.06.04 17:04:53 INFO  no build target found for C:\Users\USER\Desktop\TIENDAS SALES\motor_scala\Estadisticas.scala. Using presentation compiler with project's scala-library version: 3.3.7
2026.06.04 17:04:52 INFO  no build target found for C:\Users\USER\Desktop\TIENDAS SALES\motor_scala\Estadisticas.scala. Using presentation compiler with project's scala-library version: 3.3.7
2026.06.04 17:04:52 INFO  no build target found for C:\Users\USER\Desktop\TIENDAS SALES\motor_scala\Estadisticas.scala. Using presentation compiler with project's scala-library version: 3.3.7
2026.06.04 17:04:52 INFO  no build target found for C:\Users\USER\Desktop\TIENDAS SALES\motor_scala\Estadisticas.scala. Using presentation compiler with project's scala-library version: 3.3.7
2026.06.04 17:04:53 INFO  no build target found for C:\Users\USER\Desktop\TIENDAS SALES\motor_scala\Estadisticas.scala. Using presentation compiler with project's scala-library version: 3.3.7
2026.06.04 17:04:53 INFO  no build target found for C:\Users\USER\Desktop\TIENDAS SALES\motor_scala\Estadisticas.scala. Using presentation compiler with project's scala-library version: 3.3.7
2026.06.04 17:04:52 INFO  no build target found for C:\Users\USER\Desktop\TIENDAS SALES\motor_scala\Estadisticas.scala. Using presentation compiler with project's scala-library version: 3.3.7
2026.06.04 17:04:52 INFO  no build target found for C:\Users\USER\Desktop\TIENDAS SALES\motor_scala\Estadisticas.scala. Using presentation compiler with project's scala-library version: 3.3.7
2026.06.04 17:04:53 INFO  no build target found for C:\Users\USER\Desktop\TIENDAS SALES\motor_scala\Estadisticas.scala. Using presentation compiler with project's scala-library version: 3.3.7
2026.06.04 17:04:54 INFO  no build target found for C:\Users\USER\Desktop\TIENDAS SALES\motor_scala\Estadisticas.scala. Using presentation compiler with project's scala-library version: 3.3.7
2026.06.04 17:04:54 INFO  no build target found for C:\Users\USER\Desktop\TIENDAS SALES\motor_scala\Estadisticas.scala. Using presentation compiler with project's scala-library version: 3.3.7
2026.06.04 17:04:54 INFO  no build target found for C:\Users\USER\Desktop\TIENDAS SALES\motor_scala\Estadisticas.scala. Using presentation compiler with project's scala-library version: 3.3.7
2026.06.04 17:04:54 INFO  no build target found for C:\Users\USER\Desktop\TIENDAS SALES\motor_scala\Estadisticas.scala. Using presentation compiler with project's scala-library version: 3.3.7
2026.06.04 17:04:53 INFO  no build target found for C:\Users\USER\Desktop\TIENDAS SALES\motor_scala\Estadisticas.scala. Using presentation compiler with project's scala-library version: 3.3.7
2026.06.04 17:04:54 INFO  no build target found for C:\Users\USER\Desktop\TIENDAS SALES\motor_scala\Estadisticas.scala. Using presentation compiler with project's scala-library version: 3.3.7
2026.06.04 17:04:56 INFO  no build target found for C:\Users\USER\Desktop\TIENDAS SALES\motor_scala\Estadisticas.scala. Using presentation compiler with project's scala-library version: 3.3.7
2026.06.04 17:04:56 INFO  no build target found for C:\Users\USER\Desktop\TIENDAS SALES\motor_scala\Estadisticas.scala. Using presentation compiler with project's scala-library version: 3.3.7
2026.06.04 17:04:56 INFO  no build target found for C:\Users\USER\Desktop\TIENDAS SALES\motor_scala\Estadisticas.scala. Using presentation compiler with project's scala-library version: 3.3.7
2026.06.04 17:04:56 INFO  no build target found for C:\Users\USER\Desktop\TIENDAS SALES\motor_scala\Estadisticas.scala. Using presentation compiler with project's scala-library version: 3.3.7
2026.06.04 17:04:57 INFO  no build target found for C:\Users\USER\Desktop\TIENDAS SALES\motor_scala\Estadisticas.scala. Using presentation compiler with project's scala-library version: 3.3.7
2026.06.04 17:04:57 INFO  no build target found for C:\Users\USER\Desktop\TIENDAS SALES\motor_scala\Estadisticas.scala. Using presentation compiler with project's scala-library version: 3.3.7
2026.06.04 17:04:58 INFO  no build target found for C:\Users\USER\Desktop\TIENDAS SALES\motor_scala\Estadisticas.scala. Using presentation compiler with project's scala-library version: 3.3.7
2026.06.04 17:04:58 INFO  no build target found for C:\Users\USER\Desktop\TIENDAS SALES\motor_scala\Estadisticas.scala. Using presentation compiler with project's scala-library version: 3.3.7
2026.06.04 17:04:57 INFO  no build target found for C:\Users\USER\Desktop\TIENDAS SALES\motor_scala\Estadisticas.scala. Using presentation compiler with project's scala-library version: 3.3.7
2026.06.04 17:04:58 INFO  no build target found for C:\Users\USER\Desktop\TIENDAS SALES\motor_scala\Estadisticas.scala. Using presentation compiler with project's scala-library version: 3.3.7
2026.06.04 17:04:58 INFO  no build target found for C:\Users\USER\Desktop\TIENDAS SALES\motor_scala\Estadisticas.scala. Using presentation compiler with project's scala-library version: 3.3.7
2026.06.04 17:04:58 INFO  no build target found for C:\Users\USER\Desktop\TIENDAS SALES\motor_scala\Estadisticas.scala. Using presentation compiler with project's scala-library version: 3.3.7
2026.06.04 17:05:00 INFO  no build target found for C:\Users\USER\Desktop\TIENDAS SALES\motor_scala\Estadisticas.scala. Using presentation compiler with project's scala-library version: 3.3.7
2026.06.04 17:05:00 INFO  no build target found for C:\Users\USER\Desktop\TIENDAS SALES\motor_scala\Estadisticas.scala. Using presentation compiler with project's scala-library version: 3.3.7
2026.06.04 17:05:00 INFO  no build target found for C:\Users\USER\Desktop\TIENDAS SALES\motor_scala\Estadisticas.scala. Using presentation compiler with project's scala-library version: 3.3.7
2026.06.04 17:05:00 INFO  no build target found for C:\Users\USER\Desktop\TIENDAS SALES\motor_scala\Estadisticas.scala. Using presentation compiler with project's scala-library version: 3.3.7
2026.06.04 17:05:01 INFO  no build target found for C:\Users\USER\Desktop\TIENDAS SALES\motor_scala\Estadisticas.scala. Using presentation compiler with project's scala-library version: 3.3.7
2026.06.04 17:05:00 INFO  no build target found for C:\Users\USER\Desktop\TIENDAS SALES\motor_scala\Estadisticas.scala. Using presentation compiler with project's scala-library version: 3.3.7
2026.06.04 17:05:01 INFO  no build target found for C:\Users\USER\Desktop\TIENDAS SALES\motor_scala\Estadisticas.scala. Using presentation compiler with project's scala-library version: 3.3.7
2026.06.04 17:05:01 INFO  no build target found for C:\Users\USER\Desktop\TIENDAS SALES\motor_scala\Estadisticas.scala. Using presentation compiler with project's scala-library version: 3.3.7
2026.06.04 17:05:01 INFO  no build target found for C:\Users\USER\Desktop\TIENDAS SALES\motor_scala\Estadisticas.scala. Using presentation compiler with project's scala-library version: 3.3.7
2026.06.04 17:05:01 INFO  no build target found for C:\Users\USER\Desktop\TIENDAS SALES\motor_scala\Estadisticas.scala. Using presentation compiler with project's scala-library version: 3.3.7
2026.06.04 17:05:01 INFO  no build target found for C:\Users\USER\Desktop\TIENDAS SALES\motor_scala\Estadisticas.scala. Using presentation compiler with project's scala-library version: 3.3.7
2026.06.04 17:05:01 INFO  no build target found for C:\Users\USER\Desktop\TIENDAS SALES\motor_scala\Estadisticas.scala. Using presentation compiler with project's scala-library version: 3.3.7
2026.06.04 17:05:01 INFO  no build target found for C:\Users\USER\Desktop\TIENDAS SALES\motor_scala\Estadisticas.scala. Using presentation compiler with project's scala-library version: 3.3.7
2026.06.04 17:05:01 INFO  no build target found for C:\Users\USER\Desktop\TIENDAS SALES\motor_scala\Estadisticas.scala. Using presentation compiler with project's scala-library version: 3.3.7
2026.06.04 17:05:01 INFO  no build target found for C:\Users\USER\Desktop\TIENDAS SALES\motor_scala\Estadisticas.scala. Using presentation compiler with project's scala-library version: 3.3.7
2026.06.04 17:05:02 INFO  no build target found for C:\Users\USER\Desktop\TIENDAS SALES\motor_scala\Estadisticas.scala. Using presentation compiler with project's scala-library version: 3.3.7
2026.06.04 17:05:02 INFO  no build target found for C:\Users\USER\Desktop\TIENDAS SALES\motor_scala\Estadisticas.scala. Using presentation compiler with project's scala-library version: 3.3.7
2026.06.04 17:05:02 INFO  no build target found for C:\Users\USER\Desktop\TIENDAS SALES\motor_scala\Estadisticas.scala. Using presentation compiler with project's scala-library version: 3.3.7
2026.06.04 17:05:02 INFO  no build target found for C:\Users\USER\Desktop\TIENDAS SALES\motor_scala\Estadisticas.scala. Using presentation compiler with project's scala-library version: 3.3.7
2026.06.04 17:05:03 INFO  no build target found for C:\Users\USER\Desktop\TIENDAS SALES\motor_scala\Estadisticas.scala. Using presentation compiler with project's scala-library version: 3.3.7
2026.06.04 17:05:03 INFO  no build target found for C:\Users\USER\Desktop\TIENDAS SALES\motor_scala\Estadisticas.scala. Using presentation compiler with project's scala-library version: 3.3.7
2026.06.04 17:05:03 INFO  no build target found for C:\Users\USER\Desktop\TIENDAS SALES\motor_scala\Estadisticas.scala. Using presentation compiler with project's scala-library version: 3.3.7
2026.06.04 17:05:03 INFO  no build target found for C:\Users\USER\Desktop\TIENDAS SALES\motor_scala\Estadisticas.scala. Using presentation compiler with project's scala-library version: 3.3.7
2026.06.04 17:05:03 INFO  no build target found for C:\Users\USER\Desktop\TIENDAS SALES\motor_scala\Estadisticas.scala. Using presentation compiler with project's scala-library version: 3.3.7
2026.06.04 17:05:04 INFO  no build target found for C:\Users\USER\Desktop\TIENDAS SALES\motor_scala\Estadisticas.scala. Using presentation compiler with project's scala-library version: 3.3.7
2026.06.04 17:05:04 INFO  no build target found for C:\Users\USER\Desktop\TIENDAS SALES\motor_scala\Estadisticas.scala. Using presentation compiler with project's scala-library version: 3.3.7
2026.06.04 17:05:04 INFO  no build target found for C:\Users\USER\Desktop\TIENDAS SALES\motor_scala\Estadisticas.scala. Using presentation compiler with project's scala-library version: 3.3.7
2026.06.04 17:05:05 INFO  no build target found for C:\Users\USER\Desktop\TIENDAS SALES\motor_scala\Estadisticas.scala. Using presentation compiler with project's scala-library version: 3.3.7
2026.06.04 17:05:05 INFO  no build target found for C:\Users\USER\Desktop\TIENDAS SALES\motor_scala\Estadisticas.scala. Using presentation compiler with project's scala-library version: 3.3.7
2026.06.04 17:05:04 INFO  no build target found for C:\Users\USER\Desktop\TIENDAS SALES\motor_scala\Estadisticas.scala. Using presentation compiler with project's scala-library version: 3.3.7
2026.06.04 17:05:06 INFO  no build target found for C:\Users\USER\Desktop\TIENDAS SALES\motor_scala\Estadisticas.scala. Using presentation compiler with project's scala-library version: 3.3.7
2026.06.04 17:05:06 INFO  no build target found for C:\Users\USER\Desktop\TIENDAS SALES\motor_scala\Estadisticas.scala. Using presentation compiler with project's scala-library version: 3.3.7
2026.06.04 17:05:06 INFO  no build target found for C:\Users\USER\Desktop\TIENDAS SALES\motor_scala\Estadisticas.scala. Using presentation compiler with project's scala-library version: 3.3.7
2026.06.04 17:05:06 INFO  no build target found for C:\Users\USER\Desktop\TIENDAS SALES\motor_scala\Estadisticas.scala. Using presentation compiler with project's scala-library version: 3.3.7
2026.06.04 17:05:06 INFO  no build target found for C:\Users\USER\Desktop\TIENDAS SALES\motor_scala\Estadisticas.scala. Using presentation compiler with project's scala-library version: 3.3.7
2026.06.04 17:05:06 INFO  no build target found for C:\Users\USER\Desktop\TIENDAS SALES\motor_scala\Estadisticas.scala. Using presentation compiler with project's scala-library version: 3.3.7
2026.06.04 17:05:06 INFO  no build target found for C:\Users\USER\Desktop\TIENDAS SALES\motor_scala\Estadisticas.scala. Using presentation compiler with project's scala-library version: 3.3.7
2026.06.04 17:05:06 INFO  no build target found for C:\Users\USER\Desktop\TIENDAS SALES\motor_scala\Estadisticas.scala. Using presentation compiler with project's scala-library version: 3.3.7
2026.06.04 17:05:07 INFO  no build target found for C:\Users\USER\Desktop\TIENDAS SALES\motor_scala\Estadisticas.scala. Using presentation compiler with project's scala-library version: 3.3.7
2026.06.04 17:05:07 INFO  no build target found for C:\Users\USER\Desktop\TIENDAS SALES\motor_scala\Estadisticas.scala. Using presentation compiler with project's scala-library version: 3.3.7
2026.06.04 17:05:07 INFO  no build target found for C:\Users\USER\Desktop\TIENDAS SALES\motor_scala\Estadisticas.scala. Using presentation compiler with project's scala-library version: 3.3.7
2026.06.04 17:05:07 INFO  no build target found for C:\Users\USER\Desktop\TIENDAS SALES\motor_scala\Estadisticas.scala. Using presentation compiler with project's scala-library version: 3.3.7
2026.06.04 17:05:07 INFO  no build target found for C:\Users\USER\Desktop\TIENDAS SALES\motor_scala\Estadisticas.scala. Using presentation compiler with project's scala-library version: 3.3.7
2026.06.04 17:05:07 INFO  no build target found for C:\Users\USER\Desktop\TIENDAS SALES\motor_scala\Estadisticas.scala. Using presentation compiler with project's scala-library version: 3.3.7
2026.06.04 17:05:08 INFO  no build target found for C:\Users\USER\Desktop\TIENDAS SALES\motor_scala\Estadisticas.scala. Using presentation compiler with project's scala-library version: 3.3.7
2026.06.04 17:05:08 INFO  no build target found for C:\Users\USER\Desktop\TIENDAS SALES\motor_scala\Estadisticas.scala. Using presentation compiler with project's scala-library version: 3.3.7
2026.06.04 17:05:08 INFO  no build target found for C:\Users\USER\Desktop\TIENDAS SALES\motor_scala\Estadisticas.scala. Using presentation compiler with project's scala-library version: 3.3.7
2026.06.04 17:05:08 INFO  no build target found for C:\Users\USER\Desktop\TIENDAS SALES\motor_scala\Estadisticas.scala. Using presentation compiler with project's scala-library version: 3.3.7
2026.06.04 17:05:08 INFO  no build target found for C:\Users\USER\Desktop\TIENDAS SALES\motor_scala\Estadisticas.scala. Using presentation compiler with project's scala-library version: 3.3.7
2026.06.04 17:05:09 INFO  no build target found for C:\Users\USER\Desktop\TIENDAS SALES\motor_scala\Estadisticas.scala. Using presentation compiler with project's scala-library version: 3.3.7
2026.06.04 17:05:09 INFO  no build target found for C:\Users\USER\Desktop\TIENDAS SALES\motor_scala\Estadisticas.scala. Using presentation compiler with project's scala-library version: 3.3.7
2026.06.04 17:05:10 INFO  no build target found for C:\Users\USER\Desktop\TIENDAS SALES\motor_scala\Estadisticas.scala. Using presentation compiler with project's scala-library version: 3.3.7
2026.06.04 17:05:12 WARN  no build target for: C:\Users\USER\Desktop\TIENDAS SALES\motor_scala\Estadisticas.scala
2026.06.04 17:05:12 INFO  no build target found for C:\Users\USER\Desktop\TIENDAS SALES\motor_scala\Estadisticas.scala. Using presentation compiler with project's scala-library version: 3.3.7
jun. 04, 2026 5:07:27 P. M. org.eclipse.lsp4j.jsonrpc.services.GenericEndpoint notify
INFORMACIÓN: Unsupported notification method: $/setTrace
jun. 04, 2026 5:09:38 P. M. org.eclipse.lsp4j.jsonrpc.services.GenericEndpoint notify
INFORMACIÓN: Unsupported notification method: $/setTrace
jun. 04, 2026 5:09:38 P. M. org.eclipse.lsp4j.jsonrpc.services.GenericEndpoint notify
INFORMACIÓN: Unsupported notification method: $/setTrace
jun. 04, 2026 5:09:38 P. M. org.eclipse.lsp4j.jsonrpc.services.GenericEndpoint notify
INFORMACIÓN: Unsupported notification method: $/setTrace
jun. 04, 2026 5:09:38 P. M. org.eclipse.lsp4j.jsonrpc.services.GenericEndpoint notify
INFORMACIÓN: Unsupported notification method: $/setTrace
jun. 04, 2026 5:09:38 P. M. org.eclipse.lsp4j.jsonrpc.services.GenericEndpoint notify
INFORMACIÓN: Unsupported notification method: $/setTrace
jun. 04, 2026 5:09:38 P. M. org.eclipse.lsp4j.jsonrpc.services.GenericEndpoint notify
INFORMACIÓN: Unsupported notification method: $/setTrace
jun. 04, 2026 5:09:38 P. M. org.eclipse.lsp4j.jsonrpc.services.GenericEndpoint notify
INFORMACIÓN: Unsupported notification method: $/setTrace
jun. 04, 2026 5:09:38 P. M. org.eclipse.lsp4j.jsonrpc.services.GenericEndpoint notify
INFORMACIÓN: Unsupported notification method: $/setTrace
jun. 04, 2026 5:09:38 P. M. org.eclipse.lsp4j.jsonrpc.services.GenericEndpoint notify
INFORMACIÓN: Unsupported notification method: $/setTrace
jun. 04, 2026 5:12:05 P. M. org.eclipse.lsp4j.jsonrpc.services.GenericEndpoint notify
INFORMACIÓN: Unsupported notification method: $/setTrace
jun. 04, 2026 5:13:38 P. M. org.eclipse.lsp4j.jsonrpc.services.GenericEndpoint notify
INFORMACIÓN: Unsupported notification method: $/setTrace
jun. 04, 2026 5:15:04 P. M. org.eclipse.lsp4j.jsonrpc.services.GenericEndpoint notify
INFORMACIÓN: Unsupported notification method: $/setTrace
2026.06.04 17:16:29 INFO  Shutting down server
2026.06.04 17:16:29 INFO  Memory monitor stopped
2026.06.04 17:16:29 INFO  shutting down Metals
2026.06.04 17:16:29 INFO  Shut down connection with build server.
2026.06.04 17:16:29 INFO  Exiting server
2026.06.04 17:54:27 INFO  Started: Metals version 1.6.7 in folders 'C:\Users\USER\Desktop\TIENDAS SALES' for client Visual Studio Code 1.123.0.
2026.06.04 17:54:27 INFO  Memory monitor started
2026.06.04 17:54:28 WARN  Using H2 2.4.240 which is newer than the version Flyway has been verified with. The latest verified version of H2 is 2.3.232.
2026.06.04 17:54:28 WARN  no build tool detected in workspace 'C:\Users\USER\Desktop\TIENDAS SALES'. The most common cause for this problem is that the editor was opened in the wrong working directory, for example if you use sbt then the workspace directory should contain build.sbt. 
2026.06.04 17:54:28 WARN  Build server is not auto-connectable.
2026.06.04 17:54:29 INFO  Shutting down server
2026.06.04 17:54:29 INFO  Memory monitor stopped
2026.06.04 17:54:29 INFO  shutting down Metals
2026.06.04 17:54:29 INFO  Exiting server
2026.06.07 21:28:35 INFO  Started: Metals version 1.6.7 in folders 'C:\Users\USER\Desktop\TIENDAS SALES' for client Visual Studio Code 1.123.0.
2026.06.07 21:28:35 INFO  Memory monitor started
2026.06.07 21:28:36 WARN  Using H2 2.4.240 which is newer than the version Flyway has been verified with. The latest verified version of H2 is 2.3.232.
2026.06.07 21:28:36 WARN  no build tool detected in workspace 'C:\Users\USER\Desktop\TIENDAS SALES'. The most common cause for this problem is that the editor was opened in the wrong working directory, for example if you use sbt then the workspace directory should contain build.sbt. 
2026.06.07 21:28:36 WARN  Build server is not auto-connectable.
jun. 07, 2026 9:28:38 P. M. org.eclipse.lsp4j.jsonrpc.services.GenericEndpoint notify
INFORMACIÓN: Unsupported notification method: $/setTrace
jun. 07, 2026 9:33:22 P. M. org.eclipse.lsp4j.jsonrpc.services.GenericEndpoint notify
INFORMACIÓN: Unsupported notification method: $/setTrace
jun. 07, 2026 9:33:22 P. M. org.eclipse.lsp4j.jsonrpc.services.GenericEndpoint notify
INFORMACIÓN: Unsupported notification method: $/setTrace
jun. 07, 2026 9:33:22 P. M. org.eclipse.lsp4j.jsonrpc.services.GenericEndpoint notify
INFORMACIÓN: Unsupported notification method: $/setTrace
2026.06.07 21:59:03 WARN  no build target for: C:\Users\USER\Desktop\TIENDAS SALES\motor_scala\Ranking.scala
2026.06.07 21:59:03 INFO  no build target found for C:\Users\USER\Desktop\TIENDAS SALES\motor_scala\Ranking.scala. Using presentation compiler with project's scala-library version: 3.3.7
2026.06.07 21:59:03 INFO  no build target found for C:\Users\USER\Desktop\TIENDAS SALES\motor_scala\Ranking.scala. Using presentation compiler with project's scala-library version: 3.3.7
2026.06.07 21:59:06 INFO  no build target found for C:\Users\USER\Desktop\TIENDAS SALES\motor_scala\Ranking.scala. Using presentation compiler with project's scala-library version: 3.3.7
jun. 07, 2026 9:59:06 P. M. org.eclipse.lsp4j.jsonrpc.RemoteEndpoint handleCancellation
ADVERTENCIA: Unmatched cancel notification for request id 5
2026.06.07 21:59:06 INFO  no build target found for C:\Users\USER\Desktop\TIENDAS SALES\motor_scala\Ranking.scala. Using presentation compiler with project's scala-library version: 3.3.7
2026.06.07 21:59:06 INFO  no build target found for C:\Users\USER\Desktop\TIENDAS SALES\motor_scala\Ranking.scala. Using presentation compiler with project's scala-library version: 3.3.7
jun. 07, 2026 9:59:06 P. M. org.eclipse.lsp4j.jsonrpc.RemoteEndpoint handleCancellation
ADVERTENCIA: Unmatched cancel notification for request id 11
2026.06.07 21:59:06 INFO  no build target found for C:\Users\USER\Desktop\TIENDAS SALES\motor_scala\Ranking.scala. Using presentation compiler with project's scala-library version: 3.3.7
jun. 07, 2026 9:59:06 P. M. org.eclipse.lsp4j.jsonrpc.RemoteEndpoint handleCancellation
ADVERTENCIA: Unmatched cancel notification for request id 8
2026.06.07 21:59:06 INFO  no build target found for C:\Users\USER\Desktop\TIENDAS SALES\motor_scala\Ranking.scala. Using presentation compiler with project's scala-library version: 3.3.7
jun. 07, 2026 9:59:06 P. M. org.eclipse.lsp4j.jsonrpc.RemoteEndpoint handleCancellation
ADVERTENCIA: Unmatched cancel notification for request id 19
2026.06.07 21:59:08 INFO  time: code lens generation in 2.16s
2026.06.07 21:59:08 INFO  time: code lens generation in 2.2s
2026.06.07 21:59:10 INFO  no build target found for C:\Users\USER\Desktop\TIENDAS SALES\motor_scala\Ranking.scala. Using presentation compiler with project's scala-library version: 3.3.7
2026.06.07 21:59:10 INFO  no build target found for C:\Users\USER\Desktop\TIENDAS SALES\motor_scala\Ranking.scala. Using presentation compiler with project's scala-library version: 3.3.7
2026.06.07 21:59:10 INFO  no build target found for C:\Users\USER\Desktop\TIENDAS SALES\motor_scala\Ranking.scala. Using presentation compiler with project's scala-library version: 3.3.7
2026.06.07 21:59:11 INFO  no build target found for C:\Users\USER\Desktop\TIENDAS SALES\motor_scala\Ranking.scala. Using presentation compiler with project's scala-library version: 3.3.7
2026.06.07 21:59:11 INFO  no build target found for C:\Users\USER\Desktop\TIENDAS SALES\motor_scala\Ranking.scala. Using presentation compiler with project's scala-library version: 3.3.7
2026.06.07 21:59:11 INFO  no build target found for C:\Users\USER\Desktop\TIENDAS SALES\motor_scala\Ranking.scala. Using presentation compiler with project's scala-library version: 3.3.7
2026.06.07 21:59:11 INFO  no build target found for C:\Users\USER\Desktop\TIENDAS SALES\motor_scala\Ranking.scala. Using presentation compiler with project's scala-library version: 3.3.7
2026.06.07 21:59:12 INFO  no build target found for C:\Users\USER\Desktop\TIENDAS SALES\motor_scala\Ranking.scala. Using presentation compiler with project's scala-library version: 3.3.7
2026.06.07 21:59:12 INFO  no build target found for C:\Users\USER\Desktop\TIENDAS SALES\motor_scala\Ranking.scala. Using presentation compiler with project's scala-library version: 3.3.7
2026.06.07 21:59:13 INFO  no build target found for C:\Users\USER\Desktop\TIENDAS SALES\motor_scala\Ranking.scala. Using presentation compiler with project's scala-library version: 3.3.7
2026.06.07 21:59:13 INFO  no build target found for C:\Users\USER\Desktop\TIENDAS SALES\motor_scala\Ranking.scala. Using presentation compiler with project's scala-library version: 3.3.7
2026.06.07 21:59:13 INFO  no build target found for C:\Users\USER\Desktop\TIENDAS SALES\motor_scala\Ranking.scala. Using presentation compiler with project's scala-library version: 3.3.7
2026.06.07 21:59:14 INFO  no build target found for C:\Users\USER\Desktop\TIENDAS SALES\motor_scala\Ranking.scala. Using presentation compiler with project's scala-library version: 3.3.7
2026.06.07 21:59:13 INFO  no build target found for C:\Users\USER\Desktop\TIENDAS SALES\motor_scala\Ranking.scala. Using presentation compiler with project's scala-library version: 3.3.7
2026.06.07 21:59:15 INFO  no build target found for C:\Users\USER\Desktop\TIENDAS SALES\motor_scala\Ranking.scala. Using presentation compiler with project's scala-library version: 3.3.7
jun. 07, 2026 9:59:15 P. M. org.eclipse.lsp4j.jsonrpc.RemoteEndpoint handleCancellation
ADVERTENCIA: Unmatched cancel notification for request id 42
2026.06.07 21:59:15 INFO  no build target found for C:\Users\USER\Desktop\TIENDAS SALES\motor_scala\Ranking.scala. Using presentation compiler with project's scala-library version: 3.3.7
2026.06.07 21:59:15 INFO  no build target found for C:\Users\USER\Desktop\TIENDAS SALES\motor_scala\Ranking.scala. Using presentation compiler with project's scala-library version: 3.3.7
2026.06.07 21:59:16 INFO  no build target found for C:\Users\USER\Desktop\TIENDAS SALES\motor_scala\Ranking.scala. Using presentation compiler with project's scala-library version: 3.3.7
2026.06.07 21:59:16 INFO  no build target found for C:\Users\USER\Desktop\TIENDAS SALES\motor_scala\Ranking.scala. Using presentation compiler with project's scala-library version: 3.3.7
2026.06.07 21:59:16 INFO  no build target found for C:\Users\USER\Desktop\TIENDAS SALES\motor_scala\Ranking.scala. Using presentation compiler with project's scala-library version: 3.3.7
2026.06.07 21:59:16 INFO  no build target found for C:\Users\USER\Desktop\TIENDAS SALES\motor_scala\Ranking.scala. Using presentation compiler with project's scala-library version: 3.3.7
2026.06.07 21:59:16 INFO  no build target found for C:\Users\USER\Desktop\TIENDAS SALES\motor_scala\Ranking.scala. Using presentation compiler with project's scala-library version: 3.3.7
2026.06.07 21:59:17 INFO  no build target found for C:\Users\USER\Desktop\TIENDAS SALES\motor_scala\Ranking.scala. Using presentation compiler with project's scala-library version: 3.3.7
2026.06.07 21:59:18 INFO  no build target found for C:\Users\USER\Desktop\TIENDAS SALES\motor_scala\Ranking.scala. Using presentation compiler with project's scala-library version: 3.3.7
2026.06.07 21:59:22 WARN  no build target for: C:\Users\USER\Desktop\TIENDAS SALES\motor_scala\Ranking.scala
2026.06.07 21:59:22 INFO  no build target found for C:\Users\USER\Desktop\TIENDAS SALES\motor_scala\Ranking.scala. Using presentation compiler with project's scala-library version: 3.3.7
2026.06.07 21:59:22 INFO  no build target found for C:\Users\USER\Desktop\TIENDAS SALES\motor_scala\Ranking.scala. Using presentation compiler with project's scala-library version: 3.3.7
2026.06.07 21:59:23 INFO  no build target found for C:\Users\USER\Desktop\TIENDAS SALES\motor_scala\Estadisticas.scala. Using presentation compiler with project's scala-library version: 3.3.7
2026.06.07 21:59:23 INFO  no build target found for C:\Users\USER\Desktop\TIENDAS SALES\motor_scala\Estadisticas.scala. Using presentation compiler with project's scala-library version: 3.3.7
2026.06.07 21:59:23 WARN  no build target for: C:\Users\USER\Desktop\TIENDAS SALES\motor_scala\Estadisticas.scala
2026.06.07 21:59:23 INFO  no build target found for C:\Users\USER\Desktop\TIENDAS SALES\motor_scala\Estadisticas.scala. Using presentation compiler with project's scala-library version: 3.3.7
2026.06.07 21:59:23 INFO  no build target found for C:\Users\USER\Desktop\TIENDAS SALES\motor_scala\Estadisticas.scala. Using presentation compiler with project's scala-library version: 3.3.7
2026.06.07 21:59:24 INFO  no build target found for C:\Users\USER\Desktop\TIENDAS SALES\motor_scala\Estadisticas.scala. Using presentation compiler with project's scala-library version: 3.3.7
2026.06.07 21:59:26 INFO  no build target found for C:\Users\USER\Desktop\TIENDAS SALES\motor_scala\Estadisticas.scala. Using presentation compiler with project's scala-library version: 3.3.7
2026.06.07 21:59:28 INFO  no build target found for C:\Users\USER\Desktop\TIENDAS SALES\motor_scala\Estadisticas.scala. Using presentation compiler with project's scala-library version: 3.3.7
2026.06.07 21:59:28 INFO  no build target found for C:\Users\USER\Desktop\TIENDAS SALES\motor_scala\Estadisticas.scala. Using presentation compiler with project's scala-library version: 3.3.7
2026.06.07 21:59:42 INFO  no build target found for C:\Users\USER\Desktop\TIENDAS SALES\motor_scala\Estadisticas.scala. Using presentation compiler with project's scala-library version: 3.3.7
jun. 07, 2026 10:23:01 P. M. org.eclipse.lsp4j.jsonrpc.services.GenericEndpoint notify
INFORMACIÓN: Unsupported notification method: $/setTrace
jun. 07, 2026 10:23:01 P. M. org.eclipse.lsp4j.jsonrpc.services.GenericEndpoint notify
INFORMACIÓN: Unsupported notification method: $/setTrace
jun. 07, 2026 10:23:01 P. M. org.eclipse.lsp4j.jsonrpc.services.GenericEndpoint notify
INFORMACIÓN: Unsupported notification method: $/setTrace
2026.06.07 22:23:27 INFO  Shutting down server
2026.06.07 22:23:27 INFO  Memory monitor stopped
2026.06.07 22:23:27 INFO  shutting down Metals
2026.06.07 22:23:27 INFO  Exiting server
2026.06.07 22:23:35 INFO  Started: Metals version 1.6.7 in folders 'C:\Users\USER\Desktop\TIENDAS SALES' for client Visual Studio Code 1.123.0.
2026.06.07 22:23:35 INFO  Memory monitor started
2026.06.07 22:23:37 WARN  Using H2 2.4.240 which is newer than the version Flyway has been verified with. The latest verified version of H2 is 2.3.232.
jun. 07, 2026 10:23:37 P. M. org.eclipse.lsp4j.jsonrpc.services.GenericEndpoint notify
INFORMACIÓN: Unsupported notification method: $/setTrace
